legacy_url,route,language,type,draft_id,ordered_content,reference_fields
https://www.msm.digital/project/ea-need-for-speed-influencer-campaign/,/cases/ea-need-for-speed-influencer-campaign,en,caseStudy,drafts.case-msm-ea-need-for-speed-influencer-campaign-en,challengeAndSolution [challenge-solution] → resultsMetrics [results] → intertitleCTA [6f9e09fa63350227],"{""services"": [{""_type"": ""reference"", ""_ref"": ""eb1ade77-fd4b-4a0f-9d1c-08687f770c75"", ""_key"": ""60871721626d5ee6""}, {""_type"": ""reference"", ""_ref"": ""f172b651-99a4-4471-94c6-1ac402a109eb"", ""_key"": ""0d35c3d7d8c6a2df""}, {""_type"": ""reference"", ""_ref"": ""c14eb875-b2d1-4e6e-9a92-60cdc249e30b"", ""_key"": ""fa1633963e41e197""}]}"
https://www.msm.digital/project/microsoft-retail-training-per-escape-room/,/cases/microsoft-retail-training-per-escape-room,en,caseStudy,drafts.case-msm-microsoft-retail-training-per-escape-room-en,challengeAndSolution [challenge-solution] → resultsMetrics [results] → intertitleCTA [dd638b91f8adb9c2],"{""services"": [{""_type"": ""reference"", ""_ref"": ""eb1ade77-fd4b-4a0f-9d1c-08687f770c75"", ""_key"": ""60871721626d5ee6""}, {""_type"": ""reference"", ""_ref"": ""service-msm-development-en"", ""_weak"": true, ""_strengthenOnPublish"": {""type"": ""services""}, ""_key"": ""4dd7c2502efe8a3a""}, {""_type"": ""reference"", ""_ref"": ""service-msm-training-en"", ""_weak"": true, ""_strengthenOnPublish"": {""type"": ""services""}, ""_key"": ""8a980e4ea34db9a4""}]}"
https://www.msm.digital/project/snakebyte-pebble-gear-social-media/,/cases/snakebyte-pebble-gear-social-media,en,caseStudy,drafts.case-msm-snakebyte-pebble-gear-social-media-en,challengeAndSolution [challenge-solution] → resultsMetrics [results] → intertitleCTA [5d3c6b2b0f1407cb],"{""services"": [{""_type"": ""reference"", ""_ref"": ""eb1ade77-fd4b-4a0f-9d1c-08687f770c75"", ""_key"": ""60871721626d5ee6""}, {""_type"": ""reference"", ""_ref"": ""service-msm-hashtaglove-en"", ""_weak"": true, ""_strengthenOnPublish"": {""type"": ""services""}, ""_key"": ""e3d2758691d5d814""}, {""_type"": ""reference"", ""_ref"": ""f172b651-99a4-4471-94c6-1ac402a109eb"", ""_key"": ""0d35c3d7d8c6a2df""}, {""_type"": ""reference"", ""_ref"": ""c14eb875-b2d1-4e6e-9a92-60cdc249e30b"", ""_key"": ""fa1633963e41e197""}]}"
https://www.msm.digital/project/turtle-beach-digital-product-communications/,/cases/turtle-beach-digital-product-communications,en,caseStudy,drafts.case-msm-turtle-beach-digital-product-communications-en,challengeAndSolution [challenge-solution] → resultsMetrics [results] → intertitleCTA [f4d44e85b6ff0f84],"{""services"": [{""_type"": ""reference"", ""_ref"": ""service-msm-digital-signage-en"", ""_weak"": true, ""_strengthenOnPublish"": {""type"": ""services""}, ""_key"": ""131a9483d57f38ab""}, {""_type"": ""reference"", ""_ref"": ""service-msm-hashtaglove-en"", ""_weak"": true, ""_strengthenOnPublish"": {""type"": ""services""}, ""_key"": ""e3d2758691d5d814""}, {""_type"": ""reference"", ""_ref"": ""f172b651-99a4-4471-94c6-1ac402a109eb"", ""_key"": ""0d35c3d7d8c6a2df""}, {""_type"": ""reference"", ""_ref"": ""ccb58dec-5ce3-4d6d-bdc5-549e42be254b"", ""_key"": ""b7165e9345deb7d2""}, {""_type"": ""reference"", ""_ref"": ""service-msm-pr-en"", ""_weak"": true, ""_strengthenOnPublish"": {""type"": ""services""}, ""_key"": ""6aee070235f9df80""}, {""_type"": ""reference"", ""_ref"": ""c14eb875-b2d1-4e6e-9a92-60cdc249e30b"", ""_key"": ""fa1633963e41e197""}]}"
https://www.msm.digital/project/coop-queue-management/,/cases/coop-queue-management,en,caseStudy,drafts.case-msm-coop-queue-management-en,challengeAndSolution [challenge-solution] → resultsMetrics [results] → intertitleCTA [eca1b49047bd8530],"{""services"": [{""_type"": ""reference"", ""_ref"": ""ccb58dec-5ce3-4d6d-bdc5-549e42be254b"", ""_key"": ""b7165e9345deb7d2""}]}"
https://www.msm.digital/project/daikin-energy-bonus/,/cases/daikin-energy-bonus,en,caseStudy,drafts.case-msm-daikin-energy-bonus-en,challengeAndSolution [challenge-solution] → resultsMetrics [results] → intertitleCTA [50518a6aeab27ce8],"{""services"": [{""_type"": ""reference"", ""_ref"": ""service-msm-cashback-solutions-en"", ""_weak"": true, ""_strengthenOnPublish"": {""type"": ""services""}, ""_key"": ""e8df6475c2ac48de""}]}"
https://www.msm.digital/project/microsoft-trainings/,/cases/microsoft-trainings,en,caseStudy,drafts.case-msm-microsoft-trainings-en,challengeAndSolution [challenge-solution] → resultsMetrics [results] → intertitleCTA [215c8e2f39716c66],"{""services"": [{""_type"": ""reference"", ""_ref"": ""d118cc4d-59f7-44a2-9ebd-64fffd1f773f"", ""_key"": ""7fdde00c8e3c6ec7""}, {""_type"": ""reference"", ""_ref"": ""ccb58dec-5ce3-4d6d-bdc5-549e42be254b"", ""_key"": ""b7165e9345deb7d2""}, {""_type"": ""reference"", ""_ref"": ""service-msm-training-en"", ""_weak"": true, ""_strengthenOnPublish"": {""type"": ""services""}, ""_key"": ""8a980e4ea34db9a4""}]}"
https://www.msm.digital/project/ar-showrooms/,/cases/ar-showrooms,en,caseStudy,drafts.case-msm-ar-showrooms-en,challengeAndSolution [challenge-solution] → resultsMetrics [results] → intertitleCTA [ed5dc7ec3d1f2b23],"{""services"": [{""_type"": ""reference"", ""_ref"": ""e0a5b3ac-34a8-4498-8db0-b81dddd0f7fa"", ""_key"": ""dd331c0a83a6d8fd""}, {""_type"": ""reference"", ""_ref"": ""eb1ade77-fd4b-4a0f-9d1c-08687f770c75"", ""_key"": ""60871721626d5ee6""}, {""_type"": ""reference"", ""_ref"": ""service-msm-development-en"", ""_weak"": true, ""_strengthenOnPublish"": {""type"": ""services""}, ""_key"": ""4dd7c2502efe8a3a""}]}"
https://www.msm.digital/project/ubs-virtual-treasure-hunt/,/cases/ubs-virtual-treasure-hunt,en,caseStudy,drafts.case-msm-ubs-virtual-treasure-hunt-en,challengeAndSolution [challenge-solution] → resultsMetrics [results] → intertitleCTA [7181f9c3272fc57f],"{""services"": [{""_type"": ""reference"", ""_ref"": ""e0a5b3ac-34a8-4498-8db0-b81dddd0f7fa"", ""_key"": ""dd331c0a83a6d8fd""}, {""_type"": ""reference"", ""_ref"": ""eb1ade77-fd4b-4a0f-9d1c-08687f770c75"", ""_key"": ""60871721626d5ee6""}, {""_type"": ""reference"", ""_ref"": ""service-msm-development-en"", ""_weak"": true, ""_strengthenOnPublish"": {""type"": ""services""}, ""_key"": ""4dd7c2502efe8a3a""}]}"
https://www.msm.digital/project/schleich-digital-instore-activation/,/cases/schleich-digital-instore-activation,en,caseStudy,drafts.case-msm-schleich-digital-instore-activation-en,challengeAndSolution [challenge-solution] → resultsMetrics [results] → intertitleCTA [69c6efc00c0b285d],"{""services"": [{""_type"": ""reference"", ""_ref"": ""service-msm-development-en"", ""_weak"": true, ""_strengthenOnPublish"": {""type"": ""services""}, ""_key"": ""4dd7c2502efe8a3a""}, {""_type"": ""reference"", ""_ref"": ""ccb58dec-5ce3-4d6d-bdc5-549e42be254b"", ""_key"": ""b7165e9345deb7d2""}]}"
https://www.msm.digital/project/bandai-namco-pr/,/cases/bandai-namco-pr,en,caseStudy,drafts.case-msm-bandai-namco-pr-en,challengeAndSolution [challenge-solution] → resultsMetrics [results] → intertitleCTA [b1c6fdb8070419dd],"{""services"": [{""_type"": ""reference"", ""_ref"": ""service-msm-pr-en"", ""_weak"": true, ""_strengthenOnPublish"": {""type"": ""services""}, ""_key"": ""6aee070235f9df80""}]}"
https://www.msm.digital/project/brother-augmented-reality/,/cases/brother-augmented-reality,en,caseStudy,drafts.case-msm-brother-augmented-reality-en,challengeAndSolution [challenge-solution] → resultsMetrics [results] → intertitleCTA [dfdebcc66f9fe60b],"{""services"": [{""_type"": ""reference"", ""_ref"": ""eb1ade77-fd4b-4a0f-9d1c-08687f770c75"", ""_key"": ""60871721626d5ee6""}, {""_type"": ""reference"", ""_ref"": ""service-msm-ar-link-en"", ""_weak"": true, ""_strengthenOnPublish"": {""type"": ""services""}, ""_key"": ""4f91108963205488""}]}"
https://www.msm.digital/project/epic-games-fortnite-pr/,/cases/epic-games-fortnite-pr,en,caseStudy,drafts.case-msm-epic-games-fortnite-pr-en,challengeAndSolution [challenge-solution] → resultsMetrics [results] → intertitleCTA [f085bed85bef405f],"{""services"": [{""_type"": ""reference"", ""_ref"": ""service-msm-pr-en"", ""_weak"": true, ""_strengthenOnPublish"": {""type"": ""services""}, ""_key"": ""6aee070235f9df80""}]}"
https://www.msm.digital/project/minimax-virtual-reality-experience/,/cases/minimax-virtual-reality-experience,en,caseStudy,drafts.case-msm-minimax-virtual-reality-experience-en,challengeAndSolution [challenge-solution] → resultsMetrics [results] → intertitleCTA [aac222aa0db227ef],"{""services"": [{""_type"": ""reference"", ""_ref"": ""e0a5b3ac-34a8-4498-8db0-b81dddd0f7fa"", ""_key"": ""dd331c0a83a6d8fd""}, {""_type"": ""reference"", ""_ref"": ""service-msm-development-en"", ""_weak"": true, ""_strengthenOnPublish"": {""type"": ""services""}, ""_key"": ""4dd7c2502efe8a3a""}, {""_type"": ""reference"", ""_ref"": ""service-msm-mixed-reality-in-manufacturing-en"", ""_weak"": true, ""_strengthenOnPublish"": {""type"": ""services""}, ""_key"": ""6f490e7737f59a97""}]}"
https://www.msm.digital/project/microsoft-ecommerce/,/cases/microsoft-ecommerce,en,caseStudy,drafts.case-msm-microsoft-ecommerce-en,challengeAndSolution [challenge-solution] → resultsMetrics [results] → intertitleCTA [62753b6f887275ba],"{""services"": [{""_type"": ""reference"", ""_ref"": ""service-msm-development-en"", ""_weak"": true, ""_strengthenOnPublish"": {""type"": ""services""}, ""_key"": ""4dd7c2502efe8a3a""}, {""_type"": ""reference"", ""_ref"": ""ccb58dec-5ce3-4d6d-bdc5-549e42be254b"", ""_key"": ""b7165e9345deb7d2""}]}"
https://www.msm.digital/project/hatch-angrybirdsgo-turboedition-landingpage/,/cases/hatch-angrybirdsgo-turboedition-landingpage,en,caseStudy,drafts.case-msm-hatch-angrybirdsgo-turboedition-landingpage-en,challengeAndSolution [challenge-solution] → resultsMetrics [results] → intertitleCTA [4dd0ac90276fc77b],"{""services"": [{""_type"": ""reference"", ""_ref"": ""eb1ade77-fd4b-4a0f-9d1c-08687f770c75"", ""_key"": ""60871721626d5ee6""}, {""_type"": ""reference"", ""_ref"": ""service-msm-development-en"", ""_weak"": true, ""_strengthenOnPublish"": {""type"": ""services""}, ""_key"": ""4dd7c2502efe8a3a""}, {""_type"": ""reference"", ""_ref"": ""service-msm-pr-en"", ""_weak"": true, ""_strengthenOnPublish"": {""type"": ""services""}, ""_key"": ""6aee070235f9df80""}, {""_type"": ""reference"", ""_ref"": ""c14eb875-b2d1-4e6e-9a92-60cdc249e30b"", ""_key"": ""fa1633963e41e197""}]}"
https://www.msm.digital/project/microsoft-misx-furniture-rollout/,/cases/microsoft-misx-furniture-rollout,en,caseStudy,drafts.case-msm-microsoft-misx-furniture-rollout-en,challengeAndSolution [challenge-solution] → resultsMetrics [results] → intertitleCTA [a797c4305f714ad4],"{""services"": [{""_type"": ""reference"", ""_ref"": ""ccb58dec-5ce3-4d6d-bdc5-549e42be254b"", ""_key"": ""b7165e9345deb7d2""}]}"
https://www.msm.digital/project/aeg-electrolux-showkitchen-rollout/,/cases/aeg-electrolux-showkitchen-rollout,en,caseStudy,drafts.case-msm-aeg-electrolux-showkitchen-rollout-en,challengeAndSolution [challenge-solution] → resultsMetrics [results] → intertitleCTA [d842d8ac53b6aa31],"{""services"": [{""_type"": ""reference"", ""_ref"": ""ccb58dec-5ce3-4d6d-bdc5-549e42be254b"", ""_key"": ""b7165e9345deb7d2""}]}"
https://www.msm.digital/project/mr-showroom/,/cases/mr-showroom,en,caseStudy,drafts.case-msm-mr-showroom-en,challengeAndSolution [challenge-solution] → resultsMetrics [results] → intertitleCTA [33f10182f5b61819],"{""services"": [{""_type"": ""reference"", ""_ref"": ""e0a5b3ac-34a8-4498-8db0-b81dddd0f7fa"", ""_key"": ""dd331c0a83a6d8fd""}, {""_type"": ""reference"", ""_ref"": ""service-msm-mixed-reality-in-manufacturing-en"", ""_weak"": true, ""_strengthenOnPublish"": {""type"": ""services""}, ""_key"": ""6f490e7737f59a97""}]}"
https://www.msm.digital/project/dotnow-retail-experience/,/cases/dotnow-retail-experience,en,caseStudy,drafts.case-msm-dotnow-retail-experience-en,challengeAndSolution [challenge-solution] → resultsMetrics [results] → intertitleCTA [24de783b2b977b21],"{""services"": [{""_type"": ""reference"", ""_ref"": ""e0a5b3ac-34a8-4498-8db0-b81dddd0f7fa"", ""_key"": ""dd331c0a83a6d8fd""}, {""_type"": ""reference"", ""_ref"": ""service-msm-development-en"", ""_weak"": true, ""_strengthenOnPublish"": {""type"": ""services""}, ""_key"": ""4dd7c2502efe8a3a""}, {""_type"": ""reference"", ""_ref"": ""ccb58dec-5ce3-4d6d-bdc5-549e42be254b"", ""_key"": ""b7165e9345deb7d2""}]}"
https://www.msm.digital/project/erfal-eq3-influencer-cooperations/,/cases/erfal-eq3-influencer-cooperations,en,caseStudy,drafts.case-msm-erfal-eq3-influencer-cooperations-en,challengeAndSolution [challenge-solution] → intertitleCTA [56b5b5cede8e2f2a],"{""services"": [{""_type"": ""reference"", ""_ref"": ""service-msm-hashtaglove-en"", ""_weak"": true, ""_strengthenOnPublish"": {""type"": ""services""}, ""_key"": ""e3d2758691d5d814""}, {""_type"": ""reference"", ""_ref"": ""f172b651-99a4-4471-94c6-1ac402a109eb"", ""_key"": ""0d35c3d7d8c6a2df""}]}"
https://www.msm.digital/project/ea-star-wars-battlefront-influencer-marketing/,/cases/ea-star-wars-battlefront-influencer-marketing,en,caseStudy,drafts.case-msm-ea-star-wars-battlefront-influencer-marketing-en,challengeAndSolution [challenge-solution] → resultsMetrics [results] → intertitleCTA [65abc30d4b798cc2],"{""services"": [{""_type"": ""reference"", ""_ref"": ""eb1ade77-fd4b-4a0f-9d1c-08687f770c75"", ""_key"": ""60871721626d5ee6""}, {""_type"": ""reference"", ""_ref"": ""f172b651-99a4-4471-94c6-1ac402a109eb"", ""_key"": ""0d35c3d7d8c6a2df""}, {""_type"": ""reference"", ""_ref"": ""service-msm-pr-en"", ""_weak"": true, ""_strengthenOnPublish"": {""type"": ""services""}, ""_key"": ""6aee070235f9df80""}, {""_type"": ""reference"", ""_ref"": ""c14eb875-b2d1-4e6e-9a92-60cdc249e30b"", ""_key"": ""fa1633963e41e197""}]}"
https://www.msm.digital/project/oculus-european-product-launch/,/cases/oculus-european-product-launch,en,caseStudy,drafts.case-msm-oculus-european-product-launch-en,challengeAndSolution [challenge-solution] → resultsMetrics [results] → intertitleCTA [8898fef69438e4e4],"{""services"": [{""_type"": ""reference"", ""_ref"": ""d118cc4d-59f7-44a2-9ebd-64fffd1f773f"", ""_key"": ""7fdde00c8e3c6ec7""}, {""_type"": ""reference"", ""_ref"": ""ccb58dec-5ce3-4d6d-bdc5-549e42be254b"", ""_key"": ""b7165e9345deb7d2""}, {""_type"": ""reference"", ""_ref"": ""service-msm-pr-en"", ""_weak"": true, ""_strengthenOnPublish"": {""type"": ""services""}, ""_key"": ""6aee070235f9df80""}, {""_type"": ""reference"", ""_ref"": ""c14eb875-b2d1-4e6e-9a92-60cdc249e30b"", ""_key"": ""fa1633963e41e197""}, {""_type"": ""reference"", ""_ref"": ""service-msm-strategy-en"", ""_weak"": true, ""_strengthenOnPublish"": {""type"": ""services""}, ""_key"": ""bd7651ce5e5e4883""}, {""_type"": ""reference"", ""_ref"": ""service-msm-mixed-reality-in-manufacturing-en"", ""_weak"": true, ""_strengthenOnPublish"": {""type"": ""services""}, ""_key"": ""6f490e7737f59a97""}]}"
https://www.msm.digital/project/ea-fifa-pr/,/cases/ea-fifa-pr,en,caseStudy,drafts.case-msm-ea-fifa-pr-en,challengeAndSolution [challenge-solution] → resultsMetrics [results] → intertitleCTA [3ce820222d2c3520],"{""services"": [{""_type"": ""reference"", ""_ref"": ""service-msm-pr-en"", ""_weak"": true, ""_strengthenOnPublish"": {""type"": ""services""}, ""_key"": ""6aee070235f9df80""}]}"
https://www.msm.digital/project/recaro-gaming-social-media-and-pr/,/cases/recaro-gaming-social-media-and-pr,en,caseStudy,drafts.case-msm-recaro-gaming-social-media-and-pr-en,challengeAndSolution [challenge-solution] → resultsMetrics [results] → intertitleCTA [df3526168dc9f7ea],"{""services"": [{""_type"": ""reference"", ""_ref"": ""eb1ade77-fd4b-4a0f-9d1c-08687f770c75"", ""_key"": ""60871721626d5ee6""}, {""_type"": ""reference"", ""_ref"": ""f172b651-99a4-4471-94c6-1ac402a109eb"", ""_key"": ""0d35c3d7d8c6a2df""}, {""_type"": ""reference"", ""_ref"": ""service-msm-pr-en"", ""_weak"": true, ""_strengthenOnPublish"": {""type"": ""services""}, ""_key"": ""6aee070235f9df80""}, {""_type"": ""reference"", ""_ref"": ""c14eb875-b2d1-4e6e-9a92-60cdc249e30b"", ""_key"": ""fa1633963e41e197""}, {""_type"": ""reference"", ""_ref"": ""service-msm-strategy-en"", ""_weak"": true, ""_strengthenOnPublish"": {""type"": ""services""}, ""_key"": ""bd7651ce5e5e4883""}]}"
https://www.msm.digital/project/aeg-electrolux-dishwasher-virtual-reality/,/cases/aeg-electrolux-dishwasher-virtual-reality,en,caseStudy,drafts.case-msm-aeg-electrolux-dishwasher-virtual-reality-en,challengeAndSolution [challenge-solution] → resultsMetrics [results] → intertitleCTA [540e9b4071656c7f],"{""services"": [{""_type"": ""reference"", ""_ref"": ""e0a5b3ac-34a8-4498-8db0-b81dddd0f7fa"", ""_key"": ""dd331c0a83a6d8fd""}, {""_type"": ""reference"", ""_ref"": ""service-msm-development-en"", ""_weak"": true, ""_strengthenOnPublish"": {""type"": ""services""}, ""_key"": ""4dd7c2502efe8a3a""}, {""_type"": ""reference"", ""_ref"": ""ccb58dec-5ce3-4d6d-bdc5-549e42be254b"", ""_key"": ""b7165e9345deb7d2""}, {""_type"": ""reference"", ""_ref"": ""eb1ade77-fd4b-4a0f-9d1c-08687f770c75"", ""_key"": ""60871721626d5ee6""}]}"
https://www.msm.digital/project/anker-lollapalooza-truck-promotion/,/cases/anker-lollapalooza-truck-promotion,en,caseStudy,drafts.case-msm-anker-lollapalooza-truck-promotion-en,challengeAndSolution [challenge-solution] → resultsMetrics [results] → intertitleCTA [d159070d49e78a54],"{""services"": [{""_type"": ""reference"", ""_ref"": ""d118cc4d-59f7-44a2-9ebd-64fffd1f773f"", ""_key"": ""7fdde00c8e3c6ec7""}]}"
https://www.msm.digital/project/microsoft-digital-eatery/,/cases/microsoft-digital-eatery,en,caseStudy,drafts.case-msm-microsoft-digital-eatery-en,challengeAndSolution [challenge-solution] → resultsMetrics [results] → intertitleCTA [3900f536484a7b53],"{""services"": [{""_type"": ""reference"", ""_ref"": ""ccb58dec-5ce3-4d6d-bdc5-549e42be254b"", ""_key"": ""b7165e9345deb7d2""}, {""_type"": ""reference"", ""_ref"": ""eb1ade77-fd4b-4a0f-9d1c-08687f770c75"", ""_key"": ""60871721626d5ee6""}]}"
https://www.msm.digital/project/microsoft-xbox-cassette-player-photo-shoot/,/cases/microsoft-xbox-cassette-player-photo-shoot,en,caseStudy,drafts.case-msm-microsoft-xbox-cassette-player-photo-shoot-en,challengeAndSolution [challenge-solution] → resultsMetrics [results] → intertitleCTA [4af72588d85840b5],"{""services"": [{""_type"": ""reference"", ""_ref"": ""eb1ade77-fd4b-4a0f-9d1c-08687f770c75"", ""_key"": ""60871721626d5ee6""}, {""_type"": ""reference"", ""_ref"": ""c14eb875-b2d1-4e6e-9a92-60cdc249e30b"", ""_key"": ""fa1633963e41e197""}]}"
https://www.msm.digital/project/coca-cola-metarcube/,/cases/coca-cola-metarcube,en,caseStudy,drafts.case-msm-coca-cola-metarcube-en,challengeAndSolution [challenge-solution] → resultsMetrics [results] → intertitleCTA [c7e6aed54f157b04],"{""services"": [{""_type"": ""reference"", ""_ref"": ""e0a5b3ac-34a8-4498-8db0-b81dddd0f7fa"", ""_key"": ""dd331c0a83a6d8fd""}]}"
https://www.msm.digital/project/garmin-esports-cooperation/,/cases/garmin-esports-cooperation,en,caseStudy,drafts.case-msm-garmin-esports-cooperation-en,challengeAndSolution [challenge-solution] → resultsMetrics [results] → intertitleCTA [1d2b75db6b08889f],"{""services"": [{""_type"": ""reference"", ""_ref"": ""eb1ade77-fd4b-4a0f-9d1c-08687f770c75"", ""_key"": ""60871721626d5ee6""}, {""_type"": ""reference"", ""_ref"": ""service-msm-pr-en"", ""_weak"": true, ""_strengthenOnPublish"": {""type"": ""services""}, ""_key"": ""6aee070235f9df80""}, {""_type"": ""reference"", ""_ref"": ""service-msm-strategy-en"", ""_weak"": true, ""_strengthenOnPublish"": {""type"": ""services""}, ""_key"": ""bd7651ce5e5e4883""}]}"
https://www.msm.digital/project/aeg-electrolux-one2five-review-platform/,/cases/aeg-electrolux-one2five-review-platform,en,caseStudy,drafts.case-msm-aeg-electrolux-one2five-review-platform-en,challengeAndSolution [challenge-solution] → resultsMetrics [results] → intertitleCTA [fc0df9efdf312f43],"{""services"": [{""_type"": ""reference"", ""_ref"": ""service-msm-development-en"", ""_weak"": true, ""_strengthenOnPublish"": {""type"": ""services""}, ""_key"": ""4dd7c2502efe8a3a""}, {""_type"": ""reference"", ""_ref"": ""390b907a-714e-4c06-a733-845c155580ca"", ""_key"": ""667cc23770f61b02""}, {""_type"": ""reference"", ""_ref"": ""service-msm-strategy-en"", ""_weak"": true, ""_strengthenOnPublish"": {""type"": ""services""}, ""_key"": ""bd7651ce5e5e4883""}]}"
https://www.msm.digital/project/priokoll-ux-ui-and-branding/,/cases/priokoll-ux-ui-and-branding,en,caseStudy,drafts.case-msm-priokoll-ux-ui-and-branding-en,challengeAndSolution [challenge-solution] → resultsMetrics [results] → intertitleCTA [976864613c84e236],"{""services"": [{""_type"": ""reference"", ""_ref"": ""service-msm-strategy-en"", ""_weak"": true, ""_strengthenOnPublish"": {""type"": ""services""}, ""_key"": ""bd7651ce5e5e4883""}]}"
https://www.msm.digital/project/microsoft-expertzone-social-media/,/cases/microsoft-expertzone-social-media,en,caseStudy,drafts.case-msm-microsoft-expertzone-social-media-en,challengeAndSolution [challenge-solution] → resultsMetrics [results] → intertitleCTA [a773287602aab637],"{""services"": [{""_type"": ""reference"", ""_ref"": ""c14eb875-b2d1-4e6e-9a92-60cdc249e30b"", ""_key"": ""fa1633963e41e197""}, {""_type"": ""reference"", ""_ref"": ""service-msm-strategy-en"", ""_weak"": true, ""_strengthenOnPublish"": {""type"": ""services""}, ""_key"": ""bd7651ce5e5e4883""}, {""_type"": ""reference"", ""_ref"": ""service-msm-training-en"", ""_weak"": true, ""_strengthenOnPublish"": {""type"": ""services""}, ""_key"": ""8a980e4ea34db9a4""}, {""_type"": ""reference"", ""_ref"": ""eb1ade77-fd4b-4a0f-9d1c-08687f770c75"", ""_key"": ""60871721626d5ee6""}]}"
https://www.msm.digital/project/eppendorf-e-learning-concept/,/cases/eppendorf-e-learning-concept,en,caseStudy,drafts.case-msm-eppendorf-e-learning-concept-en,challengeAndSolution [challenge-solution] → resultsMetrics [results] → intertitleCTA [83f21ad833f7fb3c],"{""services"": [{""_type"": ""reference"", ""_ref"": ""eb1ade77-fd4b-4a0f-9d1c-08687f770c75"", ""_key"": ""60871721626d5ee6""}, {""_type"": ""reference"", ""_ref"": ""service-msm-training-en"", ""_weak"": true, ""_strengthenOnPublish"": {""type"": ""services""}, ""_key"": ""8a980e4ea34db9a4""}]}"
https://www.msm.digital/project/migros-ar-digital-loyalty-campaign/,/cases/migros-ar-digital-loyalty-campaign,en,caseStudy,drafts.case-msm-migros-ar-digital-loyalty-campaign-en,challengeAndSolution [challenge-solution] → resultsMetrics [results] → intertitleCTA [e7448cb16ba8bf3d],"{""services"": [{""_type"": ""reference"", ""_ref"": ""e0a5b3ac-34a8-4498-8db0-b81dddd0f7fa"", ""_key"": ""dd331c0a83a6d8fd""}, {""_type"": ""reference"", ""_ref"": ""eb1ade77-fd4b-4a0f-9d1c-08687f770c75"", ""_key"": ""60871721626d5ee6""}, {""_type"": ""reference"", ""_ref"": ""service-msm-development-en"", ""_weak"": true, ""_strengthenOnPublish"": {""type"": ""services""}, ""_key"": ""4dd7c2502efe8a3a""}, {""_type"": ""reference"", ""_ref"": ""service-msm-couplar-en"", ""_weak"": true, ""_strengthenOnPublish"": {""type"": ""services""}, ""_key"": ""6c4d55dc3264c363""}, {""_type"": ""reference"", ""_ref"": ""service-msm-strategy-en"", ""_weak"": true, ""_strengthenOnPublish"": {""type"": ""services""}, ""_key"": ""bd7651ce5e5e4883""}]}"
https://www.msm.digital/project/jakks-pacifik-harry-potter-magic-wand-activation/,/cases/jakks-pacifik-harry-potter-magic-wand-activation,en,caseStudy,drafts.case-msm-jakks-pacifik-harry-potter-magic-wand-activation-en,challengeAndSolution [challenge-solution] → resultsMetrics [results] → intertitleCTA [bf1d0663b7070fcc],"{""services"": [{""_type"": ""reference"", ""_ref"": ""d118cc4d-59f7-44a2-9ebd-64fffd1f773f"", ""_key"": ""7fdde00c8e3c6ec7""}]}"
https://www.msm.digital/project/samsung-sales-training/,/cases/samsung-sales-training,en,caseStudy,drafts.case-msm-samsung-sales-training-en,challengeAndSolution [challenge-solution] → resultsMetrics [results] → intertitleCTA [e191c6bdc9ee9b4d],"{""services"": [{""_type"": ""reference"", ""_ref"": ""d118cc4d-59f7-44a2-9ebd-64fffd1f773f"", ""_key"": ""7fdde00c8e3c6ec7""}, {""_type"": ""reference"", ""_ref"": ""ccb58dec-5ce3-4d6d-bdc5-549e42be254b"", ""_key"": ""b7165e9345deb7d2""}, {""_type"": ""reference"", ""_ref"": ""service-msm-training-en"", ""_weak"": true, ""_strengthenOnPublish"": {""type"": ""services""}, ""_key"": ""8a980e4ea34db9a4""}]}"
https://www.msm.digital/project/ea-the-sims-tiktok-influencer-marketing/,/cases/ea-the-sims-tiktok-influencer-marketing,en,caseStudy,drafts.case-msm-ea-the-sims-tiktok-influencer-marketing-en,challengeAndSolution [challenge-solution] → resultsMetrics [results] → intertitleCTA [5cf83779e030eb28],"{""services"": [{""_type"": ""reference"", ""_ref"": ""f172b651-99a4-4471-94c6-1ac402a109eb"", ""_key"": ""0d35c3d7d8c6a2df""}, {""_type"": ""reference"", ""_ref"": ""c14eb875-b2d1-4e6e-9a92-60cdc249e30b"", ""_key"": ""fa1633963e41e197""}]}"
https://www.msm.digital/project/bigben-consumer-electronics-activation/,/cases/bigben-consumer-electronics-activation,en,caseStudy,drafts.case-msm-bigben-consumer-electronics-activation-en,challengeAndSolution [challenge-solution] → resultsMetrics [results] → intertitleCTA [42c1ea9052ce499d],"{""services"": [{""_type"": ""reference"", ""_ref"": ""service-msm-pr-en"", ""_weak"": true, ""_strengthenOnPublish"": {""type"": ""services""}, ""_key"": ""6aee070235f9df80""}, {""_type"": ""reference"", ""_ref"": ""c14eb875-b2d1-4e6e-9a92-60cdc249e30b"", ""_key"": ""fa1633963e41e197""}]}"
https://www.msm.digital/project/warner-bros-lego-games-brand-communication/,/cases/warner-bros-lego-games-brand-communication,en,caseStudy,drafts.case-msm-warner-bros-lego-games-brand-communication-en,challengeAndSolution [challenge-solution] → resultsMetrics [results] → intertitleCTA [9c45ff711d6c6205],"{""services"": [{""_type"": ""reference"", ""_ref"": ""service-msm-pr-en"", ""_weak"": true, ""_strengthenOnPublish"": {""type"": ""services""}, ""_key"": ""6aee070235f9df80""}]}"
https://www.msm.digital/project/obi-influencer-campaign/,/cases/obi-influencer-campaign,en,caseStudy,drafts.case-msm-obi-influencer-campaign-en,challengeAndSolution [challenge-solution] → resultsMetrics [results] → intertitleCTA [96b95bf7cf8a5d94],"{""services"": [{""_type"": ""reference"", ""_ref"": ""service-msm-hashtaglove-en"", ""_weak"": true, ""_strengthenOnPublish"": {""type"": ""services""}, ""_key"": ""e3d2758691d5d814""}, {""_type"": ""reference"", ""_ref"": ""f172b651-99a4-4471-94c6-1ac402a109eb"", ""_key"": ""0d35c3d7d8c6a2df""}]}"
https://www.msm.digital/project/ernst-klett-verlag-printed-content-enrichment/,/cases/ernst-klett-verlag-printed-content-enrichment,en,caseStudy,drafts.case-msm-ernst-klett-verlag-printed-content-enrichment-en,challengeAndSolution [challenge-solution] → resultsMetrics [results] → intertitleCTA [daa7c93eaa44857c],"{""services"": [{""_type"": ""reference"", ""_ref"": ""service-msm-couplar-en"", ""_weak"": true, ""_strengthenOnPublish"": {""type"": ""services""}, ""_key"": ""6c4d55dc3264c363""}]}"
https://www.msm.digital/project/ea-sims4-influencer-marketing/,/cases/ea-sims4-influencer-marketing,en,caseStudy,drafts.case-msm-ea-sims4-influencer-marketing-en,challengeAndSolution [challenge-solution] → resultsMetrics [results] → intertitleCTA [5c53c5d855e0c1c3],"{""services"": [{""_type"": ""reference"", ""_ref"": ""service-msm-pr-en"", ""_weak"": true, ""_strengthenOnPublish"": {""type"": ""services""}, ""_key"": ""6aee070235f9df80""}, {""_type"": ""reference"", ""_ref"": ""c14eb875-b2d1-4e6e-9a92-60cdc249e30b"", ""_key"": ""fa1633963e41e197""}, {""_type"": ""reference"", ""_ref"": ""f172b651-99a4-4471-94c6-1ac402a109eb"", ""_key"": ""0d35c3d7d8c6a2df""}, {""_type"": ""reference"", ""_ref"": ""eb1ade77-fd4b-4a0f-9d1c-08687f770c75"", ""_key"": ""60871721626d5ee6""}]}"
https://www.msm.digital/project/sparkasse-reviews-and-ratings-strategy/,/cases/sparkasse-reviews-and-ratings-strategy,en,caseStudy,drafts.case-msm-sparkasse-reviews-and-ratings-strategy-en,challengeAndSolution [challenge-solution] → resultsMetrics [results] → intertitleCTA [1d7146908f451f86],"{""services"": [{""_type"": ""reference"", ""_ref"": ""390b907a-714e-4c06-a733-845c155580ca"", ""_key"": ""667cc23770f61b02""}, {""_type"": ""reference"", ""_ref"": ""service-msm-strategy-en"", ""_weak"": true, ""_strengthenOnPublish"": {""type"": ""services""}, ""_key"": ""bd7651ce5e5e4883""}]}"
https://www.msm.digital/project/hisense-uefa-cashback/,/cases/hisense-uefa-cashback,en,caseStudy,drafts.case-msm-hisense-uefa-cashback-en,challengeAndSolution [challenge-solution] → resultsMetrics [results] → intertitleCTA [4ece68538ddd4ef9],"{""services"": [{""_type"": ""reference"", ""_ref"": ""service-msm-cashback-solutions-en"", ""_weak"": true, ""_strengthenOnPublish"": {""type"": ""services""}, ""_key"": ""e8df6475c2ac48de""}]}"
https://www.msm.digital/project/ring-retail-marketing/,/cases/ring-retail-marketing,en,caseStudy,drafts.case-msm-ring-retail-marketing-en,challengeAndSolution [challenge-solution] → resultsMetrics [results] → intertitleCTA [abb4f0d690697967],"{""services"": [{""_type"": ""reference"", ""_ref"": ""d118cc4d-59f7-44a2-9ebd-64fffd1f773f"", ""_key"": ""7fdde00c8e3c6ec7""}, {""_type"": ""reference"", ""_ref"": ""ccb58dec-5ce3-4d6d-bdc5-549e42be254b"", ""_key"": ""b7165e9345deb7d2""}]}"
https://www.msm.digital/project/parrot-retail-marketing/,/cases/parrot-retail-marketing,en,caseStudy,drafts.case-msm-parrot-retail-marketing-en,challengeAndSolution [challenge-solution] → resultsMetrics [results] → intertitleCTA [b729c6734201308a],"{""services"": [{""_type"": ""reference"", ""_ref"": ""d118cc4d-59f7-44a2-9ebd-64fffd1f773f"", ""_key"": ""7fdde00c8e3c6ec7""}, {""_type"": ""reference"", ""_ref"": ""ccb58dec-5ce3-4d6d-bdc5-549e42be254b"", ""_key"": ""b7165e9345deb7d2""}]}"
https://www.msm.digital/project/reifen-helm-digital-marketing/,/cases/reifen-helm-digital-marketing,en,caseStudy,drafts.case-msm-reifen-helm-digital-marketing-en,challengeAndSolution [challenge-solution] → resultsMetrics [results] → intertitleCTA [2142afe8ce9caff3],"{""services"": [{""_type"": ""reference"", ""_ref"": ""service-msm-development-en"", ""_weak"": true, ""_strengthenOnPublish"": {""type"": ""services""}, ""_key"": ""4dd7c2502efe8a3a""}, {""_type"": ""reference"", ""_ref"": ""c14eb875-b2d1-4e6e-9a92-60cdc249e30b"", ""_key"": ""fa1633963e41e197""}, {""_type"": ""reference"", ""_ref"": ""service-msm-strategy-en"", ""_weak"": true, ""_strengthenOnPublish"": {""type"": ""services""}, ""_key"": ""bd7651ce5e5e4883""}, {""_type"": ""reference"", ""_ref"": ""eb1ade77-fd4b-4a0f-9d1c-08687f770c75"", ""_key"": ""60871721626d5ee6""}]}"
https://www.msm.digital/project/merlin-entertainments-sea-life-digital-queue-entertainment/,/cases/merlin-entertainments-sea-life-digital-queue-entertainment,en,caseStudy,drafts.case-msm-merlin-entertainments-sea-life-digital-queue-entertainment-en,challengeAndSolution [challenge-solution] → resultsMetrics [results] → intertitleCTA [8d4d60e6698123db],"{""services"": [{""_type"": ""reference"", ""_ref"": ""service-msm-development-en"", ""_weak"": true, ""_strengthenOnPublish"": {""type"": ""services""}, ""_key"": ""4dd7c2502efe8a3a""}, {""_type"": ""reference"", ""_ref"": ""service-msm-digital-signage-en"", ""_weak"": true, ""_strengthenOnPublish"": {""type"": ""services""}, ""_key"": ""131a9483d57f38ab""}, {""_type"": ""reference"", ""_ref"": ""service-msm-training-en"", ""_weak"": true, ""_strengthenOnPublish"": {""type"": ""services""}, ""_key"": ""8a980e4ea34db9a4""}]}"
https://www.msm.digital/project/anker-and-soundcore-retail-space-experience/,/cases/anker-and-soundcore-retail-space-experience,en,caseStudy,drafts.case-msm-anker-and-soundcore-retail-space-experience-en,challengeAndSolution [challenge-solution] → resultsMetrics [results] → intertitleCTA [6e46e23e64c10bc7],"{""services"": [{""_type"": ""reference"", ""_ref"": ""ccb58dec-5ce3-4d6d-bdc5-549e42be254b"", ""_key"": ""b7165e9345deb7d2""}]}"
https://www.msm.digital/project/expert-augmented-reality-product-experience/,/cases/expert-augmented-reality-product-experience,en,caseStudy,drafts.case-msm-expert-augmented-reality-product-experience-en,challengeAndSolution [challenge-solution] → resultsMetrics [results] → intertitleCTA [129049ca42b3a7bd],"{""services"": [{""_type"": ""reference"", ""_ref"": ""e0a5b3ac-34a8-4498-8db0-b81dddd0f7fa"", ""_key"": ""dd331c0a83a6d8fd""}, {""_type"": ""reference"", ""_ref"": ""service-msm-ar-link-en"", ""_weak"": true, ""_strengthenOnPublish"": {""type"": ""services""}, ""_key"": ""4f91108963205488""}, {""_type"": ""reference"", ""_ref"": ""eb1ade77-fd4b-4a0f-9d1c-08687f770c75"", ""_key"": ""60871721626d5ee6""}]}"
https://www.msm.digital/project/tiktok-influencer-campaign/,/cases/tiktok-influencer-campaign,en,caseStudy,drafts.case-msm-tiktok-influencer-campaign-en,challengeAndSolution [challenge-solution] → resultsMetrics [results] → intertitleCTA [0d5a4849cdb5d249],"{""services"": [{""_type"": ""reference"", ""_ref"": ""service-msm-hashtaglove-en"", ""_weak"": true, ""_strengthenOnPublish"": {""type"": ""services""}, ""_key"": ""e3d2758691d5d814""}, {""_type"": ""reference"", ""_ref"": ""f172b651-99a4-4471-94c6-1ac402a109eb"", ""_key"": ""0d35c3d7d8c6a2df""}]}"
https://www.msm.digital/project/hermes-arzneimittel-employer-branding/,/cases/hermes-arzneimittel-employer-branding,en,caseStudy,drafts.case-msm-hermes-arzneimittel-employer-branding-en,challengeAndSolution [challenge-solution] → resultsMetrics [results] → intertitleCTA [f0383333f7b86eeb],"{""services"": [{""_type"": ""reference"", ""_ref"": ""eb1ade77-fd4b-4a0f-9d1c-08687f770c75"", ""_key"": ""60871721626d5ee6""}, {""_type"": ""reference"", ""_ref"": ""service-msm-development-en"", ""_weak"": true, ""_strengthenOnPublish"": {""type"": ""services""}, ""_key"": ""4dd7c2502efe8a3a""}, {""_type"": ""reference"", ""_ref"": ""c14eb875-b2d1-4e6e-9a92-60cdc249e30b"", ""_key"": ""fa1633963e41e197""}, {""_type"": ""reference"", ""_ref"": ""service-msm-strategy-en"", ""_weak"": true, ""_strengthenOnPublish"": {""type"": ""services""}, ""_key"": ""bd7651ce5e5e4883""}]}"
https://www.msm.digital/project/avm-shelf-system-optimization/,/cases/avm-shelf-system-optimization,en,caseStudy,drafts.case-msm-avm-shelf-system-optimization-en,challengeAndSolution [challenge-solution] → resultsMetrics [results] → intertitleCTA [0a93ecae9dbd7ac2],"{""services"": [{""_type"": ""reference"", ""_ref"": ""ccb58dec-5ce3-4d6d-bdc5-549e42be254b"", ""_key"": ""b7165e9345deb7d2""}]}"
https://www.msm.digital/project/nespresso-okr-vizualization/,/cases/nespresso-okr-vizualization,en,caseStudy,drafts.case-msm-nespresso-okr-vizualization-en,challengeAndSolution [challenge-solution] → resultsMetrics [results] → intertitleCTA [268db750b98a3234],"{""services"": [{""_type"": ""reference"", ""_ref"": ""ccb58dec-5ce3-4d6d-bdc5-549e42be254b"", ""_key"": ""b7165e9345deb7d2""}, {""_type"": ""reference"", ""_ref"": ""service-msm-strategy-en"", ""_weak"": true, ""_strengthenOnPublish"": {""type"": ""services""}, ""_key"": ""bd7651ce5e5e4883""}]}"
https://www.msm.digital/project/riot-games-valorant-gen-z-advent-calendar/,/cases/riot-games-valorant-gen-z-advent-calendar,en,caseStudy,drafts.case-msm-riot-games-valorant-gen-z-advent-calendar-en,challengeAndSolution [challenge-solution] → resultsMetrics [results] → intertitleCTA [5c12c738de685c4a],"{""services"": [{""_type"": ""reference"", ""_ref"": ""eb1ade77-fd4b-4a0f-9d1c-08687f770c75"", ""_key"": ""60871721626d5ee6""}, {""_type"": ""reference"", ""_ref"": ""c14eb875-b2d1-4e6e-9a92-60cdc249e30b"", ""_key"": ""fa1633963e41e197""}]}"
https://www.msm.digital/project/warner-pr-experiential-events/,/cases/warner-pr-experiential-events,en,caseStudy,drafts.case-msm-warner-pr-experiential-events-en,challengeAndSolution [challenge-solution] → resultsMetrics [results] → intertitleCTA [98226f062a9aa851],"{""services"": [{""_type"": ""reference"", ""_ref"": ""d118cc4d-59f7-44a2-9ebd-64fffd1f773f"", ""_key"": ""7fdde00c8e3c6ec7""}, {""_type"": ""reference"", ""_ref"": ""service-msm-pr-en"", ""_weak"": true, ""_strengthenOnPublish"": {""type"": ""services""}, ""_key"": ""6aee070235f9df80""}]}"
https://www.msm.digital/project/edeka-influencer-marketing/,/cases/edeka-influencer-marketing,en,caseStudy,drafts.case-msm-edeka-influencer-marketing-en,challengeAndSolution [challenge-solution] → resultsMetrics [results] → intertitleCTA [54c92cded8408071],"{""services"": [{""_type"": ""reference"", ""_ref"": ""service-msm-hashtaglove-en"", ""_weak"": true, ""_strengthenOnPublish"": {""type"": ""services""}, ""_key"": ""e3d2758691d5d814""}, {""_type"": ""reference"", ""_ref"": ""f172b651-99a4-4471-94c6-1ac402a109eb"", ""_key"": ""0d35c3d7d8c6a2df""}]}"
https://www.msm.digital/project/merlin-skreeens-digital-signage/,/cases/merlin-skreeens-digital-signage,en,caseStudy,drafts.case-msm-merlin-skreeens-digital-signage-en,challengeAndSolution [challenge-solution] → resultsMetrics [results] → intertitleCTA [c19224b82929af52],"{""services"": [{""_type"": ""reference"", ""_ref"": ""service-msm-development-en"", ""_weak"": true, ""_strengthenOnPublish"": {""type"": ""services""}, ""_key"": ""4dd7c2502efe8a3a""}, {""_type"": ""reference"", ""_ref"": ""service-msm-digital-signage-en"", ""_weak"": true, ""_strengthenOnPublish"": {""type"": ""services""}, ""_key"": ""131a9483d57f38ab""}, {""_type"": ""reference"", ""_ref"": ""ccb58dec-5ce3-4d6d-bdc5-549e42be254b"", ""_key"": ""b7165e9345deb7d2""}]}"
https://www.msm.digital/project/riot-games-social-media-activation/,/cases/riot-games-social-media-activation,en,caseStudy,drafts.case-msm-riot-games-social-media-activation-en,challengeAndSolution [challenge-solution] → resultsMetrics [results] → intertitleCTA [124889a21b06bec1],"{""services"": [{""_type"": ""reference"", ""_ref"": ""eb1ade77-fd4b-4a0f-9d1c-08687f770c75"", ""_key"": ""60871721626d5ee6""}, {""_type"": ""reference"", ""_ref"": ""c14eb875-b2d1-4e6e-9a92-60cdc249e30b"", ""_key"": ""fa1633963e41e197""}]}"
https://www.msm.digital/project/ubs-global-employer-branding/,/cases/ubs-global-employer-branding,en,caseStudy,drafts.case-msm-ubs-global-employer-branding-en,challengeAndSolution [challenge-solution] → resultsMetrics [results] → intertitleCTA [31d294e31b885883],"{""services"": [{""_type"": ""reference"", ""_ref"": ""eb1ade77-fd4b-4a0f-9d1c-08687f770c75"", ""_key"": ""60871721626d5ee6""}, {""_type"": ""reference"", ""_ref"": ""c14eb875-b2d1-4e6e-9a92-60cdc249e30b"", ""_key"": ""fa1633963e41e197""}, {""_type"": ""reference"", ""_ref"": ""service-msm-strategy-en"", ""_weak"": true, ""_strengthenOnPublish"": {""type"": ""services""}, ""_key"": ""bd7651ce5e5e4883""}]}"
https://www.msm.digital/project/can-do-marketing-strategy/,/cases/can-do-marketing-strategy,en,caseStudy,drafts.case-msm-can-do-marketing-strategy-en,challengeAndSolution [challenge-solution] → resultsMetrics [results] → intertitleCTA [22393d4b9ae26168],"{""services"": [{""_type"": ""reference"", ""_ref"": ""service-msm-development-en"", ""_weak"": true, ""_strengthenOnPublish"": {""type"": ""services""}, ""_key"": ""4dd7c2502efe8a3a""}, {""_type"": ""reference"", ""_ref"": ""service-msm-strategy-en"", ""_weak"": true, ""_strengthenOnPublish"": {""type"": ""services""}, ""_key"": ""bd7651ce5e5e4883""}]}"
https://www.msm.digital/project/acer-social-media/,/cases/acer-social-media,en,caseStudy,drafts.case-msm-acer-social-media-en,challengeAndSolution [challenge-solution] → resultsMetrics [results] → intertitleCTA [077810b92c57df73],"{""services"": [{""_type"": ""reference"", ""_ref"": ""eb1ade77-fd4b-4a0f-9d1c-08687f770c75"", ""_key"": ""60871721626d5ee6""}, {""_type"": ""reference"", ""_ref"": ""c14eb875-b2d1-4e6e-9a92-60cdc249e30b"", ""_key"": ""fa1633963e41e197""}]}"
https://www.msm.digital/de/project/turtle-beach-digitale-produkt-kommunikation/,/de/cases/turtle-beach-digitale-produkt-kommunikation,de,caseStudy,drafts.case-msm-turtle-beach-digitale-produkt-kommunikation-de,challengeAndSolution [challenge-solution] → resultsMetrics [results] → intertitleCTA [eddee32a9a3a3dcc],"{""services"": [{""_type"": ""reference"", ""_ref"": ""service-msm-digital-signage-de"", ""_weak"": true, ""_strengthenOnPublish"": {""type"": ""services""}, ""_key"": ""6c11130d9470144f""}, {""_type"": ""reference"", ""_ref"": ""service-msm-experiential-marketing-de"", ""_weak"": true, ""_strengthenOnPublish"": {""type"": ""services""}, ""_key"": ""33db4ef0c919ae34""}, {""_type"": ""reference"", ""_ref"": ""service-msm-hashtaglove-de"", ""_weak"": true, ""_strengthenOnPublish"": {""type"": ""services""}, ""_key"": ""d3bab37b06b7ea51""}, {""_type"": ""reference"", ""_ref"": ""service-msm-influencer-marketing-de"", ""_weak"": true, ""_strengthenOnPublish"": {""type"": ""services""}, ""_key"": ""efd96d96d8224e11""}, {""_type"": ""reference"", ""_ref"": ""service-msm-pos-marketing-de"", ""_weak"": true, ""_strengthenOnPublish"": {""type"": ""services""}, ""_key"": ""9ffa6c9573843237""}, {""_type"": ""reference"", ""_ref"": ""service-msm-pr-de"", ""_weak"": true, ""_strengthenOnPublish"": {""type"": ""services""}, ""_key"": ""296402b40a12cba3""}, {""_type"": ""reference"", ""_ref"": ""service-msm-social-media-de"", ""_weak"": true, ""_strengthenOnPublish"": {""type"": ""services""}, ""_key"": ""b47b8a3c0832503d""}]}"
https://www.msm.digital/de/project/microsoft-expertzone-social-media/,/de/cases/microsoft-expertzone-social-media,de,caseStudy,drafts.case-msm-microsoft-expertzone-social-media-de,challengeAndSolution [challenge-solution] → resultsMetrics [results] → intertitleCTA [5211327121c056a4],"{""services"": [{""_type"": ""reference"", ""_ref"": ""service-msm-social-media-de"", ""_weak"": true, ""_strengthenOnPublish"": {""type"": ""services""}, ""_key"": ""b47b8a3c0832503d""}, {""_type"": ""reference"", ""_ref"": ""service-msm-strategy-de"", ""_weak"": true, ""_strengthenOnPublish"": {""type"": ""services""}, ""_key"": ""c118d943d9b8a3bc""}, {""_type"": ""reference"", ""_ref"": ""service-msm-training-de"", ""_weak"": true, ""_strengthenOnPublish"": {""type"": ""services""}, ""_key"": ""3f1d68c9f8f93bcd""}, {""_type"": ""reference"", ""_ref"": ""service-msm-content-kreation-de"", ""_weak"": true, ""_strengthenOnPublish"": {""type"": ""services""}, ""_key"": ""4306b63c9dbe2e5e""}]}"
https://www.msm.digital/de/project/anker-und-soundcore-retail-space-experience/,/de/cases/anker-und-soundcore-retail-space-experience,de,caseStudy,drafts.case-msm-anker-und-soundcore-retail-space-experience-de,challengeAndSolution [challenge-solution] → resultsMetrics [results] → intertitleCTA [94d4e3f69af698b8],"{""services"": [{""_type"": ""reference"", ""_ref"": ""service-msm-pos-marketing-de"", ""_weak"": true, ""_strengthenOnPublish"": {""type"": ""services""}, ""_key"": ""9ffa6c9573843237""}]}"
https://www.msm.digital/de/project/ea-star-wars-battlefront-influencer-marketing/,/de/cases/ea-star-wars-battlefront-influencer-marketing,de,caseStudy,drafts.case-msm-ea-star-wars-battlefront-influencer-marketing-de,challengeAndSolution [challenge-solution] → resultsMetrics [results] → intertitleCTA [c5482953e4499700],"{""services"": [{""_type"": ""reference"", ""_ref"": ""service-msm-influencer-marketing-de"", ""_weak"": true, ""_strengthenOnPublish"": {""type"": ""services""}, ""_key"": ""efd96d96d8224e11""}, {""_type"": ""reference"", ""_ref"": ""service-msm-pr-de"", ""_weak"": true, ""_strengthenOnPublish"": {""type"": ""services""}, ""_key"": ""296402b40a12cba3""}, {""_type"": ""reference"", ""_ref"": ""service-msm-social-media-de"", ""_weak"": true, ""_strengthenOnPublish"": {""type"": ""services""}, ""_key"": ""b47b8a3c0832503d""}, {""_type"": ""reference"", ""_ref"": ""service-msm-content-kreation-de"", ""_weak"": true, ""_strengthenOnPublish"": {""type"": ""services""}, ""_key"": ""4306b63c9dbe2e5e""}]}"
https://www.msm.digital/de/project/eppendorf-e-learning/,/de/cases/eppendorf-e-learning,de,caseStudy,drafts.case-msm-eppendorf-e-learning-de,challengeAndSolution [challenge-solution] → resultsMetrics [results] → intertitleCTA [e8851eca4914f139],"{""services"": [{""_type"": ""reference"", ""_ref"": ""service-msm-content-kreation-de"", ""_weak"": true, ""_strengthenOnPublish"": {""type"": ""services""}, ""_key"": ""4306b63c9dbe2e5e""}, {""_type"": ""reference"", ""_ref"": ""service-msm-training-de"", ""_weak"": true, ""_strengthenOnPublish"": {""type"": ""services""}, ""_key"": ""3f1d68c9f8f93bcd""}]}"
https://www.msm.digital/de/project/microsoft-xbox-cassette-player-fotoshooting/,/de/cases/microsoft-xbox-cassette-player-fotoshooting,de,caseStudy,drafts.case-msm-microsoft-xbox-cassette-player-fotoshooting-de,challengeAndSolution [challenge-solution] → resultsMetrics [results] → intertitleCTA [aae58116de284bbe],"{""services"": [{""_type"": ""reference"", ""_ref"": ""service-msm-content-kreation-de"", ""_weak"": true, ""_strengthenOnPublish"": {""type"": ""services""}, ""_key"": ""4306b63c9dbe2e5e""}, {""_type"": ""reference"", ""_ref"": ""service-msm-social-media-de"", ""_weak"": true, ""_strengthenOnPublish"": {""type"": ""services""}, ""_key"": ""b47b8a3c0832503d""}]}"
https://www.msm.digital/de/project/riot-games-valorant-gen-z-adventskalender/,/de/cases/riot-games-valorant-gen-z-adventskalender,de,caseStudy,drafts.case-msm-riot-games-valorant-gen-z-adventskalender-de,challengeAndSolution [challenge-solution] → resultsMetrics [results] → intertitleCTA [f721c1a17e5ef9b9],"{""services"": [{""_type"": ""reference"", ""_ref"": ""service-msm-content-kreation-de"", ""_weak"": true, ""_strengthenOnPublish"": {""type"": ""services""}, ""_key"": ""4306b63c9dbe2e5e""}, {""_type"": ""reference"", ""_ref"": ""service-msm-social-media-de"", ""_weak"": true, ""_strengthenOnPublish"": {""type"": ""services""}, ""_key"": ""b47b8a3c0832503d""}]}"
https://www.msm.digital/de/project/expert-augmented-reality-produkterlebnis/,/de/cases/expert-augmented-reality-produkterlebnis,de,caseStudy,drafts.case-msm-expert-augmented-reality-produkterlebnis-de,challengeAndSolution [challenge-solution] → resultsMetrics [results] → intertitleCTA [99322922d6230267],"{""services"": [{""_type"": ""reference"", ""_ref"": ""service-msm-augmented-and-virtual-reality-de"", ""_weak"": true, ""_strengthenOnPublish"": {""type"": ""services""}, ""_key"": ""ba7fb38a0ce63701""}, {""_type"": ""reference"", ""_ref"": ""service-msm-ar-link-de"", ""_weak"": true, ""_strengthenOnPublish"": {""type"": ""services""}, ""_key"": ""fde1e5eee412ed1a""}, {""_type"": ""reference"", ""_ref"": ""service-msm-content-kreation-de"", ""_weak"": true, ""_strengthenOnPublish"": {""type"": ""services""}, ""_key"": ""4306b63c9dbe2e5e""}]}"
https://www.msm.digital/de/project/brother-augmented-reality/,/de/cases/brother-augmented-reality,de,caseStudy,drafts.case-msm-brother-augmented-reality-de,challengeAndSolution [challenge-solution] → resultsMetrics [results] → intertitleCTA [f4cddf37a66369e0],"{""services"": [{""_type"": ""reference"", ""_ref"": ""service-msm-ar-link-de"", ""_weak"": true, ""_strengthenOnPublish"": {""type"": ""services""}, ""_key"": ""fde1e5eee412ed1a""}, {""_type"": ""reference"", ""_ref"": ""service-msm-content-kreation-de"", ""_weak"": true, ""_strengthenOnPublish"": {""type"": ""services""}, ""_key"": ""4306b63c9dbe2e5e""}]}"
https://www.msm.digital/de/project/retail-training-per-escape-room/,/de/cases/retail-training-per-escape-room,de,caseStudy,drafts.case-msm-retail-training-per-escape-room-de,challengeAndSolution [challenge-solution] → resultsMetrics [results] → intertitleCTA [d0abf77effc2a494],"{""services"": [{""_type"": ""reference"", ""_ref"": ""service-msm-content-kreation-de"", ""_weak"": true, ""_strengthenOnPublish"": {""type"": ""services""}, ""_key"": ""4306b63c9dbe2e5e""}, {""_type"": ""reference"", ""_ref"": ""service-msm-development-de"", ""_weak"": true, ""_strengthenOnPublish"": {""type"": ""services""}, ""_key"": ""d5188da632b002cd""}, {""_type"": ""reference"", ""_ref"": ""service-msm-training-de"", ""_weak"": true, ""_strengthenOnPublish"": {""type"": ""services""}, ""_key"": ""3f1d68c9f8f93bcd""}]}"
https://www.msm.digital/de/project/ea-need-for-speed-influencer-kampagne/,/de/cases/ea-need-for-speed-influencer-kampagne,de,caseStudy,drafts.case-msm-ea-need-for-speed-influencer-kampagne-de,challengeAndSolution [challenge-solution] → resultsMetrics [results] → intertitleCTA [81a1a74f4d530c81],"{""services"": [{""_type"": ""reference"", ""_ref"": ""service-msm-content-kreation-de"", ""_weak"": true, ""_strengthenOnPublish"": {""type"": ""services""}, ""_key"": ""4306b63c9dbe2e5e""}, {""_type"": ""reference"", ""_ref"": ""service-msm-influencer-marketing-de"", ""_weak"": true, ""_strengthenOnPublish"": {""type"": ""services""}, ""_key"": ""efd96d96d8224e11""}, {""_type"": ""reference"", ""_ref"": ""service-msm-social-media-de"", ""_weak"": true, ""_strengthenOnPublish"": {""type"": ""services""}, ""_key"": ""b47b8a3c0832503d""}]}"
https://www.msm.digital/de/project/hatch-angrybirdsgo-turboedition-landingpage/,/de/cases/hatch-angrybirdsgo-turboedition-landingpage,de,caseStudy,drafts.case-msm-hatch-angrybirdsgo-turboedition-landingpage-de,challengeAndSolution [challenge-solution] → resultsMetrics [results] → intertitleCTA [bc5033f7d060317b],"{""services"": [{""_type"": ""reference"", ""_ref"": ""service-msm-content-kreation-de"", ""_weak"": true, ""_strengthenOnPublish"": {""type"": ""services""}, ""_key"": ""4306b63c9dbe2e5e""}, {""_type"": ""reference"", ""_ref"": ""service-msm-development-de"", ""_weak"": true, ""_strengthenOnPublish"": {""type"": ""services""}, ""_key"": ""d5188da632b002cd""}, {""_type"": ""reference"", ""_ref"": ""service-msm-pr-de"", ""_weak"": true, ""_strengthenOnPublish"": {""type"": ""services""}, ""_key"": ""296402b40a12cba3""}, {""_type"": ""reference"", ""_ref"": ""service-msm-social-media-de"", ""_weak"": true, ""_strengthenOnPublish"": {""type"": ""services""}, ""_key"": ""b47b8a3c0832503d""}]}"
https://www.msm.digital/de/project/ubs-virtuelle-treasure-hunt/,/de/cases/ubs-virtuelle-treasure-hunt,de,caseStudy,drafts.case-msm-ubs-virtuelle-treasure-hunt-de,challengeAndSolution [challenge-solution] → resultsMetrics [results] → intertitleCTA [86798d4dc29ee3d2],"{""services"": [{""_type"": ""reference"", ""_ref"": ""service-msm-augmented-and-virtual-reality-de"", ""_weak"": true, ""_strengthenOnPublish"": {""type"": ""services""}, ""_key"": ""ba7fb38a0ce63701""}, {""_type"": ""reference"", ""_ref"": ""service-msm-content-kreation-de"", ""_weak"": true, ""_strengthenOnPublish"": {""type"": ""services""}, ""_key"": ""4306b63c9dbe2e5e""}]}"
https://www.msm.digital/de/project/anker-lollapalooza-truck-promotion/,/de/cases/anker-lollapalooza-truck-promotion,de,caseStudy,drafts.case-msm-anker-lollapalooza-truck-promotion-de,challengeAndSolution [challenge-solution] → resultsMetrics [results] → intertitleCTA [2b571872bb201304],"{""services"": [{""_type"": ""reference"", ""_ref"": ""service-msm-experiential-marketing-de"", ""_weak"": true, ""_strengthenOnPublish"": {""type"": ""services""}, ""_key"": ""33db4ef0c919ae34""}]}"
https://www.msm.digital/de/project/dotnow-retail-experience/,/de/cases/dotnow-retail-experience,de,caseStudy,drafts.case-msm-dotnow-retail-experience-de,challengeAndSolution [challenge-solution] → resultsMetrics [results] → intertitleCTA [03ac5a18f5610bf2],"{""services"": [{""_type"": ""reference"", ""_ref"": ""service-msm-augmented-and-virtual-reality-de"", ""_weak"": true, ""_strengthenOnPublish"": {""type"": ""services""}, ""_key"": ""ba7fb38a0ce63701""}, {""_type"": ""reference"", ""_ref"": ""service-msm-development-de"", ""_weak"": true, ""_strengthenOnPublish"": {""type"": ""services""}, ""_key"": ""d5188da632b002cd""}, {""_type"": ""reference"", ""_ref"": ""service-msm-pos-marketing-de"", ""_weak"": true, ""_strengthenOnPublish"": {""type"": ""services""}, ""_key"": ""9ffa6c9573843237""}]}"
https://www.msm.digital/de/project/hisense-uefa-cashback-kampagne/,/de/cases/hisense-uefa-cashback-kampagne,de,caseStudy,drafts.case-msm-hisense-uefa-cashback-kampagne-de,challengeAndSolution [challenge-solution] → resultsMetrics [results] → intertitleCTA [4815125e6b81b924],"{""services"": [{""_type"": ""reference"", ""_ref"": ""service-msm-cashback-services-de"", ""_weak"": true, ""_strengthenOnPublish"": {""type"": ""services""}, ""_key"": ""1ec3d936d4a88fe3""}]}"
https://www.msm.digital/de/project/hermes-arzneimittel-employer-branding/,/de/cases/hermes-arzneimittel-employer-branding,de,caseStudy,drafts.case-msm-hermes-arzneimittel-employer-branding-de,challengeAndSolution [challenge-solution] → resultsMetrics [results] → intertitleCTA [8da8be3c7bef91a6],"{""services"": [{""_type"": ""reference"", ""_ref"": ""service-msm-content-kreation-de"", ""_weak"": true, ""_strengthenOnPublish"": {""type"": ""services""}, ""_key"": ""4306b63c9dbe2e5e""}, {""_type"": ""reference"", ""_ref"": ""service-msm-development-de"", ""_weak"": true, ""_strengthenOnPublish"": {""type"": ""services""}, ""_key"": ""d5188da632b002cd""}, {""_type"": ""reference"", ""_ref"": ""service-msm-social-media-de"", ""_weak"": true, ""_strengthenOnPublish"": {""type"": ""services""}, ""_key"": ""b47b8a3c0832503d""}, {""_type"": ""reference"", ""_ref"": ""service-msm-strategy-de"", ""_weak"": true, ""_strengthenOnPublish"": {""type"": ""services""}, ""_key"": ""c118d943d9b8a3bc""}]}"
https://www.msm.digital/de/project/minimax-virtual-reality-videoerlebnis/,/de/cases/minimax-virtual-reality-videoerlebnis,de,caseStudy,drafts.case-msm-minimax-virtual-reality-videoerlebnis-de,challengeAndSolution [challenge-solution] → resultsMetrics [results] → intertitleCTA [829c2c0b59e24a31],"{""services"": [{""_type"": ""reference"", ""_ref"": ""service-msm-augmented-and-virtual-reality-de"", ""_weak"": true, ""_strengthenOnPublish"": {""type"": ""services""}, ""_key"": ""ba7fb38a0ce63701""}, {""_type"": ""reference"", ""_ref"": ""service-msm-development-de"", ""_weak"": true, ""_strengthenOnPublish"": {""type"": ""services""}, ""_key"": ""d5188da632b002cd""}]}"
https://www.msm.digital/de/project/garmin-esports-kooperation/,/de/cases/garmin-esports-kooperation,de,caseStudy,drafts.case-msm-garmin-esports-kooperation-de,challengeAndSolution [challenge-solution] → resultsMetrics [results] → intertitleCTA [7462d087cfc2e18c],"{""services"": [{""_type"": ""reference"", ""_ref"": ""service-msm-content-kreation-de"", ""_weak"": true, ""_strengthenOnPublish"": {""type"": ""services""}, ""_key"": ""4306b63c9dbe2e5e""}, {""_type"": ""reference"", ""_ref"": ""service-msm-influencer-marketing-de"", ""_weak"": true, ""_strengthenOnPublish"": {""type"": ""services""}, ""_key"": ""efd96d96d8224e11""}, {""_type"": ""reference"", ""_ref"": ""service-msm-pr-de"", ""_weak"": true, ""_strengthenOnPublish"": {""type"": ""services""}, ""_key"": ""296402b40a12cba3""}, {""_type"": ""reference"", ""_ref"": ""service-msm-strategy-de"", ""_weak"": true, ""_strengthenOnPublish"": {""type"": ""services""}, ""_key"": ""c118d943d9b8a3bc""}]}"
https://www.msm.digital/de/project/microsoft-ecommerce/,/de/cases/microsoft-ecommerce,de,caseStudy,drafts.case-msm-microsoft-ecommerce-de,challengeAndSolution [challenge-solution] → resultsMetrics [results] → intertitleCTA [957ba1af04ecaf67],"{""services"": [{""_type"": ""reference"", ""_ref"": ""service-msm-development-de"", ""_weak"": true, ""_strengthenOnPublish"": {""type"": ""services""}, ""_key"": ""d5188da632b002cd""}, {""_type"": ""reference"", ""_ref"": ""service-msm-pos-marketing-de"", ""_weak"": true, ""_strengthenOnPublish"": {""type"": ""services""}, ""_key"": ""9ffa6c9573843237""}]}"
https://www.msm.digital/de/project/recaro-gaming-social-media-und-pr/,/de/cases/recaro-gaming-social-media-und-pr,de,caseStudy,drafts.case-msm-recaro-gaming-social-media-und-pr-de,challengeAndSolution [challenge-solution] → resultsMetrics [results] → intertitleCTA [7091f94a5f09050f],"{""services"": [{""_type"": ""reference"", ""_ref"": ""service-msm-content-kreation-de"", ""_weak"": true, ""_strengthenOnPublish"": {""type"": ""services""}, ""_key"": ""4306b63c9dbe2e5e""}, {""_type"": ""reference"", ""_ref"": ""service-msm-influencer-marketing-de"", ""_weak"": true, ""_strengthenOnPublish"": {""type"": ""services""}, ""_key"": ""efd96d96d8224e11""}, {""_type"": ""reference"", ""_ref"": ""service-msm-pr-de"", ""_weak"": true, ""_strengthenOnPublish"": {""type"": ""services""}, ""_key"": ""296402b40a12cba3""}, {""_type"": ""reference"", ""_ref"": ""service-msm-social-media-de"", ""_weak"": true, ""_strengthenOnPublish"": {""type"": ""services""}, ""_key"": ""b47b8a3c0832503d""}, {""_type"": ""reference"", ""_ref"": ""service-msm-strategy-de"", ""_weak"": true, ""_strengthenOnPublish"": {""type"": ""services""}, ""_key"": ""c118d943d9b8a3bc""}]}"
https://www.msm.digital/de/project/aeg-electrolux-one2five-review-plattform/,/de/cases/aeg-electrolux-one2five-review-plattform,de,caseStudy,drafts.case-msm-aeg-electrolux-one2five-review-plattform-de,challengeAndSolution [challenge-solution] → resultsMetrics [results] → intertitleCTA [53874c783fcf668e],"{""services"": [{""_type"": ""reference"", ""_ref"": ""service-msm-development-de"", ""_weak"": true, ""_strengthenOnPublish"": {""type"": ""services""}, ""_key"": ""d5188da632b002cd""}, {""_type"": ""reference"", ""_ref"": ""service-msm-review-plattform-de"", ""_weak"": true, ""_strengthenOnPublish"": {""type"": ""services""}, ""_key"": ""dec2969185fcd8c8""}, {""_type"": ""reference"", ""_ref"": ""service-msm-strategy-de"", ""_weak"": true, ""_strengthenOnPublish"": {""type"": ""services""}, ""_key"": ""c118d943d9b8a3bc""}]}"
https://www.msm.digital/de/project/merlin-entertainments-digital-signage-terminals/,/de/cases/merlin-entertainments-digital-signage-terminals,de,caseStudy,drafts.case-msm-merlin-entertainments-digital-signage-terminals-de,challengeAndSolution [challenge-solution] → resultsMetrics [results] → intertitleCTA [6ba633b2f774829c],"{""services"": [{""_type"": ""reference"", ""_ref"": ""service-msm-development-de"", ""_weak"": true, ""_strengthenOnPublish"": {""type"": ""services""}, ""_key"": ""d5188da632b002cd""}, {""_type"": ""reference"", ""_ref"": ""service-msm-digital-signage-de"", ""_weak"": true, ""_strengthenOnPublish"": {""type"": ""services""}, ""_key"": ""6c11130d9470144f""}]}"
https://www.msm.digital/de/project/ubs-global-employer-branding/,/de/cases/ubs-global-employer-branding,de,caseStudy,drafts.case-msm-ubs-global-employer-branding-de,challengeAndSolution [challenge-solution] → resultsMetrics [results] → intertitleCTA [dad1ae0bd093cf7c],"{""services"": [{""_type"": ""reference"", ""_ref"": ""service-msm-content-kreation-de"", ""_weak"": true, ""_strengthenOnPublish"": {""type"": ""services""}, ""_key"": ""4306b63c9dbe2e5e""}, {""_type"": ""reference"", ""_ref"": ""service-msm-social-media-de"", ""_weak"": true, ""_strengthenOnPublish"": {""type"": ""services""}, ""_key"": ""b47b8a3c0832503d""}, {""_type"": ""reference"", ""_ref"": ""service-msm-strategy-de"", ""_weak"": true, ""_strengthenOnPublish"": {""type"": ""services""}, ""_key"": ""c118d943d9b8a3bc""}]}"
https://www.msm.digital/de/project/samsung-sales-training/,/de/cases/samsung-sales-training,de,caseStudy,drafts.case-msm-samsung-sales-training-de,challengeAndSolution [challenge-solution] → resultsMetrics [results] → intertitleCTA [9daabdd5533d5577],"{""services"": [{""_type"": ""reference"", ""_ref"": ""service-msm-experiential-marketing-de"", ""_weak"": true, ""_strengthenOnPublish"": {""type"": ""services""}, ""_key"": ""33db4ef0c919ae34""}, {""_type"": ""reference"", ""_ref"": ""service-msm-pos-marketing-de"", ""_weak"": true, ""_strengthenOnPublish"": {""type"": ""services""}, ""_key"": ""9ffa6c9573843237""}, {""_type"": ""reference"", ""_ref"": ""service-msm-training-de"", ""_weak"": true, ""_strengthenOnPublish"": {""type"": ""services""}, ""_key"": ""3f1d68c9f8f93bcd""}]}"
https://www.msm.digital/de/project/microsoft-misx-moebel-rollout/,/de/cases/microsoft-misx-moebel-rollout,de,caseStudy,drafts.case-msm-microsoft-misx-moebel-rollout-de,challengeAndSolution [challenge-solution] → resultsMetrics [results] → intertitleCTA [37709266606121ee],"{""services"": [{""_type"": ""reference"", ""_ref"": ""service-msm-pos-marketing-de"", ""_weak"": true, ""_strengthenOnPublish"": {""type"": ""services""}, ""_key"": ""9ffa6c9573843237""}]}"
https://www.msm.digital/de/project/edeka-influencer-marketing/,/de/cases/edeka-influencer-marketing,de,caseStudy,drafts.case-msm-edeka-influencer-marketing-de,challengeAndSolution [challenge-solution] → resultsMetrics [results] → intertitleCTA [dacfda76486b71e2],"{""services"": [{""_type"": ""reference"", ""_ref"": ""service-msm-hashtaglove-de"", ""_weak"": true, ""_strengthenOnPublish"": {""type"": ""services""}, ""_key"": ""d3bab37b06b7ea51""}, {""_type"": ""reference"", ""_ref"": ""service-msm-influencer-marketing-de"", ""_weak"": true, ""_strengthenOnPublish"": {""type"": ""services""}, ""_key"": ""efd96d96d8224e11""}]}"
https://www.msm.digital/de/project/merlin-skreeens-digital-signage/,/de/cases/merlin-skreeens-digital-signage,de,caseStudy,drafts.case-msm-merlin-skreeens-digital-signage-de,challengeAndSolution [challenge-solution] → resultsMetrics [results] → intertitleCTA [b45eb8a808277682],"{""services"": [{""_type"": ""reference"", ""_ref"": ""service-msm-development-de"", ""_weak"": true, ""_strengthenOnPublish"": {""type"": ""services""}, ""_key"": ""d5188da632b002cd""}, {""_type"": ""reference"", ""_ref"": ""service-msm-digital-signage-de"", ""_weak"": true, ""_strengthenOnPublish"": {""type"": ""services""}, ""_key"": ""6c11130d9470144f""}, {""_type"": ""reference"", ""_ref"": ""service-msm-pos-marketing-de"", ""_weak"": true, ""_strengthenOnPublish"": {""type"": ""services""}, ""_key"": ""9ffa6c9573843237""}]}"
https://www.msm.digital/de/project/schleich-digitale-instore-activation/,/de/cases/schleich-digitale-instore-activation,de,caseStudy,drafts.case-msm-schleich-digitale-instore-activation-de,challengeAndSolution [challenge-solution] → resultsMetrics [results] → intertitleCTA [26b08045be08a2c6],"{""services"": [{""_type"": ""reference"", ""_ref"": ""service-msm-development-de"", ""_weak"": true, ""_strengthenOnPublish"": {""type"": ""services""}, ""_key"": ""d5188da632b002cd""}, {""_type"": ""reference"", ""_ref"": ""service-msm-pos-marketing-de"", ""_weak"": true, ""_strengthenOnPublish"": {""type"": ""services""}, ""_key"": ""9ffa6c9573843237""}]}"
https://www.msm.digital/de/project/coca-cola-metarcube/,/de/cases/coca-cola-metarcube,de,caseStudy,drafts.case-msm-coca-cola-metarcube-de,challengeAndSolution [challenge-solution] → resultsMetrics [results] → intertitleCTA [a4ab18536b242a8a],"{""services"": [{""_type"": ""reference"", ""_ref"": ""service-msm-augmented-and-virtual-reality-de"", ""_weak"": true, ""_strengthenOnPublish"": {""type"": ""services""}, ""_key"": ""ba7fb38a0ce63701""}]}"
https://www.msm.digital/de/project/ernst-klett-verlag-content-enrichment-fuer-printprodukte/,/de/cases/ernst-klett-verlag-content-enrichment-fuer-printprodukte,de,caseStudy,drafts.case-msm-ernst-klett-verlag-content-enrichment-fuer-printprodukte-de,challengeAndSolution [challenge-solution] → resultsMetrics [results] → intertitleCTA [68846fbface0c59d],"{""services"": [{""_type"": ""reference"", ""_ref"": ""service-msm-couplar-de"", ""_weak"": true, ""_strengthenOnPublish"": {""type"": ""services""}, ""_key"": ""3654f83a64e50fe6""}]}"
https://www.msm.digital/de/project/erfal-eq3-influencer-kooperationen/,/de/cases/erfal-eq3-influencer-kooperationen,de,caseStudy,drafts.case-msm-erfal-eq3-influencer-kooperationen-de,challengeAndSolution [challenge-solution] → resultsMetrics [results] → intertitleCTA [d7f5c2d16b7d0d75],"{""services"": [{""_type"": ""reference"", ""_ref"": ""service-msm-hashtaglove-de"", ""_weak"": true, ""_strengthenOnPublish"": {""type"": ""services""}, ""_key"": ""d3bab37b06b7ea51""}, {""_type"": ""reference"", ""_ref"": ""service-msm-influencer-marketing-de"", ""_weak"": true, ""_strengthenOnPublish"": {""type"": ""services""}, ""_key"": ""efd96d96d8224e11""}]}"
https://www.msm.digital/de/project/parrot-retail-marketing/,/de/cases/parrot-retail-marketing,de,caseStudy,drafts.case-msm-parrot-retail-marketing-de,challengeAndSolution [challenge-solution] → resultsMetrics [results] → intertitleCTA [2a8e4e7a4a72e690],"{""services"": [{""_type"": ""reference"", ""_ref"": ""service-msm-experiential-marketing-de"", ""_weak"": true, ""_strengthenOnPublish"": {""type"": ""services""}, ""_key"": ""33db4ef0c919ae34""}, {""_type"": ""reference"", ""_ref"": ""service-msm-pos-marketing-de"", ""_weak"": true, ""_strengthenOnPublish"": {""type"": ""services""}, ""_key"": ""9ffa6c9573843237""}]}"
https://www.msm.digital/de/project/bigben-consumer-electronics-activation/,/de/cases/bigben-consumer-electronics-activation,de,caseStudy,drafts.case-msm-bigben-consumer-electronics-activation-de,challengeAndSolution [challenge-solution] → resultsMetrics [results] → intertitleCTA [c0c0f0f8f0328fa4],"{""services"": [{""_type"": ""reference"", ""_ref"": ""service-msm-pr-de"", ""_weak"": true, ""_strengthenOnPublish"": {""type"": ""services""}, ""_key"": ""296402b40a12cba3""}, {""_type"": ""reference"", ""_ref"": ""service-msm-social-media-de"", ""_weak"": true, ""_strengthenOnPublish"": {""type"": ""services""}, ""_key"": ""b47b8a3c0832503d""}]}"
https://www.msm.digital/de/project/riot-games-social-media-aktivierung/,/de/cases/riot-games-social-media-aktivierung,de,caseStudy,drafts.case-msm-riot-games-social-media-aktivierung-de,challengeAndSolution [challenge-solution] → resultsMetrics [results] → intertitleCTA [ded0a60a1705f596],"{""services"": [{""_type"": ""reference"", ""_ref"": ""service-msm-content-kreation-de"", ""_weak"": true, ""_strengthenOnPublish"": {""type"": ""services""}, ""_key"": ""4306b63c9dbe2e5e""}, {""_type"": ""reference"", ""_ref"": ""service-msm-social-media-de"", ""_weak"": true, ""_strengthenOnPublish"": {""type"": ""services""}, ""_key"": ""b47b8a3c0832503d""}]}"
https://www.msm.digital/de/project/aeg-electrolux-dishwasher-virtual-reality/,/de/cases/aeg-electrolux-dishwasher-virtual-reality,de,caseStudy,drafts.case-msm-aeg-electrolux-dishwasher-virtual-reality-de,challengeAndSolution [challenge-solution] → resultsMetrics [results] → intertitleCTA [23c7a9ca5aaaa82c],"{""services"": [{""_type"": ""reference"", ""_ref"": ""service-msm-augmented-and-virtual-reality-de"", ""_weak"": true, ""_strengthenOnPublish"": {""type"": ""services""}, ""_key"": ""ba7fb38a0ce63701""}, {""_type"": ""reference"", ""_ref"": ""service-msm-development-de"", ""_weak"": true, ""_strengthenOnPublish"": {""type"": ""services""}, ""_key"": ""d5188da632b002cd""}, {""_type"": ""reference"", ""_ref"": ""service-msm-pos-marketing-de"", ""_weak"": true, ""_strengthenOnPublish"": {""type"": ""services""}, ""_key"": ""9ffa6c9573843237""}]}"
https://www.msm.digital/de/project/tiktok-influencer-kampagne/,/de/cases/tiktok-influencer-kampagne,de,caseStudy,drafts.case-msm-tiktok-influencer-kampagne-de,challengeAndSolution [challenge-solution] → resultsMetrics [results] → intertitleCTA [4ab05f0bd582539a],"{""services"": [{""_type"": ""reference"", ""_ref"": ""service-msm-hashtaglove-de"", ""_weak"": true, ""_strengthenOnPublish"": {""type"": ""services""}, ""_key"": ""d3bab37b06b7ea51""}, {""_type"": ""reference"", ""_ref"": ""service-msm-influencer-marketing-de"", ""_weak"": true, ""_strengthenOnPublish"": {""type"": ""services""}, ""_key"": ""efd96d96d8224e11""}]}"
https://www.msm.digital/de/project/microsoft-digital-eatery/,/de/cases/microsoft-digital-eatery,de,caseStudy,drafts.case-msm-microsoft-digital-eatery-de,challengeAndSolution [challenge-solution] → resultsMetrics [results] → intertitleCTA [a11816cdd1811d12],"{""services"": [{""_type"": ""reference"", ""_ref"": ""service-msm-pos-marketing-de"", ""_weak"": true, ""_strengthenOnPublish"": {""type"": ""services""}, ""_key"": ""9ffa6c9573843237""}, {""_type"": ""reference"", ""_ref"": ""service-msm-content-kreation-de"", ""_weak"": true, ""_strengthenOnPublish"": {""type"": ""services""}, ""_key"": ""4306b63c9dbe2e5e""}]}"
https://www.msm.digital/de/project/microsoft-trainings/,/de/cases/microsoft-trainings,de,caseStudy,drafts.case-msm-microsoft-trainings-de,challengeAndSolution [challenge-solution] → resultsMetrics [results] → intertitleCTA [f15f8b5789514f2f],"{""services"": [{""_type"": ""reference"", ""_ref"": ""service-msm-experiential-marketing-de"", ""_weak"": true, ""_strengthenOnPublish"": {""type"": ""services""}, ""_key"": ""33db4ef0c919ae34""}, {""_type"": ""reference"", ""_ref"": ""service-msm-pos-marketing-de"", ""_weak"": true, ""_strengthenOnPublish"": {""type"": ""services""}, ""_key"": ""9ffa6c9573843237""}, {""_type"": ""reference"", ""_ref"": ""service-msm-training-de"", ""_weak"": true, ""_strengthenOnPublish"": {""type"": ""services""}, ""_key"": ""3f1d68c9f8f93bcd""}]}"
https://www.msm.digital/de/project/migros-digitale-ar-loyalty-kampagne/,/de/cases/migros-digitale-ar-loyalty-kampagne,de,caseStudy,drafts.case-msm-migros-digitale-ar-loyalty-kampagne-de,challengeAndSolution [challenge-solution] → resultsMetrics [results] → intertitleCTA [97cfd7b006d2ebdf],"{""services"": [{""_type"": ""reference"", ""_ref"": ""service-msm-augmented-and-virtual-reality-de"", ""_weak"": true, ""_strengthenOnPublish"": {""type"": ""services""}, ""_key"": ""ba7fb38a0ce63701""}, {""_type"": ""reference"", ""_ref"": ""service-msm-content-kreation-de"", ""_weak"": true, ""_strengthenOnPublish"": {""type"": ""services""}, ""_key"": ""4306b63c9dbe2e5e""}, {""_type"": ""reference"", ""_ref"": ""service-msm-development-de"", ""_weak"": true, ""_strengthenOnPublish"": {""type"": ""services""}, ""_key"": ""d5188da632b002cd""}, {""_type"": ""reference"", ""_ref"": ""service-msm-couplar-de"", ""_weak"": true, ""_strengthenOnPublish"": {""type"": ""services""}, ""_key"": ""3654f83a64e50fe6""}, {""_type"": ""reference"", ""_ref"": ""service-msm-strategy-de"", ""_weak"": true, ""_strengthenOnPublish"": {""type"": ""services""}, ""_key"": ""c118d943d9b8a3bc""}]}"
https://www.msm.digital/de/project/ar-showrooms/,/de/cases/ar-showrooms,de,caseStudy,drafts.case-msm-ar-showrooms-de,challengeAndSolution [challenge-solution] → resultsMetrics [results] → intertitleCTA [345aadd0c617f95b],"{""services"": [{""_type"": ""reference"", ""_ref"": ""service-msm-augmented-and-virtual-reality-de"", ""_weak"": true, ""_strengthenOnPublish"": {""type"": ""services""}, ""_key"": ""ba7fb38a0ce63701""}, {""_type"": ""reference"", ""_ref"": ""service-msm-content-kreation-de"", ""_weak"": true, ""_strengthenOnPublish"": {""type"": ""services""}, ""_key"": ""4306b63c9dbe2e5e""}, {""_type"": ""reference"", ""_ref"": ""service-msm-development-de"", ""_weak"": true, ""_strengthenOnPublish"": {""type"": ""services""}, ""_key"": ""d5188da632b002cd""}]}"
https://www.msm.digital/de/project/bandai-namco-pr/,/de/cases/bandai-namco-pr,de,caseStudy,drafts.case-msm-bandai-namco-pr-de,challengeAndSolution [challenge-solution] → resultsMetrics [results] → intertitleCTA [7929c452e3c24e8d],"{""services"": [{""_type"": ""reference"", ""_ref"": ""service-msm-pr-de"", ""_weak"": true, ""_strengthenOnPublish"": {""type"": ""services""}, ""_key"": ""296402b40a12cba3""}]}"
https://www.msm.digital/de/project/ring-retail-marketing/,/de/cases/ring-retail-marketing,de,caseStudy,drafts.case-msm-ring-retail-marketing-de,challengeAndSolution [challenge-solution] → resultsMetrics [results] → intertitleCTA [fa700165590408b9],"{""services"": [{""_type"": ""reference"", ""_ref"": ""service-msm-experiential-marketing-de"", ""_weak"": true, ""_strengthenOnPublish"": {""type"": ""services""}, ""_key"": ""33db4ef0c919ae34""}, {""_type"": ""reference"", ""_ref"": ""service-msm-pos-marketing-de"", ""_weak"": true, ""_strengthenOnPublish"": {""type"": ""services""}, ""_key"": ""9ffa6c9573843237""}]}"
https://www.msm.digital/de/project/foerde-sparkasse-reviews-und-ratings-strategie/,/de/cases/foerde-sparkasse-reviews-und-ratings-strategie,de,caseStudy,drafts.case-msm-foerde-sparkasse-reviews-und-ratings-strategie-de,challengeAndSolution [challenge-solution] → resultsMetrics [results] → intertitleCTA [d4c47090eff76dbd],"{""services"": [{""_type"": ""reference"", ""_ref"": ""service-msm-review-plattform-de"", ""_weak"": true, ""_strengthenOnPublish"": {""type"": ""services""}, ""_key"": ""dec2969185fcd8c8""}, {""_type"": ""reference"", ""_ref"": ""service-msm-strategy-de"", ""_weak"": true, ""_strengthenOnPublish"": {""type"": ""services""}, ""_key"": ""c118d943d9b8a3bc""}]}"
https://www.msm.digital/de/project/acer-social-media/,/de/cases/acer-social-media,de,caseStudy,drafts.case-msm-acer-social-media-de,challengeAndSolution [challenge-solution] → resultsMetrics [results] → intertitleCTA [a4087764c33d00cd],"{""services"": [{""_type"": ""reference"", ""_ref"": ""service-msm-content-kreation-de"", ""_weak"": true, ""_strengthenOnPublish"": {""type"": ""services""}, ""_key"": ""4306b63c9dbe2e5e""}, {""_type"": ""reference"", ""_ref"": ""service-msm-social-media-de"", ""_weak"": true, ""_strengthenOnPublish"": {""type"": ""services""}, ""_key"": ""b47b8a3c0832503d""}]}"
https://www.msm.digital/de/project/epic-games-fortnite-pr/,/de/cases/epic-games-fortnite-pr,de,caseStudy,drafts.case-msm-epic-games-fortnite-pr-de,challengeAndSolution [challenge-solution] → resultsMetrics [results] → intertitleCTA [ba9eadacfa7e0d20],"{""services"": [{""_type"": ""reference"", ""_ref"": ""service-msm-pr-de"", ""_weak"": true, ""_strengthenOnPublish"": {""type"": ""services""}, ""_key"": ""296402b40a12cba3""}]}"
https://www.msm.digital/de/project/jakks-pacifik-harry-potter-zauberstab-activation/,/de/cases/jakks-pacifik-harry-potter-zauberstab-activation,de,caseStudy,drafts.case-msm-jakks-pacifik-harry-potter-zauberstab-activation-de,challengeAndSolution [challenge-solution] → resultsMetrics [results] → intertitleCTA [0f2d99a2015d2085],"{""services"": [{""_type"": ""reference"", ""_ref"": ""service-msm-experiential-marketing-de"", ""_weak"": true, ""_strengthenOnPublish"": {""type"": ""services""}, ""_key"": ""33db4ef0c919ae34""}]}"
https://www.msm.digital/de/project/reifen-helm-digital-marketing/,/de/cases/reifen-helm-digital-marketing,de,caseStudy,drafts.case-msm-reifen-helm-digital-marketing-de,challengeAndSolution [challenge-solution] → resultsMetrics [results] → intertitleCTA [c0f9ca227e8c2e9c],"{""services"": [{""_type"": ""reference"", ""_ref"": ""service-msm-content-kreation-de"", ""_weak"": true, ""_strengthenOnPublish"": {""type"": ""services""}, ""_key"": ""4306b63c9dbe2e5e""}, {""_type"": ""reference"", ""_ref"": ""service-msm-development-de"", ""_weak"": true, ""_strengthenOnPublish"": {""type"": ""services""}, ""_key"": ""d5188da632b002cd""}, {""_type"": ""reference"", ""_ref"": ""service-msm-social-media-de"", ""_weak"": true, ""_strengthenOnPublish"": {""type"": ""services""}, ""_key"": ""b47b8a3c0832503d""}, {""_type"": ""reference"", ""_ref"": ""service-msm-strategy-de"", ""_weak"": true, ""_strengthenOnPublish"": {""type"": ""services""}, ""_key"": ""c118d943d9b8a3bc""}]}"
https://www.msm.digital/de/project/coop-kvicki-q-warteschlangen-management/,/de/cases/coop-kvicki-q-warteschlangen-management,de,caseStudy,drafts.case-msm-coop-kvicki-q-warteschlangen-management-de,challengeAndSolution [challenge-solution] → resultsMetrics [results] → intertitleCTA [64d711665c762181],"{""services"": [{""_type"": ""reference"", ""_ref"": ""service-msm-pos-marketing-de"", ""_weak"": true, ""_strengthenOnPublish"": {""type"": ""services""}, ""_key"": ""9ffa6c9573843237""}]}"
https://www.msm.digital/de/project/decivisual-ux-ui-und-branding/,/de/cases/decivisual-ux-ui-und-branding,de,caseStudy,drafts.case-msm-decivisual-ux-ui-und-branding-de,challengeAndSolution [challenge-solution] → resultsMetrics [results] → intertitleCTA [5fa7deff7bf55342],"{""services"": [{""_type"": ""reference"", ""_ref"": ""service-msm-strategy-de"", ""_weak"": true, ""_strengthenOnPublish"": {""type"": ""services""}, ""_key"": ""c118d943d9b8a3bc""}]}"
https://www.msm.digital/de/project/ea-fifa-pr/,/de/cases/ea-fifa-pr,de,caseStudy,drafts.case-msm-ea-fifa-pr-de,challengeAndSolution [challenge-solution] → resultsMetrics [results] → intertitleCTA [4685e48c8349daab],"{""services"": [{""_type"": ""reference"", ""_ref"": ""service-msm-pr-de"", ""_weak"": true, ""_strengthenOnPublish"": {""type"": ""services""}, ""_key"": ""296402b40a12cba3""}]}"
https://www.msm.digital/de/project/daikin-b2c-b2b-energie-bonus/,/de/cases/daikin-b2c-b2b-energie-bonus,de,caseStudy,drafts.case-msm-daikin-b2c-b2b-energie-bonus-de,challengeAndSolution [challenge-solution] → resultsMetrics [results] → intertitleCTA [2511aa36c8693c42],"{""services"": [{""_type"": ""reference"", ""_ref"": ""service-msm-cashback-services-de"", ""_weak"": true, ""_strengthenOnPublish"": {""type"": ""services""}, ""_key"": ""1ec3d936d4a88fe3""}]}"
https://www.msm.digital/de/project/warner-bros-lego-games-brand-communication/,/de/cases/warner-bros-lego-games-brand-communication,de,caseStudy,drafts.case-msm-warner-bros-lego-games-brand-communication-de,challengeAndSolution [challenge-solution] → resultsMetrics [results] → intertitleCTA [dbda2a01bf5f3278],"{""services"": [{""_type"": ""reference"", ""_ref"": ""service-msm-pr-de"", ""_weak"": true, ""_strengthenOnPublish"": {""type"": ""services""}, ""_key"": ""296402b40a12cba3""}]}"
https://www.msm.digital/de/project/obi-micro-influencer-kampagne/,/de/cases/obi-micro-influencer-kampagne,de,caseStudy,drafts.case-msm-obi-micro-influencer-kampagne-de,challengeAndSolution [challenge-solution] → resultsMetrics [results] → intertitleCTA [7913257e37b36228],"{""services"": [{""_type"": ""reference"", ""_ref"": ""service-msm-hashtaglove-de"", ""_weak"": true, ""_strengthenOnPublish"": {""type"": ""services""}, ""_key"": ""d3bab37b06b7ea51""}, {""_type"": ""reference"", ""_ref"": ""service-msm-influencer-marketing-de"", ""_weak"": true, ""_strengthenOnPublish"": {""type"": ""services""}, ""_key"": ""efd96d96d8224e11""}]}"
https://www.msm.digital/de/project/snakebyte-pebble-gear-social-media/,/de/cases/snakebyte-pebble-gear-social-media,de,caseStudy,drafts.case-msm-snakebyte-pebble-gear-social-media-de,challengeAndSolution [challenge-solution] → resultsMetrics [results] → intertitleCTA [fd83c6b5af8665c3],"{""services"": [{""_type"": ""reference"", ""_ref"": ""service-msm-content-kreation-de"", ""_weak"": true, ""_strengthenOnPublish"": {""type"": ""services""}, ""_key"": ""4306b63c9dbe2e5e""}, {""_type"": ""reference"", ""_ref"": ""service-msm-hashtaglove-de"", ""_weak"": true, ""_strengthenOnPublish"": {""type"": ""services""}, ""_key"": ""d3bab37b06b7ea51""}, {""_type"": ""reference"", ""_ref"": ""service-msm-influencer-marketing-de"", ""_weak"": true, ""_strengthenOnPublish"": {""type"": ""services""}, ""_key"": ""efd96d96d8224e11""}, {""_type"": ""reference"", ""_ref"": ""service-msm-social-media-de"", ""_weak"": true, ""_strengthenOnPublish"": {""type"": ""services""}, ""_key"": ""b47b8a3c0832503d""}]}"
https://www.msm.digital/de/project/nespresso-okr-visualisierung/,/de/cases/nespresso-okr-visualisierung,de,caseStudy,drafts.case-msm-nespresso-okr-visualisierung-de,challengeAndSolution [challenge-solution] → resultsMetrics [results] → intertitleCTA [40eaac79afbbdaf0],"{""services"": [{""_type"": ""reference"", ""_ref"": ""service-msm-pos-marketing-de"", ""_weak"": true, ""_strengthenOnPublish"": {""type"": ""services""}, ""_key"": ""9ffa6c9573843237""}, {""_type"": ""reference"", ""_ref"": ""service-msm-strategy-de"", ""_weak"": true, ""_strengthenOnPublish"": {""type"": ""services""}, ""_key"": ""c118d943d9b8a3bc""}]}"
https://www.msm.digital/de/project/can-do-marketingstrategie/,/de/cases/can-do-marketingstrategie,de,caseStudy,drafts.case-msm-can-do-marketingstrategie-de,challengeAndSolution [challenge-solution] → resultsMetrics [results] → intertitleCTA [8f7c11a2625e1362],"{""services"": [{""_type"": ""reference"", ""_ref"": ""service-msm-development-de"", ""_weak"": true, ""_strengthenOnPublish"": {""type"": ""services""}, ""_key"": ""d5188da632b002cd""}, {""_type"": ""reference"", ""_ref"": ""service-msm-strategy-de"", ""_weak"": true, ""_strengthenOnPublish"": {""type"": ""services""}, ""_key"": ""c118d943d9b8a3bc""}]}"
https://www.msm.digital/de/project/avm-pos-optimierung/,/de/cases/avm-pos-optimierung,de,caseStudy,drafts.case-msm-avm-pos-optimierung-de,challengeAndSolution [challenge-solution] → resultsMetrics [results] → intertitleCTA [d794acb78a78cd88],"{""services"": [{""_type"": ""reference"", ""_ref"": ""service-msm-pos-marketing-de"", ""_weak"": true, ""_strengthenOnPublish"": {""type"": ""services""}, ""_key"": ""9ffa6c9573843237""}]}"
https://www.msm.digital/de/project/electrolux-showkuechen-rollout/,/de/cases/electrolux-showkuechen-rollout,de,caseStudy,drafts.case-msm-electrolux-showkuechen-rollout-de,challengeAndSolution [challenge-solution] → resultsMetrics [results] → intertitleCTA [932bf4b53fb3e80c],"{""services"": [{""_type"": ""reference"", ""_ref"": ""service-msm-pos-marketing-de"", ""_weak"": true, ""_strengthenOnPublish"": {""type"": ""services""}, ""_key"": ""9ffa6c9573843237""}]}"
https://www.msm.digital/de/project/warner-pr-experiential-events/,/de/cases/warner-pr-experiential-events,de,caseStudy,drafts.case-msm-warner-pr-experiential-events-de,challengeAndSolution [challenge-solution] → resultsMetrics [results] → intertitleCTA [d7b59b6458974399],"{""services"": [{""_type"": ""reference"", ""_ref"": ""service-msm-experiential-marketing-de"", ""_weak"": true, ""_strengthenOnPublish"": {""type"": ""services""}, ""_key"": ""33db4ef0c919ae34""}, {""_type"": ""reference"", ""_ref"": ""service-msm-pr-de"", ""_weak"": true, ""_strengthenOnPublish"": {""type"": ""services""}, ""_key"": ""296402b40a12cba3""}]}"
https://www.msm.digital/de/project/ea-die-sims-tiktok-influencer-marketing/,/de/cases/ea-die-sims-tiktok-influencer-marketing,de,caseStudy,drafts.case-msm-ea-die-sims-tiktok-influencer-marketing-de,challengeAndSolution [challenge-solution] → resultsMetrics [results] → intertitleCTA [7122fa97cb13bac0],"{""services"": [{""_type"": ""reference"", ""_ref"": ""service-msm-influencer-marketing-de"", ""_weak"": true, ""_strengthenOnPublish"": {""type"": ""services""}, ""_key"": ""efd96d96d8224e11""}, {""_type"": ""reference"", ""_ref"": ""service-msm-social-media-de"", ""_weak"": true, ""_strengthenOnPublish"": {""type"": ""services""}, ""_key"": ""b47b8a3c0832503d""}]}"
https://www.msm.digital/de/project/oculus-produkt-launch-europa/,/de/cases/oculus-produkt-launch-europa,de,caseStudy,drafts.case-msm-oculus-produkt-launch-europa-de,challengeAndSolution [challenge-solution] → resultsMetrics [results] → intertitleCTA [536cc462c42ccda0],"{""services"": [{""_type"": ""reference"", ""_ref"": ""service-msm-experiential-marketing-de"", ""_weak"": true, ""_strengthenOnPublish"": {""type"": ""services""}, ""_key"": ""33db4ef0c919ae34""}, {""_type"": ""reference"", ""_ref"": ""service-msm-pos-marketing-de"", ""_weak"": true, ""_strengthenOnPublish"": {""type"": ""services""}, ""_key"": ""9ffa6c9573843237""}, {""_type"": ""reference"", ""_ref"": ""service-msm-pr-de"", ""_weak"": true, ""_strengthenOnPublish"": {""type"": ""services""}, ""_key"": ""296402b40a12cba3""}, {""_type"": ""reference"", ""_ref"": ""service-msm-social-media-de"", ""_weak"": true, ""_strengthenOnPublish"": {""type"": ""services""}, ""_key"": ""b47b8a3c0832503d""}, {""_type"": ""reference"", ""_ref"": ""service-msm-strategy-de"", ""_weak"": true, ""_strengthenOnPublish"": {""type"": ""services""}, ""_key"": ""c118d943d9b8a3bc""}]}"
https://www.msm.digital/de/project/ea-sims4-influencer-marketing/,/de/cases/ea-sims4-influencer-marketing,de,caseStudy,drafts.case-msm-ea-sims4-influencer-marketing-de,challengeAndSolution [challenge-solution] → resultsMetrics [results] → intertitleCTA [df83ff07c0a2126f],"{""services"": [{""_type"": ""reference"", ""_ref"": ""service-msm-pr-de"", ""_weak"": true, ""_strengthenOnPublish"": {""type"": ""services""}, ""_key"": ""296402b40a12cba3""}, {""_type"": ""reference"", ""_ref"": ""service-msm-social-media-de"", ""_weak"": true, ""_strengthenOnPublish"": {""type"": ""services""}, ""_key"": ""b47b8a3c0832503d""}, {""_type"": ""reference"", ""_ref"": ""service-msm-influencer-marketing-de"", ""_weak"": true, ""_strengthenOnPublish"": {""type"": ""services""}, ""_key"": ""efd96d96d8224e11""}]}"
https://www.msm.digital/people/markus-oeller/,/people/markus-oeller,en,person,drafts.310067de-dcbc-42f4-8b42-99497ca82b6e,Profile header → MSM quote → I do → Ask me → Biography → Selected case gallery,{}
https://www.msm.digital/people/torsten-oppermann/,/people/torsten-oppermann,en,person,drafts.df25f389-08c2-45e6-b913-f2ff3b84f482,Profile header → MSM quote → I do → Ask me → Biography → Selected case gallery,{}
https://www.msm.digital/people/timo-studt/,/people/timo-studt,en,person,drafts.030e6a35-ddf8-4137-8fd3-d110275efd9a,Profile header → MSM quote → I do → Ask me → Biography → Selected case gallery,{}
https://www.msm.digital/people/nathalia-t/,/people/nathalia-t,en,person,drafts.person-msm-nathalia-t-en,Profile header → MSM quote → I do → Ask me → Biography → Selected case gallery,{}
https://www.msm.digital/people/tobias-schn/,/people/tobias-schn,en,person,drafts.person-msm-tobias-schn-en,Profile header → MSM quote → I do → Ask me → Biography → Selected case gallery,{}
https://www.msm.digital/people/nils-kedeinis/,/people/nils-kedeinis,en,person,drafts.a5401374-ff0c-4e94-bb7a-089dd12d3077,Profile header → MSM quote → I do → Ask me → Biography → Selected case gallery,{}
https://www.msm.digital/people/lennart-scheel/,/people/lennart-scheel,en,person,drafts.74be7b58-1ecf-4afd-ab53-ccfb0eb28bf7,Profile header → MSM quote → I do → Ask me → Biography → Selected case gallery,{}
https://www.msm.digital/people/sven-weber/,/people/sven-weber,en,person,drafts.a7c4c92d-a8f1-4e90-81a7-fefb76042767,Profile header → MSM quote → I do → Ask me → Biography → Selected case gallery,{}
https://www.msm.digital/people/kirsten-huecker/,/people/kirsten-huecker,en,person,drafts.33322587-929c-4f87-b518-929da6dc465c,Profile header → MSM quote → I do → Ask me → Biography → Selected case gallery,{}
https://www.msm.digital/people/nikolas-angerstein/,/people/nikolas-angerstein,en,person,drafts.80527299-04d7-4ad7-a6fa-4058bed693c6,Profile header → MSM quote → I do → Ask me → Biography → Selected case gallery,{}
https://www.msm.digital/people/maic-ungermann/,/people/maic-ungermann,en,person,drafts.7c4e0b8a-3169-46fa-9746-f7a41f78b7c9,Profile header → MSM quote → I do → Ask me → Biography → Selected case gallery,{}
https://www.msm.digital/de/people/markus-oeller/,/de/people/markus-oeller,de,person,drafts.person-msm-markus-oeller-de,Profile header → MSM quote → I do → Ask me → Biography → Selected case gallery,{}
https://www.msm.digital/de/people/torsten-oppermann/,/de/people/torsten-oppermann,de,person,drafts.person-msm-torsten-oppermann-de,Profile header → MSM quote → I do → Ask me → Biography → Selected case gallery,{}
https://www.msm.digital/de/people/timo-studt/,/de/people/timo-studt,de,person,drafts.person-msm-timo-studt-de,Profile header → MSM quote → I do → Ask me → Biography → Selected case gallery,{}
https://www.msm.digital/de/people/tobias-schn/,/de/people/tobias-schn,de,person,drafts.person-msm-tobias-schn-de,Profile header → MSM quote → I do → Ask me → Biography → Selected case gallery,{}
https://www.msm.digital/de/people/nathalia-t/,/de/people/nathalia-t,de,person,drafts.person-msm-nathalia-t-de,Profile header → MSM quote → I do → Ask me → Biography → Selected case gallery,{}
https://www.msm.digital/de/people/lennart-scheel/,/de/people/lennart-scheel,de,person,drafts.person-msm-lennart-scheel-de,Profile header → MSM quote → I do → Ask me → Biography → Selected case gallery,{}
https://www.msm.digital/de/people/nils-kedeinis/,/de/people/nils-kedeinis,de,person,drafts.person-msm-nils-kedeinis-de,Profile header → MSM quote → I do → Ask me → Biography → Selected case gallery,{}
https://www.msm.digital/de/people/kirsten-huecker/,/de/people/kirsten-huecker,de,person,drafts.person-msm-kirsten-huecker-de,Profile header → MSM quote → I do → Ask me → Biography → Selected case gallery,{}
https://www.msm.digital/de/people/maic-ungermann/,/de/people/maic-ungermann,de,person,drafts.person-msm-maic-ungermann-de,Profile header → MSM quote → I do → Ask me → Biography → Selected case gallery,{}
https://www.msm.digital/de/people/sven-weber/,/de/people/sven-weber,de,person,drafts.person-msm-sven-weber-de,Profile header → MSM quote → I do → Ask me → Biography → Selected case gallery,{}
https://www.msm.digital/de/people/nikolas-angerstein/,/de/people/nikolas-angerstein,de,person,drafts.person-msm-nikolas-angerstein-de,Profile header → MSM quote → I do → Ask me → Biography → Selected case gallery,{}
https://www.msm.digital/service/social-media/,/services/social-media,en,page,drafts.page-msm-service-social-media-en,servicesHeroWithBadge [hero] → contentSection [1f2f208c2530a5a4] → intertitleCTA [03380db6023133be] → casesGalleryFiltered [cases-143],"{""services"": [{""_type"": ""reference"", ""_ref"": ""c14eb875-b2d1-4e6e-9a92-60cdc249e30b"", ""_key"": ""fa1633963e41e197""}]}"
https://www.msm.digital/service/pr/,/services/pr,en,page,drafts.page-msm-service-pr-en,servicesHeroWithBadge [hero] → contentSection [927840d5415dc7e7] → intertitleCTA [0cc87e98d728f711] → casesGalleryFiltered [cases-154],"{""services"": [{""_type"": ""reference"", ""_ref"": ""service-msm-pr-en"", ""_weak"": true, ""_strengthenOnPublish"": {""type"": ""services""}, ""_key"": ""6aee070235f9df80""}]}"
https://www.msm.digital/service/influencer-marketing/,/services/influencer-marketing,en,page,drafts.page-msm-service-influencer-marketing-en,servicesHeroWithBadge [hero] → contentSection [e868d57ecebd2fb7] → intertitleCTA [59ad261e519fe6be] → casesGalleryFiltered [cases-164],"{""services"": [{""_type"": ""reference"", ""_ref"": ""f172b651-99a4-4471-94c6-1ac402a109eb"", ""_key"": ""0d35c3d7d8c6a2df""}]}"
https://www.msm.digital/service/pos-marketing/,/services/pos-marketing,en,page,drafts.page-msm-service-pos-marketing-en,servicesHeroWithBadge [hero] → contentSection [8d0c4b8e299b0206] → intertitleCTA [3bf1447fc73cef3c] → casesGalleryFiltered [cases-174],"{""services"": [{""_type"": ""reference"", ""_ref"": ""ccb58dec-5ce3-4d6d-bdc5-549e42be254b"", ""_key"": ""b7165e9345deb7d2""}]}"
https://www.msm.digital/service/review-platform/,/services/review-platform,en,page,drafts.page-msm-service-review-platform-en,servicesHeroWithBadge [hero] → contentSection [19004d33311c1ddd] → intertitleCTA [ccc2eca2d81fb83d] → casesGalleryFiltered [cases-185],"{""services"": [{""_type"": ""reference"", ""_ref"": ""390b907a-714e-4c06-a733-845c155580ca"", ""_key"": ""667cc23770f61b02""}]}"
https://www.msm.digital/service/augmented-and-virtual-reality/,/services/augmented-and-virtual-reality,en,page,drafts.page-msm-service-augmented-and-virtual-reality-en,servicesHeroWithBadge [hero] → contentSection [838af6f798e606b4] → intertitleCTA [2b1884e501d8ce76] → casesGalleryFiltered [cases-194],"{""services"": [{""_type"": ""reference"", ""_ref"": ""e0a5b3ac-34a8-4498-8db0-b81dddd0f7fa"", ""_key"": ""dd331c0a83a6d8fd""}]}"
https://www.msm.digital/service/couplar/,/services/couplar,en,page,drafts.page-msm-service-couplar-en,servicesHeroWithBadge [hero] → contentSection [47e08a3e3cc6793d] → intertitleCTA [5bc6bcf868df1fba] → casesGalleryFiltered [cases-202],"{""services"": [{""_type"": ""reference"", ""_ref"": ""service-msm-couplar-en"", ""_weak"": true, ""_strengthenOnPublish"": {""type"": ""services""}, ""_key"": ""6c4d55dc3264c363""}]}"
https://www.msm.digital/service/ar-link/,/services/ar-link,en,page,drafts.page-msm-service-ar-link-en,servicesHeroWithBadge [hero] → contentSection [56ca5a465040cd5c] → intertitleCTA [fde953ca1cc84f1d] → casesGalleryFiltered [cases-212],"{""services"": [{""_type"": ""reference"", ""_ref"": ""service-msm-ar-link-en"", ""_weak"": true, ""_strengthenOnPublish"": {""type"": ""services""}, ""_key"": ""4f91108963205488""}]}"
https://www.msm.digital/service/digital-signage/,/services/digital-signage,en,page,drafts.page-msm-service-digital-signage-en,servicesHeroWithBadge [hero] → contentSection [751f7fef8279962f] → intertitleCTA [538bd4e6da8ceedd] → casesGalleryFiltered [cases-222],"{""services"": [{""_type"": ""reference"", ""_ref"": ""service-msm-digital-signage-en"", ""_weak"": true, ""_strengthenOnPublish"": {""type"": ""services""}, ""_key"": ""131a9483d57f38ab""}]}"
https://www.msm.digital/service/training/,/services/training,en,page,drafts.page-msm-service-training-en,servicesHeroWithBadge [hero] → contentSection [2214aa1ab905732e] → intertitleCTA [452868a029b7033b] → casesGalleryFiltered [cases-234],"{""services"": [{""_type"": ""reference"", ""_ref"": ""service-msm-training-en"", ""_weak"": true, ""_strengthenOnPublish"": {""type"": ""services""}, ""_key"": ""8a980e4ea34db9a4""}]}"
https://www.msm.digital/service/development/,/services/development,en,page,drafts.page-msm-service-development-en,servicesHeroWithBadge [hero] → contentSection [1dd09f7a87931f53] → intertitleCTA [ffa9b3a424e37141] → casesGalleryFiltered [cases-243],"{""services"": [{""_type"": ""reference"", ""_ref"": ""service-msm-development-en"", ""_weak"": true, ""_strengthenOnPublish"": {""type"": ""services""}, ""_key"": ""4dd7c2502efe8a3a""}]}"
https://www.msm.digital/service/experiential-marketing/,/services/experiential-marketing,en,page,drafts.page-msm-service-experiential-marketing-en,servicesHeroWithBadge [hero] → contentSection [ad79b926bb74c4cf] → intertitleCTA [054e45542c317da6] → casesGalleryFiltered [cases-252],"{""services"": [{""_type"": ""reference"", ""_ref"": ""d118cc4d-59f7-44a2-9ebd-64fffd1f773f"", ""_key"": ""7fdde00c8e3c6ec7""}]}"
https://www.msm.digital/service/strategy/,/services/strategy,en,page,drafts.page-msm-service-strategy-en,servicesHeroWithBadge [hero] → contentSection [b2cb4070e0b8030f] → intertitleCTA [9f4543ae43b0958c] → casesGalleryFiltered [cases-262],"{""services"": [{""_type"": ""reference"", ""_ref"": ""service-msm-strategy-en"", ""_weak"": true, ""_strengthenOnPublish"": {""type"": ""services""}, ""_key"": ""bd7651ce5e5e4883""}]}"
https://www.msm.digital/service/content-creation/,/services/content-creation,en,page,drafts.page-msm-service-content-creation-en,servicesHeroWithBadge [hero] → contentSection [ef0f0c7644618ece] → intertitleCTA [501b77df80244241] → casesGalleryFiltered [cases-270],"{""services"": [{""_type"": ""reference"", ""_ref"": ""eb1ade77-fd4b-4a0f-9d1c-08687f770c75"", ""_key"": ""60871721626d5ee6""}]}"
https://www.msm.digital/service/cashback-solutions/,/services/cashback-solutions,en,page,drafts.page-msm-service-cashback-solutions-en,servicesHeroWithBadge [hero] → contentSection [422429072976cc49] → intertitleCTA [b43742205f3846c8] → casesGalleryFiltered [cases-281],"{""services"": [{""_type"": ""reference"", ""_ref"": ""service-msm-cashback-solutions-en"", ""_weak"": true, ""_strengthenOnPublish"": {""type"": ""services""}, ""_key"": ""e8df6475c2ac48de""}]}"
https://www.msm.digital/service/mixed-reality-in-manufacturing/,/services/mixed-reality-in-manufacturing,en,page,drafts.page-msm-service-mixed-reality-in-manufacturing-en,servicesHeroWithBadge [hero] → contentSection [00328ce57bbc14b3] → resultsMetrics [research-metrics] → contentSection [6f8c50d934a9d886] → intertitleCTA [a0793bf6cf4f626a] → intertitleCTA [94d3b3777d2ebc8b] → contentSection [2cfc8ccbd7c0b176] → casesGalleryFiltered [cases-295],"{""services"": [{""_type"": ""reference"", ""_ref"": ""service-msm-mixed-reality-in-manufacturing-en"", ""_weak"": true, ""_strengthenOnPublish"": {""type"": ""services""}, ""_key"": ""6f490e7737f59a97""}]}"
https://www.msm.digital/service/hashtaglove/,/services/hashtaglove,en,page,drafts.page-msm-service-hashtaglove-en,servicesHeroWithBadge [hero] → contentSection [fbdb5811bba5cb54] → intertitleCTA [62e83678b2f54be4] → contentSection [12bfbcfc63d5442d] → intertitleCTA [cc5d34387fbdeccf] → intertitleCTA [4e44e0bb81bb5394] → intertitleCTA [a447aa4402839b3c],"{""services"": [{""_type"": ""reference"", ""_ref"": ""service-msm-hashtaglove-en"", ""_weak"": true, ""_strengthenOnPublish"": {""type"": ""services""}, ""_key"": ""e3d2758691d5d814""}]}"
https://www.msm.digital/de/service/hashtaglove/,/de/services/hashtaglove,de,page,drafts.page-msm-service-hashtaglove-de,servicesHeroWithBadge [hero] → contentSection [7430162a76f0de62] → intertitleCTA [3def05aee50ea1dc] → contentSection [b6c991a5f2237cea] → intertitleCTA [72ff417828ba0fd1],"{""services"": [{""_type"": ""reference"", ""_ref"": ""service-msm-hashtaglove-de"", ""_weak"": true, ""_strengthenOnPublish"": {""type"": ""services""}, ""_key"": ""d3bab37b06b7ea51""}]}"
https://www.msm.digital/de/service/social-media/,/de/services/social-media,de,page,drafts.page-msm-service-social-media-de,servicesHeroWithBadge [hero] → contentSection [9eb3d303d6e62e52] → intertitleCTA [a64c8facbd84248c] → casesGalleryFiltered [cases-1136] → intertitleCTA [a37160c0d9813db0],"{""services"": [{""_type"": ""reference"", ""_ref"": ""service-msm-social-media-de"", ""_weak"": true, ""_strengthenOnPublish"": {""type"": ""services""}, ""_key"": ""b47b8a3c0832503d""}]}"
https://www.msm.digital/de/service/pr/,/de/services/pr,de,page,drafts.page-msm-service-pr-de,servicesHeroWithBadge [hero] → contentSection [9abab6c1cbc07914] → casesGalleryFiltered [cases-1148] → intertitleCTA [a37160c0d9813db0],"{""services"": [{""_type"": ""reference"", ""_ref"": ""service-msm-pr-de"", ""_weak"": true, ""_strengthenOnPublish"": {""type"": ""services""}, ""_key"": ""296402b40a12cba3""}]}"
https://www.msm.digital/de/service/influencer-marketing/,/de/services/influencer-marketing,de,page,drafts.page-msm-service-influencer-marketing-de,servicesHeroWithBadge [hero] → contentSection [f57a2688a4062359] → intertitleCTA [ce6217f58a0e94a9] → casesGalleryFiltered [cases-1161] → intertitleCTA [a37160c0d9813db0],"{""services"": [{""_type"": ""reference"", ""_ref"": ""service-msm-influencer-marketing-de"", ""_weak"": true, ""_strengthenOnPublish"": {""type"": ""services""}, ""_key"": ""efd96d96d8224e11""}]}"
https://www.msm.digital/de/service/pos-marketing/,/de/services/pos-marketing,de,page,drafts.page-msm-service-pos-marketing-de,servicesHeroWithBadge [hero] → contentSection [b402a73609fa3869] → intertitleCTA [5b2129d95c02e3f2] → casesGalleryFiltered [cases-1173] → intertitleCTA [a37160c0d9813db0],"{""services"": [{""_type"": ""reference"", ""_ref"": ""service-msm-pos-marketing-de"", ""_weak"": true, ""_strengthenOnPublish"": {""type"": ""services""}, ""_key"": ""9ffa6c9573843237""}]}"
https://www.msm.digital/de/service/review-plattform/,/de/services/review-plattform,de,page,drafts.page-msm-service-review-plattform-de,servicesHeroWithBadge [hero] → contentSection [f14f1bccaa4e7489] → intertitleCTA [48b9d04d45ddfbd5] → casesGalleryFiltered [cases-1186] → intertitleCTA [a37160c0d9813db0],"{""services"": [{""_type"": ""reference"", ""_ref"": ""service-msm-review-plattform-de"", ""_weak"": true, ""_strengthenOnPublish"": {""type"": ""services""}, ""_key"": ""dec2969185fcd8c8""}]}"
https://www.msm.digital/de/service/augmented-and-virtual-reality/,/de/services/augmented-and-virtual-reality,de,page,drafts.page-msm-service-augmented-and-virtual-reality-de,servicesHeroWithBadge [hero] → contentSection [cbc513b42077dec9] → casesGalleryFiltered [cases-1199] → intertitleCTA [a37160c0d9813db0],"{""services"": [{""_type"": ""reference"", ""_ref"": ""service-msm-augmented-and-virtual-reality-de"", ""_weak"": true, ""_strengthenOnPublish"": {""type"": ""services""}, ""_key"": ""ba7fb38a0ce63701""}]}"
https://www.msm.digital/de/service/couplar/,/de/services/couplar,de,page,drafts.page-msm-service-couplar-de,servicesHeroWithBadge [hero] → contentSection [fc808cae878aa426] → intertitleCTA [ee42e94f93fca387] → casesGalleryFiltered [cases-1210] → intertitleCTA [a37160c0d9813db0],"{""services"": [{""_type"": ""reference"", ""_ref"": ""service-msm-couplar-de"", ""_weak"": true, ""_strengthenOnPublish"": {""type"": ""services""}, ""_key"": ""3654f83a64e50fe6""}]}"
https://www.msm.digital/de/service/ar-link/,/de/services/ar-link,de,page,drafts.page-msm-service-ar-link-de,servicesHeroWithBadge [hero] → contentSection [1c2a793f387adde9] → intertitleCTA [4d265a643e124252] → casesGalleryFiltered [cases-1221] → intertitleCTA [a37160c0d9813db0],"{""services"": [{""_type"": ""reference"", ""_ref"": ""service-msm-ar-link-de"", ""_weak"": true, ""_strengthenOnPublish"": {""type"": ""services""}, ""_key"": ""fde1e5eee412ed1a""}]}"
https://www.msm.digital/de/service/digital-signage/,/de/services/digital-signage,de,page,drafts.page-msm-service-digital-signage-de,servicesHeroWithBadge [hero] → contentSection [a0ffe644f0f388eb] → casesGalleryFiltered [cases-1232] → intertitleCTA [a37160c0d9813db0],"{""services"": [{""_type"": ""reference"", ""_ref"": ""service-msm-digital-signage-de"", ""_weak"": true, ""_strengthenOnPublish"": {""type"": ""services""}, ""_key"": ""6c11130d9470144f""}]}"
https://www.msm.digital/de/service/training/,/de/services/training,de,page,drafts.page-msm-service-training-de,servicesHeroWithBadge [hero] → contentSection [1000fa8d1e2f46e4] → intertitleCTA [f3916d2ac570f7da] → contentSection [0480027e96eedbfe] → casesGalleryFiltered [cases-1246] → intertitleCTA [a37160c0d9813db0],"{""services"": [{""_type"": ""reference"", ""_ref"": ""service-msm-training-de"", ""_weak"": true, ""_strengthenOnPublish"": {""type"": ""services""}, ""_key"": ""3f1d68c9f8f93bcd""}]}"
https://www.msm.digital/de/service/development/,/de/services/development,de,page,drafts.page-msm-service-development-de,servicesHeroWithBadge [hero] → contentSection [deb014199cb0974c] → intertitleCTA [d418fea183db2d92] → casesGalleryFiltered [cases-1258] → intertitleCTA [a37160c0d9813db0],"{""services"": [{""_type"": ""reference"", ""_ref"": ""service-msm-development-de"", ""_weak"": true, ""_strengthenOnPublish"": {""type"": ""services""}, ""_key"": ""d5188da632b002cd""}]}"
https://www.msm.digital/de/service/experiential-marketing/,/de/services/experiential-marketing,de,page,drafts.page-msm-service-experiential-marketing-de,servicesHeroWithBadge [hero] → contentSection [299110d72ef948da] → intertitleCTA [f33e4dc1e42e775e] → casesGalleryFiltered [cases-1270] → intertitleCTA [a37160c0d9813db0],"{""services"": [{""_type"": ""reference"", ""_ref"": ""service-msm-experiential-marketing-de"", ""_weak"": true, ""_strengthenOnPublish"": {""type"": ""services""}, ""_key"": ""33db4ef0c919ae34""}]}"
https://www.msm.digital/de/service/strategy/,/de/services/strategy,de,page,drafts.page-msm-service-strategy-de,servicesHeroWithBadge [hero] → contentSection [55a6de6f13f2c967] → casesGalleryFiltered [cases-1281] → intertitleCTA [a37160c0d9813db0],"{""services"": [{""_type"": ""reference"", ""_ref"": ""service-msm-strategy-de"", ""_weak"": true, ""_strengthenOnPublish"": {""type"": ""services""}, ""_key"": ""c118d943d9b8a3bc""}]}"
https://www.msm.digital/de/service/content-kreation/,/de/services/content-kreation,de,page,drafts.page-msm-service-content-kreation-de,servicesHeroWithBadge [hero] → contentSection [49fae5af276f82a8] → intertitleCTA [4d57b604867b8e32] → casesGalleryFiltered [cases-1292] → intertitleCTA [a37160c0d9813db0],"{""services"": [{""_type"": ""reference"", ""_ref"": ""service-msm-content-kreation-de"", ""_weak"": true, ""_strengthenOnPublish"": {""type"": ""services""}, ""_key"": ""4306b63c9dbe2e5e""}]}"
https://www.msm.digital/de/service/cashback-services/,/de/services/cashback-services,de,page,drafts.page-msm-service-cashback-services-de,servicesHeroWithBadge [hero] → contentSection [15e14ca4347fa590] → intertitleCTA [dc62c932e418d312] → casesGalleryFiltered [cases-1304] → intertitleCTA [a37160c0d9813db0],"{""services"": [{""_type"": ""reference"", ""_ref"": ""service-msm-cashback-services-de"", ""_weak"": true, ""_strengthenOnPublish"": {""type"": ""services""}, ""_key"": ""1ec3d936d4a88fe3""}]}"
https://www.msm.digital/business-units/communications/,/units/communications,en,msmUnit,drafts.msm-unit-communications-en,Unit hero → Introduction → Capabilities → Leadership → Selected case gallery → intertitleCTA [80233bacdffd0ae7],"{""caseStudies"": [{""_type"": ""reference"", ""_ref"": ""case-msm-bandai-namco-pr-en"", ""_weak"": true, ""_strengthenOnPublish"": {""type"": ""caseStudy""}, ""_key"": ""757eac8f18fde109""}, {""_type"": ""reference"", ""_ref"": ""case-msm-ea-fifa-pr-en"", ""_weak"": true, ""_strengthenOnPublish"": {""type"": ""caseStudy""}, ""_key"": ""094684b6b931f795""}, {""_type"": ""reference"", ""_ref"": ""case-msm-ea-star-wars-battlefront-influencer-marketing-en"", ""_weak"": true, ""_strengthenOnPublish"": {""type"": ""caseStudy""}, ""_key"": ""2087b421dccc266d""}, {""_type"": ""reference"", ""_ref"": ""case-msm-ea-sims4-influencer-marketing-en"", ""_weak"": true, ""_strengthenOnPublish"": {""type"": ""caseStudy""}, ""_key"": ""e59c4fe15e9d01d3""}, {""_type"": ""reference"", ""_ref"": ""case-msm-epic-games-fortnite-pr-en"", ""_weak"": true, ""_strengthenOnPublish"": {""type"": ""caseStudy""}, ""_key"": ""92c54707e837ac6a""}, {""_type"": ""reference"", ""_ref"": ""case-msm-microsoft-expertzone-social-media-en"", ""_weak"": true, ""_strengthenOnPublish"": {""type"": ""caseStudy""}, ""_key"": ""ac534174e0d8558a""}, {""_type"": ""reference"", ""_ref"": ""case-msm-oculus-european-product-launch-en"", ""_weak"": true, ""_strengthenOnPublish"": {""type"": ""caseStudy""}, ""_key"": ""c06e3d736bad851c""}, {""_type"": ""reference"", ""_ref"": ""case-msm-reifen-helm-digital-marketing-en"", ""_weak"": true, ""_strengthenOnPublish"": {""type"": ""caseStudy""}, ""_key"": ""c8769f01bdd1a60f""}, {""_type"": ""reference"", ""_ref"": ""case-msm-turtle-beach-digital-product-communications-en"", ""_weak"": true, ""_strengthenOnPublish"": {""type"": ""caseStudy""}, ""_key"": ""e8926861adf16e02""}, {""_type"": ""reference"", ""_ref"": ""case-msm-warner-pr-experiential-events-en"", ""_weak"": true, ""_strengthenOnPublish"": {""type"": ""caseStudy""}, ""_key"": ""153608367ed4bbf0""}, {""_type"": ""reference"", ""_ref"": ""case-msm-hatch-angrybirdsgo-turboedition-landingpage-en"", ""_weak"": true, ""_strengthenOnPublish"": {""type"": ""caseStudy""}, ""_key"": ""c9f881f69c5fdee3""}, {""_type"": ""reference"", ""_ref"": ""case-msm-ea-need-for-speed-influencer-campaign-en"", ""_weak"": true, ""_strengthenOnPublish"": {""type"": ""caseStudy""}, ""_key"": ""ea4aa0bfaeb3e1df""}, {""_type"": ""reference"", ""_ref"": ""case-msm-bigben-consumer-electronics-activation-en"", ""_weak"": true, ""_strengthenOnPublish"": {""type"": ""caseStudy""}, ""_key"": ""7a539184b9b02eac""}, {""_type"": ""reference"", ""_ref"": ""case-msm-warner-bros-lego-games-brand-communication-en"", ""_weak"": true, ""_strengthenOnPublish"": {""type"": ""caseStudy""}, ""_key"": ""93fd833ae46ea6fe""}, {""_type"": ""reference"", ""_ref"": ""case-msm-acer-social-media-en"", ""_weak"": true, ""_strengthenOnPublish"": {""type"": ""caseStudy""}, ""_key"": ""f6dc1e5179d3b2f5""}, {""_type"": ""reference"", ""_ref"": ""case-msm-snakebyte-pebble-gear-social-media-en"", ""_weak"": true, ""_strengthenOnPublish"": {""type"": ""caseStudy""}, ""_key"": ""010fa98004597879""}, {""_type"": ""reference"", ""_ref"": ""case-msm-can-do-marketing-strategy-en"", ""_weak"": true, ""_strengthenOnPublish"": {""type"": ""caseStudy""}, ""_key"": ""8535620074bfd48e""}, {""_type"": ""reference"", ""_ref"": ""case-msm-recaro-gaming-social-media-and-pr-en"", ""_weak"": true, ""_strengthenOnPublish"": {""type"": ""caseStudy""}, ""_key"": ""ec0eeb3cbaa6e8a5""}, {""_type"": ""reference"", ""_ref"": ""case-msm-garmin-esports-cooperation-en"", ""_weak"": true, ""_strengthenOnPublish"": {""type"": ""caseStudy""}, ""_key"": ""8aeb5f0d36b62c19""}, {""_type"": ""reference"", ""_ref"": ""case-msm-obi-influencer-campaign-en"", ""_weak"": true, ""_strengthenOnPublish"": {""type"": ""caseStudy""}, ""_key"": ""be65b115897ca471""}, {""_type"": ""reference"", ""_ref"": ""case-msm-riot-games-social-media-activation-en"", ""_weak"": true, ""_strengthenOnPublish"": {""type"": ""caseStudy""}, ""_key"": ""1dac928ef4e2e5e2""}, {""_type"": ""reference"", ""_ref"": ""case-msm-ubs-global-employer-branding-en"", ""_weak"": true, ""_strengthenOnPublish"": {""type"": ""caseStudy""}, ""_key"": ""3adf87411ef08468""}, {""_type"": ""reference"", ""_ref"": ""case-msm-edeka-influencer-marketing-en"", ""_weak"": true, ""_strengthenOnPublish"": {""type"": ""caseStudy""}, ""_key"": ""b905e940b68f4888""}, {""_type"": ""reference"", ""_ref"": ""case-msm-ea-the-sims-tiktok-influencer-marketing-en"", ""_weak"": true, ""_strengthenOnPublish"": {""type"": ""caseStudy""}, ""_key"": ""26752ef0035f0bbe""}, {""_type"": ""reference"", ""_ref"": ""case-msm-erfal-eq3-influencer-cooperations-en"", ""_weak"": true, ""_strengthenOnPublish"": {""type"": ""caseStudy""}, ""_key"": ""eb8d6c1de75a7bac""}, {""_type"": ""reference"", ""_ref"": ""case-msm-tiktok-influencer-campaign-en"", ""_weak"": true, ""_strengthenOnPublish"": {""type"": ""caseStudy""}, ""_key"": ""dc37ce0183e18e5c""}, {""_type"": ""reference"", ""_ref"": ""case-msm-microsoft-xbox-cassette-player-photo-shoot-en"", ""_weak"": true, ""_strengthenOnPublish"": {""type"": ""caseStudy""}, ""_key"": ""a74ca7f93b97b4d2""}, {""_type"": ""reference"", ""_ref"": ""case-msm-riot-games-valorant-gen-z-advent-calendar-en"", ""_weak"": true, ""_strengthenOnPublish"": {""type"": ""caseStudy""}, ""_key"": ""11c178753dd5d663""}, {""_type"": ""reference"", ""_ref"": ""case-msm-hermes-arzneimittel-employer-branding-en"", ""_weak"": true, ""_strengthenOnPublish"": {""type"": ""caseStudy""}, ""_key"": ""a71953f9bd0e80bb""}], ""leadership"": [{""_type"": ""msmUnitLeader"", ""_key"": ""79afabf71629006e"", ""person"": {""_type"": ""reference"", ""_ref"": ""33322587-929c-4f87-b518-929da6dc465c""}, ""isPrimary"": true, ""position"": ""Dpty. Managing Director"", ""quote"": ""Difficult roads lead to beautiful destinations"", ""phone"": ""tel:+49 451 160 83560""}, {""_type"": ""msmUnitLeader"", ""_key"": ""73ae046d22d9eed5"", ""person"": {""_type"": ""reference"", ""_ref"": ""80527299-04d7-4ad7-a6fa-4058bed693c6""}, ""isPrimary"": false, ""position"": ""Dpty. Managing Director"", ""quote"": ""99 problems but a pitch ain’t one."", ""phone"": ""tel:+49 451 160 83581""}, {""_type"": ""msmUnitLeader"", ""_key"": ""99a0612934a8adba"", ""person"": {""_type"": ""reference"", ""_ref"": ""a5401374-ff0c-4e94-bb7a-089dd12d3077""}, ""isPrimary"": false, ""position"": ""Dpty. Managing Director"", ""quote"": ""Difficult takes a day. Impossible takes a week."", ""phone"": ""tel:+49 451 160 83582""}, {""_type"": ""msmUnitLeader"", ""_key"": ""929155f41d3c625d"", ""person"": {""_type"": ""reference"", ""_ref"": ""030e6a35-ddf8-4137-8fd3-d110275efd9a""}, ""isPrimary"": false, ""position"": ""Dpty. Managing Director"", ""quote"": ""…, but first coffee!"", ""phone"": ""tel:+49 451 160 835003""}]}"
https://www.msm.digital/business-units/channel-marketing/,/units/channel-marketing,en,msmUnit,drafts.msm-unit-channel-marketing-en,Unit hero → Introduction → Capabilities → Leadership → Selected case gallery,"{""caseStudies"": [{""_type"": ""reference"", ""_ref"": ""case-msm-avm-shelf-system-optimization-en"", ""_weak"": true, ""_strengthenOnPublish"": {""type"": ""caseStudy""}, ""_key"": ""cb8140c22076a1bc""}, {""_type"": ""reference"", ""_ref"": ""case-msm-can-do-marketing-strategy-en"", ""_weak"": true, ""_strengthenOnPublish"": {""type"": ""caseStudy""}, ""_key"": ""8535620074bfd48e""}, {""_type"": ""reference"", ""_ref"": ""case-msm-coop-queue-management-en"", ""_weak"": true, ""_strengthenOnPublish"": {""type"": ""caseStudy""}, ""_key"": ""f85026a9af9aa686""}, {""_type"": ""reference"", ""_ref"": ""case-msm-dotnow-retail-experience-en"", ""_weak"": true, ""_strengthenOnPublish"": {""type"": ""caseStudy""}, ""_key"": ""cb4fe0af5c14e27e""}, {""_type"": ""reference"", ""_ref"": ""case-msm-aeg-electrolux-one2five-review-platform-en"", ""_weak"": true, ""_strengthenOnPublish"": {""type"": ""caseStudy""}, ""_key"": ""29ae54dcb2bce1ae""}, {""_type"": ""reference"", ""_ref"": ""case-msm-aeg-electrolux-showkitchen-rollout-en"", ""_weak"": true, ""_strengthenOnPublish"": {""type"": ""caseStudy""}, ""_key"": ""0265525337d89cf9""}, {""_type"": ""reference"", ""_ref"": ""case-msm-aeg-electrolux-dishwasher-virtual-reality-en"", ""_weak"": true, ""_strengthenOnPublish"": {""type"": ""caseStudy""}, ""_key"": ""fe43e01c2fb4a818""}, {""_type"": ""reference"", ""_ref"": ""case-msm-eppendorf-e-learning-concept-en"", ""_weak"": true, ""_strengthenOnPublish"": {""type"": ""caseStudy""}, ""_key"": ""28d1008ba13edd30""}, {""_type"": ""reference"", ""_ref"": ""case-msm-jakks-pacifik-harry-potter-magic-wand-activation-en"", ""_weak"": true, ""_strengthenOnPublish"": {""type"": ""caseStudy""}, ""_key"": ""00eb32d45bad1a5e""}, {""_type"": ""reference"", ""_ref"": ""case-msm-merlin-skreeens-digital-signage-en"", ""_weak"": true, ""_strengthenOnPublish"": {""type"": ""caseStudy""}, ""_key"": ""57a76994fcdb8222""}, {""_type"": ""reference"", ""_ref"": ""case-msm-merlin-entertainments-sea-life-digital-queue-entertainment-en"", ""_weak"": true, ""_strengthenOnPublish"": {""type"": ""caseStudy""}, ""_key"": ""d2a31ddb0b859eff""}, {""_type"": ""reference"", ""_ref"": ""case-msm-microsoft-trainings-en"", ""_weak"": true, ""_strengthenOnPublish"": {""type"": ""caseStudy""}, ""_key"": ""0deaea4549726605""}, {""_type"": ""reference"", ""_ref"": ""case-msm-microsoft-digital-eatery-en"", ""_weak"": true, ""_strengthenOnPublish"": {""type"": ""caseStudy""}, ""_key"": ""d8927410cf999f94""}, {""_type"": ""reference"", ""_ref"": ""case-msm-microsoft-expertzone-social-media-en"", ""_weak"": true, ""_strengthenOnPublish"": {""type"": ""caseStudy""}, ""_key"": ""ac534174e0d8558a""}, {""_type"": ""reference"", ""_ref"": ""case-msm-migros-ar-digital-loyalty-campaign-en"", ""_weak"": true, ""_strengthenOnPublish"": {""type"": ""caseStudy""}, ""_key"": ""654f87bcc181cc2e""}, {""_type"": ""reference"", ""_ref"": ""case-msm-minimax-virtual-reality-experience-en"", ""_weak"": true, ""_strengthenOnPublish"": {""type"": ""caseStudy""}, ""_key"": ""09795a02a6f38e13""}, {""_type"": ""reference"", ""_ref"": ""case-msm-nespresso-okr-vizualization-en"", ""_weak"": true, ""_strengthenOnPublish"": {""type"": ""caseStudy""}, ""_key"": ""6ffc560ac501fc46""}, {""_type"": ""reference"", ""_ref"": ""case-msm-oculus-european-product-launch-en"", ""_weak"": true, ""_strengthenOnPublish"": {""type"": ""caseStudy""}, ""_key"": ""c06e3d736bad851c""}, {""_type"": ""reference"", ""_ref"": ""case-msm-parrot-retail-marketing-en"", ""_weak"": true, ""_strengthenOnPublish"": {""type"": ""caseStudy""}, ""_key"": ""1709329c6c218d32""}, {""_type"": ""reference"", ""_ref"": ""case-msm-reifen-helm-digital-marketing-en"", ""_weak"": true, ""_strengthenOnPublish"": {""type"": ""caseStudy""}, ""_key"": ""c8769f01bdd1a60f""}, {""_type"": ""reference"", ""_ref"": ""case-msm-microsoft-retail-training-per-escape-room-en"", ""_weak"": true, ""_strengthenOnPublish"": {""type"": ""caseStudy""}, ""_key"": ""fd60d49848d8f485""}, {""_type"": ""reference"", ""_ref"": ""case-msm-ring-retail-marketing-en"", ""_weak"": true, ""_strengthenOnPublish"": {""type"": ""caseStudy""}, ""_key"": ""2240017cebc2646a""}, {""_type"": ""reference"", ""_ref"": ""case-msm-samsung-sales-training-en"", ""_weak"": true, ""_strengthenOnPublish"": {""type"": ""caseStudy""}, ""_key"": ""07cb2e9742f737c3""}, {""_type"": ""reference"", ""_ref"": ""case-msm-schleich-digital-instore-activation-en"", ""_weak"": true, ""_strengthenOnPublish"": {""type"": ""caseStudy""}, ""_key"": ""270b2c29e18f8477""}, {""_type"": ""reference"", ""_ref"": ""case-msm-sparkasse-reviews-and-ratings-strategy-en"", ""_weak"": true, ""_strengthenOnPublish"": {""type"": ""caseStudy""}, ""_key"": ""6e293aefdc4a98ac""}, {""_type"": ""reference"", ""_ref"": ""case-msm-turtle-beach-digital-product-communications-en"", ""_weak"": true, ""_strengthenOnPublish"": {""type"": ""caseStudy""}, ""_key"": ""e8926861adf16e02""}, {""_type"": ""reference"", ""_ref"": ""case-msm-ubs-virtual-treasure-hunt-en"", ""_weak"": true, ""_strengthenOnPublish"": {""type"": ""caseStudy""}, ""_key"": ""4673d816b2d67559""}, {""_type"": ""reference"", ""_ref"": ""case-msm-ubs-global-employer-branding-en"", ""_weak"": true, ""_strengthenOnPublish"": {""type"": ""caseStudy""}, ""_key"": ""3adf87411ef08468""}, {""_type"": ""reference"", ""_ref"": ""case-msm-microsoft-misx-furniture-rollout-en"", ""_weak"": true, ""_strengthenOnPublish"": {""type"": ""caseStudy""}, ""_key"": ""cb27fabf39ce6790""}, {""_type"": ""reference"", ""_ref"": ""case-msm-hermes-arzneimittel-employer-branding-en"", ""_weak"": true, ""_strengthenOnPublish"": {""type"": ""caseStudy""}, ""_key"": ""a71953f9bd0e80bb""}, {""_type"": ""reference"", ""_ref"": ""case-msm-anker-and-soundcore-retail-space-experience-en"", ""_weak"": true, ""_strengthenOnPublish"": {""type"": ""caseStudy""}, ""_key"": ""72ba867d35ad9a52""}, {""_type"": ""reference"", ""_ref"": ""case-msm-anker-lollapalooza-truck-promotion-en"", ""_weak"": true, ""_strengthenOnPublish"": {""type"": ""caseStudy""}, ""_key"": ""919cc99dfc6abcd9""}, {""_type"": ""reference"", ""_ref"": ""case-msm-priokoll-ux-ui-and-branding-en"", ""_weak"": true, ""_strengthenOnPublish"": {""type"": ""caseStudy""}, ""_key"": ""65f318c843145f9a""}, {""_type"": ""reference"", ""_ref"": ""case-msm-daikin-energy-bonus-en"", ""_weak"": true, ""_strengthenOnPublish"": {""type"": ""caseStudy""}, ""_key"": ""aaf6414bbc219e71""}, {""_type"": ""reference"", ""_ref"": ""case-msm-hisense-uefa-cashback-en"", ""_weak"": true, ""_strengthenOnPublish"": {""type"": ""caseStudy""}, ""_key"": ""0221a73cdeb04a14""}], ""leadership"": [{""_type"": ""msmUnitLeader"", ""_key"": ""dfbc677f3cf079f6"", ""person"": {""_type"": ""reference"", ""_ref"": ""74be7b58-1ecf-4afd-ab53-ccfb0eb28bf7""}, ""isPrimary"": true, ""position"": ""Dpty. Managing Director"", ""quote"": ""Great people create great solutions, so it´s all about people."", ""phone"": ""tel:+49 451 160 835001""}, {""_type"": ""msmUnitLeader"", ""_key"": ""05893af525716cd8"", ""person"": {""_type"": ""reference"", ""_ref"": ""a7c4c92d-a8f1-4e90-81a7-fefb76042767""}, ""isPrimary"": false, ""position"": ""Dpty. Managing Director"", ""quote"": ""Happiness is not a checklist."", ""phone"": ""tel:+49 170 226 5322""}, {""_type"": ""msmUnitLeader"", ""_key"": ""37bfc7aef824840a"", ""person"": {""_type"": ""reference"", ""_ref"": ""person-msm-tobias-schn-en"", ""_weak"": true, ""_strengthenOnPublish"": {""type"": ""person""}}, ""isPrimary"": false, ""position"": ""Dpty. Managing Director"", ""quote"": ""There is no Ctrl + Design shortcut"", ""phone"": ""tel:0451 160 83 546""}, {""_type"": ""msmUnitLeader"", ""_key"": ""56f9a5437c99f2a9"", ""person"": {""_type"": ""reference"", ""_ref"": ""7c4e0b8a-3169-46fa-9746-f7a41f78b7c9""}, ""isPrimary"": false, ""position"": ""Advisor / Managing Director MSM.digital Nordics"", ""quote"": ""The best job is the one you have the most fun with."", ""phone"": ""tel:+46 76 850 5719""}]}"
https://www.msm.digital/business-units/ar-vr-labs/,/units/xr-labs,en,msmUnit,drafts.msm-unit-xr-labs-en,Unit hero → Introduction → Capabilities → Leadership → contentSection [c06704bb6ebb656b] → Selected case gallery,"{""caseStudies"": [{""_type"": ""reference"", ""_ref"": ""case-msm-brother-augmented-reality-en"", ""_weak"": true, ""_strengthenOnPublish"": {""type"": ""caseStudy""}, ""_key"": ""d87a2c6e69d079c8""}, {""_type"": ""reference"", ""_ref"": ""case-msm-aeg-electrolux-dishwasher-virtual-reality-en"", ""_weak"": true, ""_strengthenOnPublish"": {""type"": ""caseStudy""}, ""_key"": ""fe43e01c2fb4a818""}, {""_type"": ""reference"", ""_ref"": ""case-msm-ernst-klett-verlag-printed-content-enrichment-en"", ""_weak"": true, ""_strengthenOnPublish"": {""type"": ""caseStudy""}, ""_key"": ""e17fc070fb245bb4""}, {""_type"": ""reference"", ""_ref"": ""case-msm-expert-augmented-reality-product-experience-en"", ""_weak"": true, ""_strengthenOnPublish"": {""type"": ""caseStudy""}, ""_key"": ""afa5fc127b9df1f4""}, {""_type"": ""reference"", ""_ref"": ""case-msm-migros-ar-digital-loyalty-campaign-en"", ""_weak"": true, ""_strengthenOnPublish"": {""type"": ""caseStudy""}, ""_key"": ""654f87bcc181cc2e""}, {""_type"": ""reference"", ""_ref"": ""case-msm-minimax-virtual-reality-experience-en"", ""_weak"": true, ""_strengthenOnPublish"": {""type"": ""caseStudy""}, ""_key"": ""09795a02a6f38e13""}, {""_type"": ""reference"", ""_ref"": ""case-msm-coca-cola-metarcube-en"", ""_weak"": true, ""_strengthenOnPublish"": {""type"": ""caseStudy""}, ""_key"": ""c39bd89485cf7527""}, {""_type"": ""reference"", ""_ref"": ""case-msm-ar-showrooms-en"", ""_weak"": true, ""_strengthenOnPublish"": {""type"": ""caseStudy""}, ""_key"": ""71ae9a79bc0abef9""}, {""_type"": ""reference"", ""_ref"": ""case-msm-mr-showroom-en"", ""_weak"": true, ""_strengthenOnPublish"": {""type"": ""caseStudy""}, ""_key"": ""ab816ad9f9897be7""}], ""leadership"": [{""_type"": ""msmUnitLeader"", ""_key"": ""2ba2b873671a185a"", ""person"": {""_type"": ""reference"", ""_ref"": ""a71b95aa-3240-4fb0-9002-45f198d3b2c5""}, ""isPrimary"": true, ""position"": ""Dpty. Managing Director"", ""quote"": ""Reality is relative…"", ""phone"": ""tel:+49 451 160 83 5002""}]}"
https://www.msm.digital/business-units/technology-systems/,/units/technology-systems,en,msmUnit,drafts.msm-unit-technology-systems-en,Unit hero → Introduction → Capabilities → Leadership → contentSection [2fdb67edffbd0d68] → Selected case gallery,"{""caseStudies"": [{""_type"": ""reference"", ""_ref"": ""case-msm-aeg-electrolux-one2five-review-platform-en"", ""_weak"": true, ""_strengthenOnPublish"": {""type"": ""caseStudy""}, ""_key"": ""29ae54dcb2bce1ae""}, {""_type"": ""reference"", ""_ref"": ""case-msm-hermes-arzneimittel-employer-branding-en"", ""_weak"": true, ""_strengthenOnPublish"": {""type"": ""caseStudy""}, ""_key"": ""a71953f9bd0e80bb""}, {""_type"": ""reference"", ""_ref"": ""case-msm-merlin-skreeens-digital-signage-en"", ""_weak"": true, ""_strengthenOnPublish"": {""type"": ""caseStudy""}, ""_key"": ""57a76994fcdb8222""}, {""_type"": ""reference"", ""_ref"": ""case-msm-merlin-entertainments-sea-life-digital-queue-entertainment-en"", ""_weak"": true, ""_strengthenOnPublish"": {""type"": ""caseStudy""}, ""_key"": ""d2a31ddb0b859eff""}, {""_type"": ""reference"", ""_ref"": ""case-msm-microsoft-ecommerce-en"", ""_weak"": true, ""_strengthenOnPublish"": {""type"": ""caseStudy""}, ""_key"": ""98071f57f18590bb""}, {""_type"": ""reference"", ""_ref"": ""case-msm-reifen-helm-digital-marketing-en"", ""_weak"": true, ""_strengthenOnPublish"": {""type"": ""caseStudy""}, ""_key"": ""c8769f01bdd1a60f""}, {""_type"": ""reference"", ""_ref"": ""case-msm-schleich-digital-instore-activation-en"", ""_weak"": true, ""_strengthenOnPublish"": {""type"": ""caseStudy""}, ""_key"": ""270b2c29e18f8477""}, {""_type"": ""reference"", ""_ref"": ""case-msm-turtle-beach-digital-product-communications-en"", ""_weak"": true, ""_strengthenOnPublish"": {""type"": ""caseStudy""}, ""_key"": ""e8926861adf16e02""}], ""leadership"": [{""_type"": ""msmUnitLeader"", ""_key"": ""dfbc677f3cf079f6"", ""person"": {""_type"": ""reference"", ""_ref"": ""74be7b58-1ecf-4afd-ab53-ccfb0eb28bf7""}, ""isPrimary"": true, ""position"": ""Dpty. Managing Director"", ""quote"": ""Great people create great solutions, so it´s all about people."", ""phone"": ""tel:+49 451 160 835001""}]}"
https://www.msm.digital/de/business-units/communications/,/de/units/communications,de,msmUnit,drafts.msm-unit-communications-de,Unit hero → Introduction → Capabilities → Leadership → Selected case gallery,"{""caseStudies"": [{""_type"": ""reference"", ""_ref"": ""case-msm-acer-social-media-de"", ""_weak"": true, ""_strengthenOnPublish"": {""type"": ""caseStudy""}, ""_key"": ""ee581ba721824315""}, {""_type"": ""reference"", ""_ref"": ""case-msm-bandai-namco-pr-de"", ""_weak"": true, ""_strengthenOnPublish"": {""type"": ""caseStudy""}, ""_key"": ""9bd6f8aeb64dccd2""}, {""_type"": ""reference"", ""_ref"": ""case-msm-bigben-consumer-electronics-activation-de"", ""_weak"": true, ""_strengthenOnPublish"": {""type"": ""caseStudy""}, ""_key"": ""f89fe3114de765bb""}, {""_type"": ""reference"", ""_ref"": ""case-msm-can-do-marketingstrategie-de"", ""_weak"": true, ""_strengthenOnPublish"": {""type"": ""caseStudy""}, ""_key"": ""6b971d4ab850c9c5""}, {""_type"": ""reference"", ""_ref"": ""case-msm-ea-need-for-speed-influencer-kampagne-de"", ""_weak"": true, ""_strengthenOnPublish"": {""type"": ""caseStudy""}, ""_key"": ""687b5bf67896d6f7""}, {""_type"": ""reference"", ""_ref"": ""case-msm-ea-sims4-influencer-marketing-de"", ""_weak"": true, ""_strengthenOnPublish"": {""type"": ""caseStudy""}, ""_key"": ""e20e7a448d89b329""}, {""_type"": ""reference"", ""_ref"": ""case-msm-ea-fifa-pr-de"", ""_weak"": true, ""_strengthenOnPublish"": {""type"": ""caseStudy""}, ""_key"": ""2a1c8060ce7196ca""}, {""_type"": ""reference"", ""_ref"": ""case-msm-ea-star-wars-battlefront-influencer-marketing-de"", ""_weak"": true, ""_strengthenOnPublish"": {""type"": ""caseStudy""}, ""_key"": ""cdd2e98b2fc5a5ca""}, {""_type"": ""reference"", ""_ref"": ""case-msm-epic-games-fortnite-pr-de"", ""_weak"": true, ""_strengthenOnPublish"": {""type"": ""caseStudy""}, ""_key"": ""62d3f28d58e0f0c4""}, {""_type"": ""reference"", ""_ref"": ""case-msm-hatch-angrybirdsgo-turboedition-landingpage-de"", ""_weak"": true, ""_strengthenOnPublish"": {""type"": ""caseStudy""}, ""_key"": ""be2c6abc07025cdb""}, {""_type"": ""reference"", ""_ref"": ""case-msm-microsoft-expertzone-social-media-de"", ""_weak"": true, ""_strengthenOnPublish"": {""type"": ""caseStudy""}, ""_key"": ""ad14150b959a6071""}, {""_type"": ""reference"", ""_ref"": ""case-msm-oculus-produkt-launch-europa-de"", ""_weak"": true, ""_strengthenOnPublish"": {""type"": ""caseStudy""}, ""_key"": ""1d07b89d1383b341""}, {""_type"": ""reference"", ""_ref"": ""case-msm-recaro-gaming-social-media-und-pr-de"", ""_weak"": true, ""_strengthenOnPublish"": {""type"": ""caseStudy""}, ""_key"": ""354527f573151ffd""}, {""_type"": ""reference"", ""_ref"": ""case-msm-reifen-helm-digital-marketing-de"", ""_weak"": true, ""_strengthenOnPublish"": {""type"": ""caseStudy""}, ""_key"": ""2ba66db87539a3c2""}, {""_type"": ""reference"", ""_ref"": ""case-msm-snakebyte-pebble-gear-social-media-de"", ""_weak"": true, ""_strengthenOnPublish"": {""type"": ""caseStudy""}, ""_key"": ""6814f58fb0b9fd4a""}, {""_type"": ""reference"", ""_ref"": ""case-msm-turtle-beach-digitale-produkt-kommunikation-de"", ""_weak"": true, ""_strengthenOnPublish"": {""type"": ""caseStudy""}, ""_key"": ""27c304d11db8ec99""}, {""_type"": ""reference"", ""_ref"": ""case-msm-warner-pr-experiential-events-de"", ""_weak"": true, ""_strengthenOnPublish"": {""type"": ""caseStudy""}, ""_key"": ""2dffb5047eb7f1ef""}, {""_type"": ""reference"", ""_ref"": ""case-msm-warner-bros-lego-games-brand-communication-de"", ""_weak"": true, ""_strengthenOnPublish"": {""type"": ""caseStudy""}, ""_key"": ""1f593ea56d6c118f""}, {""_type"": ""reference"", ""_ref"": ""case-msm-obi-micro-influencer-kampagne-de"", ""_weak"": true, ""_strengthenOnPublish"": {""type"": ""caseStudy""}, ""_key"": ""956ca204eca8df82""}, {""_type"": ""reference"", ""_ref"": ""case-msm-garmin-esports-kooperation-de"", ""_weak"": true, ""_strengthenOnPublish"": {""type"": ""caseStudy""}, ""_key"": ""41fec2cb78a10051""}, {""_type"": ""reference"", ""_ref"": ""case-msm-riot-games-social-media-aktivierung-de"", ""_weak"": true, ""_strengthenOnPublish"": {""type"": ""caseStudy""}, ""_key"": ""3127134d0053c2c7""}, {""_type"": ""reference"", ""_ref"": ""case-msm-ubs-global-employer-branding-de"", ""_weak"": true, ""_strengthenOnPublish"": {""type"": ""caseStudy""}, ""_key"": ""875b53da66363074""}, {""_type"": ""reference"", ""_ref"": ""case-msm-edeka-influencer-marketing-de"", ""_weak"": true, ""_strengthenOnPublish"": {""type"": ""caseStudy""}, ""_key"": ""eb2cae857688091d""}, {""_type"": ""reference"", ""_ref"": ""case-msm-ea-die-sims-tiktok-influencer-marketing-de"", ""_weak"": true, ""_strengthenOnPublish"": {""type"": ""caseStudy""}, ""_key"": ""bfb934ecd84221f9""}, {""_type"": ""reference"", ""_ref"": ""case-msm-erfal-eq3-influencer-kooperationen-de"", ""_weak"": true, ""_strengthenOnPublish"": {""type"": ""caseStudy""}, ""_key"": ""8695fd4736fbfb71""}, {""_type"": ""reference"", ""_ref"": ""case-msm-tiktok-influencer-kampagne-de"", ""_weak"": true, ""_strengthenOnPublish"": {""type"": ""caseStudy""}, ""_key"": ""0cdbe765eba628ba""}, {""_type"": ""reference"", ""_ref"": ""case-msm-riot-games-valorant-gen-z-adventskalender-de"", ""_weak"": true, ""_strengthenOnPublish"": {""type"": ""caseStudy""}, ""_key"": ""38357c5e0a781e31""}, {""_type"": ""reference"", ""_ref"": ""case-msm-microsoft-xbox-cassette-player-fotoshooting-de"", ""_weak"": true, ""_strengthenOnPublish"": {""type"": ""caseStudy""}, ""_key"": ""ac0dc040d2b1d8b8""}, {""_type"": ""reference"", ""_ref"": ""case-msm-hermes-arzneimittel-employer-branding-de"", ""_weak"": true, ""_strengthenOnPublish"": {""type"": ""caseStudy""}, ""_key"": ""14157087c5c41a91""}], ""leadership"": [{""_type"": ""msmUnitLeader"", ""_key"": ""837cc009d3d0d08f"", ""person"": {""_type"": ""reference"", ""_ref"": ""person-msm-kirsten-huecker-de"", ""_weak"": true, ""_strengthenOnPublish"": {""type"": ""person""}}, ""isPrimary"": true, ""position"": ""Deputy Managing Director"", ""quote"": ""DIFFICULT ROADS LEAD TO BEAUTIFUL DESTINATIONS"", ""phone"": ""tel:%20+49%20451%20160%2083560""}, {""_type"": ""msmUnitLeader"", ""_key"": ""ab8c0bc144a10eef"", ""person"": {""_type"": ""reference"", ""_ref"": ""person-msm-nikolas-angerstein-de"", ""_weak"": true, ""_strengthenOnPublish"": {""type"": ""person""}}, ""isPrimary"": false, ""position"": ""Deputy Managing Director"", ""quote"": ""99 PROBLEMS BUT A PITCH AIN'T ONE."", ""phone"": ""tel:%20+49%20451%20160%2083581""}, {""_type"": ""msmUnitLeader"", ""_key"": ""574332463d9cef20"", ""person"": {""_type"": ""reference"", ""_ref"": ""person-msm-nils-kedeinis-de"", ""_weak"": true, ""_strengthenOnPublish"": {""type"": ""person""}}, ""isPrimary"": false, ""position"": ""Deputy Managing Director"", ""quote"": ""DIFFICULT TAKES A DAY. IMPOSSIBLE TAKES A WEEK."", ""phone"": ""tel:%20+49%20451%20160%2083582""}, {""_type"": ""msmUnitLeader"", ""_key"": ""1870c9cf1bf92398"", ""person"": {""_type"": ""reference"", ""_ref"": ""person-msm-timo-studt-de"", ""_weak"": true, ""_strengthenOnPublish"": {""type"": ""person""}}, ""isPrimary"": false, ""position"": ""Deputy Managing Director"", ""quote"": ""…, BUT FIRST COFFEE!"", ""phone"": ""tel:%20+49%20451%20160%20835003""}]}"
https://www.msm.digital/de/business-units/channel-marketing/,/de/units/channel-marketing,de,msmUnit,drafts.msm-unit-channel-marketing-de,Unit hero → Introduction → Capabilities → Leadership → Selected case gallery,"{""caseStudies"": [{""_type"": ""reference"", ""_ref"": ""case-msm-avm-pos-optimierung-de"", ""_weak"": true, ""_strengthenOnPublish"": {""type"": ""caseStudy""}, ""_key"": ""643e8e3786f049cd""}, {""_type"": ""reference"", ""_ref"": ""case-msm-can-do-marketingstrategie-de"", ""_weak"": true, ""_strengthenOnPublish"": {""type"": ""caseStudy""}, ""_key"": ""6b971d4ab850c9c5""}, {""_type"": ""reference"", ""_ref"": ""case-msm-coop-kvicki-q-warteschlangen-management-de"", ""_weak"": true, ""_strengthenOnPublish"": {""type"": ""caseStudy""}, ""_key"": ""63b9c59eeab2350d""}, {""_type"": ""reference"", ""_ref"": ""case-msm-dotnow-retail-experience-de"", ""_weak"": true, ""_strengthenOnPublish"": {""type"": ""caseStudy""}, ""_key"": ""d57c24c26108ea95""}, {""_type"": ""reference"", ""_ref"": ""case-msm-aeg-electrolux-one2five-review-plattform-de"", ""_weak"": true, ""_strengthenOnPublish"": {""type"": ""caseStudy""}, ""_key"": ""0a466b24988b70a1""}, {""_type"": ""reference"", ""_ref"": ""case-msm-electrolux-showkuechen-rollout-de"", ""_weak"": true, ""_strengthenOnPublish"": {""type"": ""caseStudy""}, ""_key"": ""7b2eb2b2a3287d3e""}, {""_type"": ""reference"", ""_ref"": ""case-msm-aeg-electrolux-dishwasher-virtual-reality-de"", ""_weak"": true, ""_strengthenOnPublish"": {""type"": ""caseStudy""}, ""_key"": ""6e1ce2fbe5fcfcab""}, {""_type"": ""reference"", ""_ref"": ""case-msm-eppendorf-e-learning-de"", ""_weak"": true, ""_strengthenOnPublish"": {""type"": ""caseStudy""}, ""_key"": ""fc5859a24262cae1""}, {""_type"": ""reference"", ""_ref"": ""case-msm-foerde-sparkasse-reviews-und-ratings-strategie-de"", ""_weak"": true, ""_strengthenOnPublish"": {""type"": ""caseStudy""}, ""_key"": ""558c7292275d928c""}, {""_type"": ""reference"", ""_ref"": ""case-msm-jakks-pacifik-harry-potter-zauberstab-activation-de"", ""_weak"": true, ""_strengthenOnPublish"": {""type"": ""caseStudy""}, ""_key"": ""100100b3d82cd851""}, {""_type"": ""reference"", ""_ref"": ""case-msm-merlin-skreeens-digital-signage-de"", ""_weak"": true, ""_strengthenOnPublish"": {""type"": ""caseStudy""}, ""_key"": ""12738cda4a6c4ec3""}, {""_type"": ""reference"", ""_ref"": ""case-msm-merlin-entertainments-digital-signage-terminals-de"", ""_weak"": true, ""_strengthenOnPublish"": {""type"": ""caseStudy""}, ""_key"": ""d8192cca78e4e7a8""}, {""_type"": ""reference"", ""_ref"": ""case-msm-microsoft-trainings-de"", ""_weak"": true, ""_strengthenOnPublish"": {""type"": ""caseStudy""}, ""_key"": ""89d8a4642ddfd56c""}, {""_type"": ""reference"", ""_ref"": ""case-msm-microsoft-digital-eatery-de"", ""_weak"": true, ""_strengthenOnPublish"": {""type"": ""caseStudy""}, ""_key"": ""74bae223750e198d""}, {""_type"": ""reference"", ""_ref"": ""case-msm-microsoft-expertzone-social-media-de"", ""_weak"": true, ""_strengthenOnPublish"": {""type"": ""caseStudy""}, ""_key"": ""ad14150b959a6071""}, {""_type"": ""reference"", ""_ref"": ""case-msm-migros-digitale-ar-loyalty-kampagne-de"", ""_weak"": true, ""_strengthenOnPublish"": {""type"": ""caseStudy""}, ""_key"": ""49c9340b971335fd""}, {""_type"": ""reference"", ""_ref"": ""case-msm-minimax-virtual-reality-videoerlebnis-de"", ""_weak"": true, ""_strengthenOnPublish"": {""type"": ""caseStudy""}, ""_key"": ""57023139ffc155ea""}, {""_type"": ""reference"", ""_ref"": ""case-msm-nespresso-okr-visualisierung-de"", ""_weak"": true, ""_strengthenOnPublish"": {""type"": ""caseStudy""}, ""_key"": ""b22a45c80bdf1743""}, {""_type"": ""reference"", ""_ref"": ""case-msm-oculus-produkt-launch-europa-de"", ""_weak"": true, ""_strengthenOnPublish"": {""type"": ""caseStudy""}, ""_key"": ""1d07b89d1383b341""}, {""_type"": ""reference"", ""_ref"": ""case-msm-parrot-retail-marketing-de"", ""_weak"": true, ""_strengthenOnPublish"": {""type"": ""caseStudy""}, ""_key"": ""3d423ecf94437763""}, {""_type"": ""reference"", ""_ref"": ""case-msm-reifen-helm-digital-marketing-de"", ""_weak"": true, ""_strengthenOnPublish"": {""type"": ""caseStudy""}, ""_key"": ""2ba66db87539a3c2""}, {""_type"": ""reference"", ""_ref"": ""case-msm-retail-training-per-escape-room-de"", ""_weak"": true, ""_strengthenOnPublish"": {""type"": ""caseStudy""}, ""_key"": ""6b19a24316a6e11b""}, {""_type"": ""reference"", ""_ref"": ""case-msm-ring-retail-marketing-de"", ""_weak"": true, ""_strengthenOnPublish"": {""type"": ""caseStudy""}, ""_key"": ""074d7b253a71cd41""}, {""_type"": ""reference"", ""_ref"": ""case-msm-samsung-sales-training-de"", ""_weak"": true, ""_strengthenOnPublish"": {""type"": ""caseStudy""}, ""_key"": ""5b8ede7135086554""}, {""_type"": ""reference"", ""_ref"": ""case-msm-schleich-digitale-instore-activation-de"", ""_weak"": true, ""_strengthenOnPublish"": {""type"": ""caseStudy""}, ""_key"": ""d2b2ccf1e7a11949""}, {""_type"": ""reference"", ""_ref"": ""case-msm-turtle-beach-digitale-produkt-kommunikation-de"", ""_weak"": true, ""_strengthenOnPublish"": {""type"": ""caseStudy""}, ""_key"": ""27c304d11db8ec99""}, {""_type"": ""reference"", ""_ref"": ""case-msm-ubs-global-employer-branding-de"", ""_weak"": true, ""_strengthenOnPublish"": {""type"": ""caseStudy""}, ""_key"": ""875b53da66363074""}, {""_type"": ""reference"", ""_ref"": ""case-msm-ubs-virtuelle-treasure-hunt-de"", ""_weak"": true, ""_strengthenOnPublish"": {""type"": ""caseStudy""}, ""_key"": ""5df88a4061bed738""}, {""_type"": ""reference"", ""_ref"": ""case-msm-microsoft-misx-moebel-rollout-de"", ""_weak"": true, ""_strengthenOnPublish"": {""type"": ""caseStudy""}, ""_key"": ""76fe262810bae1af""}, {""_type"": ""reference"", ""_ref"": ""case-msm-hermes-arzneimittel-employer-branding-de"", ""_weak"": true, ""_strengthenOnPublish"": {""type"": ""caseStudy""}, ""_key"": ""14157087c5c41a91""}, {""_type"": ""reference"", ""_ref"": ""case-msm-anker-und-soundcore-retail-space-experience-de"", ""_weak"": true, ""_strengthenOnPublish"": {""type"": ""caseStudy""}, ""_key"": ""5c8d958af2bd3afe""}, {""_type"": ""reference"", ""_ref"": ""case-msm-anker-lollapalooza-truck-promotion-de"", ""_weak"": true, ""_strengthenOnPublish"": {""type"": ""caseStudy""}, ""_key"": ""dade9c1c16a1f006""}, {""_type"": ""reference"", ""_ref"": ""case-msm-decivisual-ux-ui-und-branding-de"", ""_weak"": true, ""_strengthenOnPublish"": {""type"": ""caseStudy""}, ""_key"": ""6c55c4fdca15d950""}, {""_type"": ""reference"", ""_ref"": ""case-msm-daikin-b2c-b2b-energie-bonus-de"", ""_weak"": true, ""_strengthenOnPublish"": {""type"": ""caseStudy""}, ""_key"": ""84b3b898767e62bd""}, {""_type"": ""reference"", ""_ref"": ""case-msm-hisense-uefa-cashback-kampagne-de"", ""_weak"": true, ""_strengthenOnPublish"": {""type"": ""caseStudy""}, ""_key"": ""d5842229f52f0320""}], ""leadership"": [{""_type"": ""msmUnitLeader"", ""_key"": ""db7a8a7b3223a40d"", ""person"": {""_type"": ""reference"", ""_ref"": ""person-msm-lennart-scheel-de"", ""_weak"": true, ""_strengthenOnPublish"": {""type"": ""person""}}, ""isPrimary"": true, ""position"": ""Head of Project Management"", ""quote"": ""GREAT PEOPLE CREATE GREAT SOLUTIONS, SO IT'S ALL ABOUT PEOPLE."", ""phone"": ""tel:%20+49%20451%20160%20835001""}, {""_type"": ""msmUnitLeader"", ""_key"": ""19103617a370fea3"", ""person"": {""_type"": ""reference"", ""_ref"": ""person-msm-sven-weber-de"", ""_weak"": true, ""_strengthenOnPublish"": {""type"": ""person""}}, ""isPrimary"": false, ""position"": ""Deputy Managing Director"", ""quote"": ""HAPPINESS IS NOT A CHECKLIST."", ""phone"": ""tel:%20+49%20170%20226%205322""}, {""_type"": ""msmUnitLeader"", ""_key"": ""9579a2fd56521363"", ""person"": {""_type"": ""reference"", ""_ref"": ""person-msm-tobias-schn-de"", ""_weak"": true, ""_strengthenOnPublish"": {""type"": ""person""}}, ""isPrimary"": false, ""position"": ""Creative Director"", ""quote"": ""THERE IS NO CTRL + DESIGN SHORTCUT"", ""phone"": ""tel:%20+49%20451%20160%2083%20546""}, {""_type"": ""msmUnitLeader"", ""_key"": ""23625dd3d52813c5"", ""person"": {""_type"": ""reference"", ""_ref"": ""person-msm-maic-ungermann-de"", ""_weak"": true, ""_strengthenOnPublish"": {""type"": ""person""}}, ""isPrimary"": false, ""position"": ""Advisor / Managing Director MSM.digital Nordics"", ""quote"": ""THE BEST JOB IS THE ONE YOU HAVE THE MOST FUN WITH."", ""phone"": ""tel:%20+46%2076%20850%205719""}]}"
https://www.msm.digital/de/business-units/ar-vr-labs/,/de/units/xr-labs,de,msmUnit,drafts.msm-unit-xr-labs-de,Unit hero → Introduction → Capabilities → Leadership → contentSection [90b166b2bbd94825] → Selected case gallery,"{""caseStudies"": [{""_type"": ""reference"", ""_ref"": ""case-msm-brother-augmented-reality-de"", ""_weak"": true, ""_strengthenOnPublish"": {""type"": ""caseStudy""}, ""_key"": ""f29716f2e623156e""}, {""_type"": ""reference"", ""_ref"": ""case-msm-aeg-electrolux-dishwasher-virtual-reality-de"", ""_weak"": true, ""_strengthenOnPublish"": {""type"": ""caseStudy""}, ""_key"": ""6e1ce2fbe5fcfcab""}, {""_type"": ""reference"", ""_ref"": ""case-msm-ernst-klett-verlag-content-enrichment-fuer-printprodukte-de"", ""_weak"": true, ""_strengthenOnPublish"": {""type"": ""caseStudy""}, ""_key"": ""c4e361dea729b6d8""}, {""_type"": ""reference"", ""_ref"": ""case-msm-expert-augmented-reality-produkterlebnis-de"", ""_weak"": true, ""_strengthenOnPublish"": {""type"": ""caseStudy""}, ""_key"": ""9efad72cd2a8383a""}, {""_type"": ""reference"", ""_ref"": ""case-msm-migros-digitale-ar-loyalty-kampagne-de"", ""_weak"": true, ""_strengthenOnPublish"": {""type"": ""caseStudy""}, ""_key"": ""49c9340b971335fd""}, {""_type"": ""reference"", ""_ref"": ""case-msm-minimax-virtual-reality-videoerlebnis-de"", ""_weak"": true, ""_strengthenOnPublish"": {""type"": ""caseStudy""}, ""_key"": ""57023139ffc155ea""}, {""_type"": ""reference"", ""_ref"": ""case-msm-coca-cola-metarcube-de"", ""_weak"": true, ""_strengthenOnPublish"": {""type"": ""caseStudy""}, ""_key"": ""e5e589b672c2ed5e""}, {""_type"": ""reference"", ""_ref"": ""case-msm-ar-showrooms-de"", ""_weak"": true, ""_strengthenOnPublish"": {""type"": ""caseStudy""}, ""_key"": ""13cf0a9be10c200e""}], ""leadership"": [{""_type"": ""msmUnitLeader"", ""_key"": ""7413167d4ccf63db"", ""person"": {""_type"": ""reference"", ""_ref"": ""person-msm-camillo-stark-de"", ""_weak"": true, ""_strengthenOnPublish"": {""type"": ""person""}}, ""isPrimary"": true, ""position"": ""Head of Business Development"", ""quote"": ""REALITY IS RELATIVE…"", ""phone"": ""tel:%20+49%20451%20160%2083%205002""}]}"
https://www.msm.digital/de/business-units/technologysystems/,/de/units/technology-systems,de,msmUnit,drafts.msm-unit-technology-systems-de,Unit hero → Introduction → Capabilities → Leadership → contentSection [37b19f6fd7c34ae4] → Selected case gallery,"{""caseStudies"": [{""_type"": ""reference"", ""_ref"": ""case-msm-aeg-electrolux-one2five-review-plattform-de"", ""_weak"": true, ""_strengthenOnPublish"": {""type"": ""caseStudy""}, ""_key"": ""0a466b24988b70a1""}, {""_type"": ""reference"", ""_ref"": ""case-msm-aeg-electrolux-dishwasher-virtual-reality-de"", ""_weak"": true, ""_strengthenOnPublish"": {""type"": ""caseStudy""}, ""_key"": ""6e1ce2fbe5fcfcab""}, {""_type"": ""reference"", ""_ref"": ""case-msm-hermes-arzneimittel-employer-branding-de"", ""_weak"": true, ""_strengthenOnPublish"": {""type"": ""caseStudy""}, ""_key"": ""14157087c5c41a91""}, {""_type"": ""reference"", ""_ref"": ""case-msm-merlin-entertainments-digital-signage-terminals-de"", ""_weak"": true, ""_strengthenOnPublish"": {""type"": ""caseStudy""}, ""_key"": ""d8192cca78e4e7a8""}, {""_type"": ""reference"", ""_ref"": ""case-msm-microsoft-ecommerce-de"", ""_weak"": true, ""_strengthenOnPublish"": {""type"": ""caseStudy""}, ""_key"": ""3dbfb30222d879e3""}, {""_type"": ""reference"", ""_ref"": ""case-msm-reifen-helm-digital-marketing-de"", ""_weak"": true, ""_strengthenOnPublish"": {""type"": ""caseStudy""}, ""_key"": ""2ba66db87539a3c2""}, {""_type"": ""reference"", ""_ref"": ""case-msm-schleich-digitale-instore-activation-de"", ""_weak"": true, ""_strengthenOnPublish"": {""type"": ""caseStudy""}, ""_key"": ""d2b2ccf1e7a11949""}, {""_type"": ""reference"", ""_ref"": ""case-msm-turtle-beach-digitale-produkt-kommunikation-de"", ""_weak"": true, ""_strengthenOnPublish"": {""type"": ""caseStudy""}, ""_key"": ""27c304d11db8ec99""}], ""leadership"": [{""_type"": ""msmUnitLeader"", ""_key"": ""db7a8a7b3223a40d"", ""person"": {""_type"": ""reference"", ""_ref"": ""person-msm-lennart-scheel-de"", ""_weak"": true, ""_strengthenOnPublish"": {""type"": ""person""}}, ""isPrimary"": true, ""position"": ""Head of Project Management"", ""quote"": ""GREAT PEOPLE CREATE GREAT SOLUTIONS, SO IT'S ALL ABOUT PEOPLE."", ""phone"": ""tel:%20+49%20451%20160%20835001""}]}"
https://www.msm.digital/business-units/,/units,en,page,drafts.msm-page-units-en,msmUnitsGrid [units],{}
https://www.msm.digital/services-products/,/services,en,page,drafts.msm-page-services-en,servicesHeroWithBadge [hero] → contentSection [580a1cd60cb88c18] → msmServiceDirectory [directory] → intertitleCTA [05732c91734b94a2],{}
https://www.msm.digital/de/business-units/,/de/units,de,page,drafts.msm-page-units-de,msmUnitsGrid [units],{}
https://www.msm.digital/de/services-products/,/de/services,de,page,drafts.msm-page-services-de,servicesHeroWithBadge [hero] → contentSection [6d6d08c95bbf28fc] → msmServiceDirectory [directory],{}
https://www.msm.digital/,/,en,page,drafts.msm-page-home-en,oneSPHeader [hero] → casesIntro [proof] → casesGalleryFiltered [proof-cases] → contentSection [19581e27de7ced00] → intertitleCTA [03c00d86411548d6] → contentSection [6b51d431df5d7f14] → intertitleCTA [1038e2ac6a3c35cc] → msmUnitsGrid [units] → galleryPeopleStep [people] → contentSection [7cfeefe41180af92] → intertitleCTA [178bb98f65da9e77],{}
https://www.msm.digital/de/,/de/,de,page,drafts.msm-page-home-de,oneSPHeader [hero] → casesIntro [proof] → casesGalleryFiltered [proof-cases] → contentSection [084917af148384c1] → intertitleCTA [8ac13fe574c20815] → msmUnitsGrid [units] → contentSection [7a173b0aefb34fa7] → intertitleCTA [3dad9f7aa980c2ce],{}
https://www.msm.digital/contact/,/contact,en,page,drafts.msm-page-contact-en,Contact form (headline and intro from CMS) → contentSection [contact-links] → contentSection [social-links],{}
https://www.msm.digital/de/contact/,/de/contact,de,page,drafts.msm-page-contact-de,Contact form (headline and intro from CMS) → contentSection [contact-links] → contentSection [social-links],{}
https://www.msm.digital/disclaimer/,/disclaimer,en,page,drafts.page-msm-disclaimer-en,servicesHeroWithBadge [hero] → contentSection [legal],{}
https://www.msm.digital/privacy-policy/,/privacy-policy,en,page,drafts.page-msm-privacy-policy-en,servicesHeroWithBadge [hero] → contentSection [legal],{}
https://www.msm.digital/de/disclaimer/,/de/disclaimer,de,page,drafts.page-msm-disclaimer-de,servicesHeroWithBadge [hero] → contentSection [legal],{}
https://www.msm.digital/de/privacy-policy/,/de/privacy-policy,de,page,drafts.page-msm-privacy-policy-de,servicesHeroWithBadge [hero] → contentSection [legal],{}
