row,url,status,destination,note
2,https://www.msm.digital/,mapped,msm-page-home-en.metadata.title,
3,https://www.msm.digital/,mapped,msm-page-home-en.metadata.description,
4,https://www.msm.digital/,mapped,msm-page-home-en.content.hero.eyebrow,
5,https://www.msm.digital/,mapped,msm-page-home-en.content.hero.headline,
6,https://www.msm.digital/,mapped,msm-page-home-en.content.hero.paragraphs,
7,https://www.msm.digital/,mapped,msm-page-home-en.content.hero.cta.text,
8,https://www.msm.digital/,mapped,msm-page-home-en.content.hashtaglove.title,
9,https://www.msm.digital/,mapped,msm-page-home-en.content,
10,https://www.msm.digital/,mapped,msm-page-home-en.content.hashtaglove.cta,
11,https://www.msm.digital/,mapped,msm-page-home-en.content.godigital.title,
12,https://www.msm.digital/,mapped,msm-page-home-en.content,
13,https://www.msm.digital/,mapped,msm-page-home-en.content.godigital.cta,
14,https://www.msm.digital/,mapped,msm-page-home-en.content.proof.subtitle,
15,https://www.msm.digital/,mapped,msm-page-home-en.content.proof.title,
16,https://www.msm.digital/,mapped,msm-page-home-en.content.units.items,
17,https://www.msm.digital/,preserved,msm-page-home-en.content.galleryPeopleStep,Seven named staff quotations resolve through the MSM person editions.
18,https://www.msm.digital/,resolved-reference,msm-page-home-en.content.proof-cases,"Exact original campaign URLs, not the spreadsheet layout recommendation."
19,https://www.msm.digital/,mapped,msm-page-home-en.content.founders.title,
20,https://www.msm.digital/,mapped,msm-page-home-en.content,
21,https://www.msm.digital/,mapped,msm-page-home-en.content,
22,https://www.msm.digital/,mapped,msm-page-home-en.content.founders.cta,
23,https://www.msm.digital/business-units/,mapped,msm-page-units-en.metadata.title,
24,https://www.msm.digital/business-units/,mapped,msm-page-units-en.metadata.description,
25,https://www.msm.digital/business-units/,mapped,msm-page-units-en.content[units].eyebrow,
26,https://www.msm.digital/business-units/,mapped,msm-page-units-en.content[units].headline,
27,https://www.msm.digital/business-units/,mapped,msm-page-units-en.content[units].intro,
28,https://www.msm.digital/business-units/,mapped,msm-page-units-en.content[units].items,
29,https://www.msm.digital/business-units/,mapped,msm-page-units-en.content[units].items,
30,https://www.msm.digital/business-units/,mapped,msm-page-units-en.content[units].items,
31,https://www.msm.digital/business-units/,mapped,msm-page-units-en.content[units].items,
32,https://www.msm.digital/business-units/communications/,mapped,msm-unit-communications-en.metadata.title,
33,https://www.msm.digital/business-units/communications/,mapped,msm-unit-communications-en.metadata.description,
34,https://www.msm.digital/business-units/communications/,mapped,msm-unit-communications-en.descriptor,
35,https://www.msm.digital/business-units/communications/,mapped,msm-unit-communications-en.name,
36,https://www.msm.digital/business-units/communications/,mapped,msm-unit-communications-en.claim,
37,https://www.msm.digital/business-units/communications/,mapped,msm-unit-communications-en.body,
38,https://www.msm.digital/business-units/communications/,mapped,msm-unit-communications-en.body,
39,https://www.msm.digital/business-units/communications/,mapped,msm-unit-communications-en.content[contact].subtitle,
40,https://www.msm.digital/business-units/communications/,mapped,msm-unit-communications-en.leadershipHeading,
41,https://www.msm.digital/business-units/communications/,resolved-reference,msm-unit-communications-en.relationships,Recovered exact campaign and person URLs from the source page.
42,https://www.msm.digital/business-units/communications/,mapped,msm-unit-communications-en.casesHeading,
43,https://www.msm.digital/business-units/communications/,resolved-reference,msm-unit-communications-en.relationships,Recovered exact campaign and person URLs from the source page.
44,https://www.msm.digital/business-units/channel-marketing/,mapped,msm-unit-channel-marketing-en.metadata.title,
45,https://www.msm.digital/business-units/channel-marketing/,mapped,msm-unit-channel-marketing-en.metadata.description,
46,https://www.msm.digital/business-units/channel-marketing/,mapped,msm-unit-channel-marketing-en.descriptor,
47,https://www.msm.digital/business-units/channel-marketing/,mapped,msm-unit-channel-marketing-en.name,
48,https://www.msm.digital/business-units/channel-marketing/,mapped,msm-unit-channel-marketing-en.claim,
49,https://www.msm.digital/business-units/channel-marketing/,mapped,msm-unit-channel-marketing-en.body,
50,https://www.msm.digital/business-units/channel-marketing/,mapped,msm-unit-channel-marketing-en.body,
51,https://www.msm.digital/business-units/channel-marketing/,mapped,msm-unit-channel-marketing-en.body,
52,https://www.msm.digital/business-units/channel-marketing/,mapped,msm-unit-channel-marketing-en.body,
53,https://www.msm.digital/business-units/channel-marketing/,mapped,msm-unit-channel-marketing-en.leadershipHeading,
54,https://www.msm.digital/business-units/channel-marketing/,resolved-reference,msm-unit-channel-marketing-en.relationships,Recovered exact campaign and person URLs from the source page.
55,https://www.msm.digital/business-units/channel-marketing/,mapped,msm-unit-channel-marketing-en.casesHeading,
56,https://www.msm.digital/business-units/channel-marketing/,resolved-reference,msm-unit-channel-marketing-en.relationships,Recovered exact campaign and person URLs from the source page.
57,https://www.msm.digital/business-units/ar-vr-labs/,mapped,msm-unit-xr-labs-en.metadata.title,
58,https://www.msm.digital/business-units/ar-vr-labs/,mapped,msm-unit-xr-labs-en.metadata.description,
59,https://www.msm.digital/business-units/ar-vr-labs/,mapped,msm-unit-xr-labs-en.descriptor,
60,https://www.msm.digital/business-units/ar-vr-labs/,mapped,msm-unit-xr-labs-en.name,
61,https://www.msm.digital/business-units/ar-vr-labs/,mapped,msm-unit-xr-labs-en.claim,
62,https://www.msm.digital/business-units/ar-vr-labs/,mapped,msm-unit-xr-labs-en.body,
63,https://www.msm.digital/business-units/ar-vr-labs/,mapped,msm-unit-xr-labs-en.body,
64,https://www.msm.digital/business-units/ar-vr-labs/,mapped,msm-unit-xr-labs-en.leadershipHeading,
65,https://www.msm.digital/business-units/ar-vr-labs/,resolved-reference,msm-unit-xr-labs-en.relationships,Recovered exact campaign and person URLs from the source page.
66,https://www.msm.digital/business-units/ar-vr-labs/,mapped,msm-unit-xr-labs-en.content,
67,https://www.msm.digital/business-units/ar-vr-labs/,mapped,msm-unit-xr-labs-en.content,
68,https://www.msm.digital/business-units/ar-vr-labs/,mapped,msm-unit-xr-labs-en.casesHeading,
69,https://www.msm.digital/business-units/ar-vr-labs/,resolved-reference,msm-unit-xr-labs-en.relationships,Recovered exact campaign and person URLs from the source page.
70,https://www.msm.digital/business-units/technology-systems/,mapped,msm-unit-technology-systems-en.metadata.title,
71,https://www.msm.digital/business-units/technology-systems/,mapped,msm-unit-technology-systems-en.metadata.description,
72,https://www.msm.digital/business-units/technology-systems/,mapped,msm-unit-technology-systems-en.descriptor,
73,https://www.msm.digital/business-units/technology-systems/,mapped,msm-unit-technology-systems-en.name,
74,https://www.msm.digital/business-units/technology-systems/,mapped,msm-unit-technology-systems-en.claim,
75,https://www.msm.digital/business-units/technology-systems/,mapped,msm-unit-technology-systems-en.body,
76,https://www.msm.digital/business-units/technology-systems/,mapped,msm-unit-technology-systems-en.body,
77,https://www.msm.digital/business-units/technology-systems/,mapped,msm-unit-technology-systems-en.leadershipHeading,
78,https://www.msm.digital/business-units/technology-systems/,resolved-reference,msm-unit-technology-systems-en.relationships,Recovered exact campaign and person URLs from the source page.
79,https://www.msm.digital/business-units/technology-systems/,mapped,msm-unit-technology-systems-en.content,
80,https://www.msm.digital/business-units/technology-systems/,mapped,msm-unit-technology-systems-en.content,
81,https://www.msm.digital/business-units/technology-systems/,mapped,msm-unit-technology-systems-en.casesHeading,
82,https://www.msm.digital/business-units/technology-systems/,resolved-reference,msm-unit-technology-systems-en.relationships,Recovered exact campaign and person URLs from the source page.
83,https://www.msm.digital/contact/,mapped,msm-page-contact-en.metadata.title,
84,https://www.msm.digital/contact/,mapped,msm-page-contact-en.metadata.description,
85,https://www.msm.digital/contact/,mapped,msm-page-contact-en.contactForm.headline,
86,https://www.msm.digital/contact/,mapped,msm-page-contact-en.contactForm.subheadline,
87,https://www.msm.digital/contact/,preserved,msm-page-contact-en.content.contact-links,Source contact URLs retained as functional links.
88,https://www.msm.digital/contact/,mapped,msm-page-contact-en.content.social-links.title,
89,https://www.msm.digital/contact/,mapped,msm-page-contact-en.content[social-links].content,
90,https://www.msm.digital/disclaimer/,mapped,page-msm-disclaimer-en.metadata.title,
91,https://www.msm.digital/disclaimer/,preserved,page-msm-disclaimer-en.metadata.description,
92,https://www.msm.digital/disclaimer/,mapped,page-msm-disclaimer-en.content.hero.title,
93,https://www.msm.digital/disclaimer/,preserved,page-msm-disclaimer-en.content.legal,Complete original legal body recovered; workbook legal-review notes remain review items.
94,https://www.msm.digital/disclaimer/,preserved,page-msm-disclaimer-en.content.legal,Complete original legal body recovered; workbook legal-review notes remain review items.
95,https://www.msm.digital/disclaimer/,preserved,page-msm-disclaimer-en.content.legal,Complete original legal body recovered; workbook legal-review notes remain review items.
96,https://www.msm.digital/privacy-policy/,mapped,page-msm-privacy-policy-en.metadata.title,
97,https://www.msm.digital/privacy-policy/,preserved,page-msm-privacy-policy-en.metadata.description,
98,https://www.msm.digital/privacy-policy/,mapped,page-msm-privacy-policy-en.content.hero.title,
99,https://www.msm.digital/privacy-policy/,preserved,page-msm-privacy-policy-en.content.legal,Complete original legal body recovered; workbook legal-review notes remain review items.
100,https://www.msm.digital/privacy-policy/,preserved,page-msm-privacy-policy-en.content.legal,Complete original legal body recovered; workbook legal-review notes remain review items.
101,https://www.msm.digital/privacy-policy/,preserved,page-msm-privacy-policy-en.content.legal,Complete original legal body recovered; workbook legal-review notes remain review items.
102,https://www.msm.digital/privacy-policy/,preserved,page-msm-privacy-policy-en.content.legal,Complete original legal body recovered; workbook legal-review notes remain review items.
103,https://www.msm.digital/privacy-policy/,preserved,page-msm-privacy-policy-en.content.legal,Complete original legal body recovered; workbook legal-review notes remain review items.
104,https://www.msm.digital/privacy-policy/,preserved,page-msm-privacy-policy-en.content.legal,Complete original legal body recovered; workbook legal-review notes remain review items.
105,https://www.msm.digital/privacy-policy/,preserved,page-msm-privacy-policy-en.content.legal,Complete original legal body recovered; workbook legal-review notes remain review items.
106,https://www.msm.digital/privacy-policy/,preserved,page-msm-privacy-policy-en.content.legal,Complete original legal body recovered; workbook legal-review notes remain review items.
107,https://www.msm.digital/privacy-policy/,preserved,page-msm-privacy-policy-en.content.legal,Complete original legal body recovered; workbook legal-review notes remain review items.
108,https://www.msm.digital/privacy-policy/,preserved,page-msm-privacy-policy-en.content.legal,Complete original legal body recovered; workbook legal-review notes remain review items.
109,https://www.msm.digital/privacy-policy/,preserved,page-msm-privacy-policy-en.content.legal,Complete original legal body recovered; workbook legal-review notes remain review items.
110,https://www.msm.digital/privacy-policy/,preserved,page-msm-privacy-policy-en.content.legal,Complete original legal body recovered; workbook legal-review notes remain review items.
111,https://www.msm.digital/services-products/,mapped,msm-page-services-en.metadata.title,
112,https://www.msm.digital/services-products/,mapped,msm-page-services-en.metadata.description,
113,https://www.msm.digital/services-products/,mapped,msm-page-services-en.content[hero].title,
114,https://www.msm.digital/services-products/,mapped,msm-page-services-en.content,
115,https://www.msm.digital/services-products/,mapped,msm-page-services-en.content,
116,https://www.msm.digital/services-products/,mapped,msm-page-services-en.content.directory.items,
117,https://www.msm.digital/services-products/,mapped,msm-page-services-en.content.directory.items,
118,https://www.msm.digital/services-products/,mapped,msm-page-services-en.content.directory.items,
119,https://www.msm.digital/services-products/,mapped,msm-page-services-en.content.directory.items,
120,https://www.msm.digital/services-products/,mapped,msm-page-services-en.content.directory.items,
121,https://www.msm.digital/services-products/,mapped,msm-page-services-en.content.directory.items,
122,https://www.msm.digital/services-products/,mapped,msm-page-services-en.content.directory.items,
123,https://www.msm.digital/services-products/,mapped,msm-page-services-en.content.directory.items,
124,https://www.msm.digital/services-products/,mapped,msm-page-services-en.content.directory.items,
125,https://www.msm.digital/services-products/,mapped,msm-page-services-en.content.directory.items,
126,https://www.msm.digital/services-products/,mapped,msm-page-services-en.content.directory.items,
127,https://www.msm.digital/services-products/,mapped,msm-page-services-en.content.directory.items,
128,https://www.msm.digital/services-products/,mapped,msm-page-services-en.content.directory.items,
129,https://www.msm.digital/services-products/,mapped,msm-page-services-en.content.directory.items,
130,https://www.msm.digital/services-products/,mapped,msm-page-services-en.content.directory.items,
131,https://www.msm.digital/services-products/,mapped,msm-page-services-en.content.directory.items,
132,https://www.msm.digital/services-products/,mapped,msm-page-services-en.content.directory.items,
133,https://www.msm.digital/services-products/,mapped,msm-page-services-en.content.godigital.cta,
134,https://www.msm.digital/services-products/,mapped,msm-page-services-en.content.directory.items.linkLabel,Destination-specific links use the existing localized component label.
135,https://www.msm.digital/service/social-media/,mapped,page-msm-service-social-media-en.metadata.title,
136,https://www.msm.digital/service/social-media/,mapped,page-msm-service-social-media-en.metadata.description,
137,https://www.msm.digital/service/social-media/,mapped,page-msm-service-social-media-en.content[hero].title,
138,https://www.msm.digital/service/social-media/,mapped,page-msm-service-social-media-en.content[hero].badgeText,
139,https://www.msm.digital/service/social-media/,mapped,page-msm-service-social-media-en.content,
140,https://www.msm.digital/service/social-media/,mapped,page-msm-service-social-media-en.content,
141,https://www.msm.digital/service/social-media/,mapped,page-msm-service-social-media-en.content,
142,https://www.msm.digital/service/social-media/,mapped,page-msm-service-social-media-en.content.cta.subtitle,
143,https://www.msm.digital/service/social-media/,resolved-reference,page-msm-service-social-media-en.content.casesGalleryFiltered,
144,https://www.msm.digital/service/pr/,mapped,page-msm-service-pr-en.metadata.title,
145,https://www.msm.digital/service/pr/,mapped,page-msm-service-pr-en.metadata.description,
146,https://www.msm.digital/service/pr/,mapped,page-msm-service-pr-en.content[hero].title,
147,https://www.msm.digital/service/pr/,mapped,page-msm-service-pr-en.content[hero].badgeText,
148,https://www.msm.digital/service/pr/,mapped,page-msm-service-pr-en.content,
149,https://www.msm.digital/service/pr/,mapped,page-msm-service-pr-en.content,
150,https://www.msm.digital/service/pr/,mapped,page-msm-service-pr-en.content,
151,https://www.msm.digital/service/pr/,mapped,page-msm-service-pr-en.content,
152,https://www.msm.digital/service/pr/,mapped,page-msm-service-pr-en.content,
153,https://www.msm.digital/service/pr/,mapped,page-msm-service-pr-en.content.cta.subtitle,
154,https://www.msm.digital/service/pr/,resolved-reference,page-msm-service-pr-en.content.casesGalleryFiltered,
155,https://www.msm.digital/service/influencer-marketing/,mapped,page-msm-service-influencer-marketing-en.metadata.title,
156,https://www.msm.digital/service/influencer-marketing/,mapped,page-msm-service-influencer-marketing-en.metadata.description,
157,https://www.msm.digital/service/influencer-marketing/,mapped,page-msm-service-influencer-marketing-en.content[hero].title,
158,https://www.msm.digital/service/influencer-marketing/,mapped,page-msm-service-influencer-marketing-en.content[hero].badgeText,
159,https://www.msm.digital/service/influencer-marketing/,mapped,page-msm-service-influencer-marketing-en.content,
160,https://www.msm.digital/service/influencer-marketing/,mapped,page-msm-service-influencer-marketing-en.content,
161,https://www.msm.digital/service/influencer-marketing/,mapped,page-msm-service-influencer-marketing-en.content,
162,https://www.msm.digital/service/influencer-marketing/,mapped,page-msm-service-influencer-marketing-en.content,
163,https://www.msm.digital/service/influencer-marketing/,mapped,page-msm-service-influencer-marketing-en.content.cta.subtitle,
164,https://www.msm.digital/service/influencer-marketing/,resolved-reference,page-msm-service-influencer-marketing-en.content.casesGalleryFiltered,
165,https://www.msm.digital/service/pos-marketing/,mapped,page-msm-service-pos-marketing-en.metadata.title,
166,https://www.msm.digital/service/pos-marketing/,mapped,page-msm-service-pos-marketing-en.metadata.description,
167,https://www.msm.digital/service/pos-marketing/,mapped,page-msm-service-pos-marketing-en.content[hero].title,
168,https://www.msm.digital/service/pos-marketing/,mapped,page-msm-service-pos-marketing-en.content[hero].badgeText,
169,https://www.msm.digital/service/pos-marketing/,mapped,page-msm-service-pos-marketing-en.content,
170,https://www.msm.digital/service/pos-marketing/,mapped,page-msm-service-pos-marketing-en.content,
171,https://www.msm.digital/service/pos-marketing/,mapped,page-msm-service-pos-marketing-en.content,
172,https://www.msm.digital/service/pos-marketing/,mapped,page-msm-service-pos-marketing-en.content,
173,https://www.msm.digital/service/pos-marketing/,mapped,page-msm-service-pos-marketing-en.content.cta.subtitle,
174,https://www.msm.digital/service/pos-marketing/,resolved-reference,page-msm-service-pos-marketing-en.content.casesGalleryFiltered,
175,https://www.msm.digital/service/review-platform/,mapped,page-msm-service-review-platform-en.metadata.title,
176,https://www.msm.digital/service/review-platform/,mapped,page-msm-service-review-platform-en.metadata.description,
177,https://www.msm.digital/service/review-platform/,mapped,page-msm-service-review-platform-en.content[hero].title,
178,https://www.msm.digital/service/review-platform/,mapped,page-msm-service-review-platform-en.content[hero].badgeText,
179,https://www.msm.digital/service/review-platform/,mapped,page-msm-service-review-platform-en.content,
180,https://www.msm.digital/service/review-platform/,mapped,page-msm-service-review-platform-en.content,
181,https://www.msm.digital/service/review-platform/,mapped,page-msm-service-review-platform-en.content,
182,https://www.msm.digital/service/review-platform/,mapped,page-msm-service-review-platform-en.content,
183,https://www.msm.digital/service/review-platform/,mapped,page-msm-service-review-platform-en.content,
184,https://www.msm.digital/service/review-platform/,mapped,page-msm-service-review-platform-en.content.cta.subtitle,
185,https://www.msm.digital/service/review-platform/,resolved-reference,page-msm-service-review-platform-en.content.casesGalleryFiltered,
186,https://www.msm.digital/service/augmented-and-virtual-reality/,mapped,page-msm-service-augmented-and-virtual-reality-en.metadata.title,
187,https://www.msm.digital/service/augmented-and-virtual-reality/,mapped,page-msm-service-augmented-and-virtual-reality-en.metadata.description,
188,https://www.msm.digital/service/augmented-and-virtual-reality/,mapped,page-msm-service-augmented-and-virtual-reality-en.content[hero].title,
189,https://www.msm.digital/service/augmented-and-virtual-reality/,mapped,page-msm-service-augmented-and-virtual-reality-en.content[hero].badgeText,
190,https://www.msm.digital/service/augmented-and-virtual-reality/,mapped,page-msm-service-augmented-and-virtual-reality-en.content,
191,https://www.msm.digital/service/augmented-and-virtual-reality/,mapped,page-msm-service-augmented-and-virtual-reality-en.content,
192,https://www.msm.digital/service/augmented-and-virtual-reality/,mapped,page-msm-service-augmented-and-virtual-reality-en.content,
193,https://www.msm.digital/service/augmented-and-virtual-reality/,mapped,page-msm-service-augmented-and-virtual-reality-en.content.cta.subtitle,
194,https://www.msm.digital/service/augmented-and-virtual-reality/,resolved-reference,page-msm-service-augmented-and-virtual-reality-en.content.casesGalleryFiltered,
195,https://www.msm.digital/service/couplar/,mapped,page-msm-service-couplar-en.metadata.title,
196,https://www.msm.digital/service/couplar/,mapped,page-msm-service-couplar-en.metadata.description,
197,https://www.msm.digital/service/couplar/,mapped,page-msm-service-couplar-en.content[hero].title,
198,https://www.msm.digital/service/couplar/,mapped,page-msm-service-couplar-en.content[hero].badgeText,
199,https://www.msm.digital/service/couplar/,mapped,page-msm-service-couplar-en.content,
200,https://www.msm.digital/service/couplar/,mapped,page-msm-service-couplar-en.content,
201,https://www.msm.digital/service/couplar/,mapped,page-msm-service-couplar-en.content.cta.subtitle,
202,https://www.msm.digital/service/couplar/,resolved-reference,page-msm-service-couplar-en.content.casesGalleryFiltered,
203,https://www.msm.digital/service/ar-link/,mapped,page-msm-service-ar-link-en.metadata.title,
204,https://www.msm.digital/service/ar-link/,mapped,page-msm-service-ar-link-en.metadata.description,
205,https://www.msm.digital/service/ar-link/,mapped,page-msm-service-ar-link-en.content[hero].title,
206,https://www.msm.digital/service/ar-link/,mapped,page-msm-service-ar-link-en.content[hero].badgeText,
207,https://www.msm.digital/service/ar-link/,mapped,page-msm-service-ar-link-en.content,
208,https://www.msm.digital/service/ar-link/,mapped,page-msm-service-ar-link-en.content,
209,https://www.msm.digital/service/ar-link/,mapped,page-msm-service-ar-link-en.content,
210,https://www.msm.digital/service/ar-link/,mapped,page-msm-service-ar-link-en.content,
211,https://www.msm.digital/service/ar-link/,mapped,page-msm-service-ar-link-en.content.cta.subtitle,
212,https://www.msm.digital/service/ar-link/,resolved-reference,page-msm-service-ar-link-en.content.casesGalleryFiltered,
213,https://www.msm.digital/service/digital-signage/,mapped,page-msm-service-digital-signage-en.metadata.title,
214,https://www.msm.digital/service/digital-signage/,mapped,page-msm-service-digital-signage-en.metadata.description,
215,https://www.msm.digital/service/digital-signage/,mapped,page-msm-service-digital-signage-en.content[hero].title,
216,https://www.msm.digital/service/digital-signage/,mapped,page-msm-service-digital-signage-en.content[hero].badgeText,
217,https://www.msm.digital/service/digital-signage/,mapped,page-msm-service-digital-signage-en.content,
218,https://www.msm.digital/service/digital-signage/,mapped,page-msm-service-digital-signage-en.content,
219,https://www.msm.digital/service/digital-signage/,mapped,page-msm-service-digital-signage-en.content,
220,https://www.msm.digital/service/digital-signage/,mapped,page-msm-service-digital-signage-en.content,
221,https://www.msm.digital/service/digital-signage/,mapped,page-msm-service-digital-signage-en.content.cta.subtitle,
222,https://www.msm.digital/service/digital-signage/,resolved-reference,page-msm-service-digital-signage-en.content.casesGalleryFiltered,
223,https://www.msm.digital/service/training/,mapped,page-msm-service-training-en.metadata.title,
224,https://www.msm.digital/service/training/,mapped,page-msm-service-training-en.metadata.description,
225,https://www.msm.digital/service/training/,mapped,page-msm-service-training-en.content[hero].title,
226,https://www.msm.digital/service/training/,mapped,page-msm-service-training-en.content[hero].badgeText,
227,https://www.msm.digital/service/training/,mapped,page-msm-service-training-en.content,
228,https://www.msm.digital/service/training/,mapped,page-msm-service-training-en.content,
229,https://www.msm.digital/service/training/,mapped,page-msm-service-training-en.content,
230,https://www.msm.digital/service/training/,mapped,page-msm-service-training-en.content,
231,https://www.msm.digital/service/training/,mapped,page-msm-service-training-en.content,
232,https://www.msm.digital/service/training/,mapped,page-msm-service-training-en.content,
233,https://www.msm.digital/service/training/,mapped,page-msm-service-training-en.content.cta.subtitle,
234,https://www.msm.digital/service/training/,resolved-reference,page-msm-service-training-en.content.casesGalleryFiltered,
235,https://www.msm.digital/service/development/,mapped,page-msm-service-development-en.metadata.title,
236,https://www.msm.digital/service/development/,mapped,page-msm-service-development-en.metadata.description,
237,https://www.msm.digital/service/development/,mapped,page-msm-service-development-en.content[hero].title,
238,https://www.msm.digital/service/development/,mapped,page-msm-service-development-en.content[hero].badgeText,
239,https://www.msm.digital/service/development/,mapped,page-msm-service-development-en.content,
240,https://www.msm.digital/service/development/,mapped,page-msm-service-development-en.content,
241,https://www.msm.digital/service/development/,mapped,page-msm-service-development-en.content,
242,https://www.msm.digital/service/development/,mapped,page-msm-service-development-en.content.cta.subtitle,
243,https://www.msm.digital/service/development/,resolved-reference,page-msm-service-development-en.content.casesGalleryFiltered,
244,https://www.msm.digital/service/experiential-marketing/,mapped,page-msm-service-experiential-marketing-en.metadata.title,
245,https://www.msm.digital/service/experiential-marketing/,mapped,page-msm-service-experiential-marketing-en.metadata.description,
246,https://www.msm.digital/service/experiential-marketing/,mapped,page-msm-service-experiential-marketing-en.content[hero].title,
247,https://www.msm.digital/service/experiential-marketing/,mapped,page-msm-service-experiential-marketing-en.content[hero].badgeText,
248,https://www.msm.digital/service/experiential-marketing/,mapped,page-msm-service-experiential-marketing-en.content,
249,https://www.msm.digital/service/experiential-marketing/,mapped,page-msm-service-experiential-marketing-en.content,
250,https://www.msm.digital/service/experiential-marketing/,mapped,page-msm-service-experiential-marketing-en.content,
251,https://www.msm.digital/service/experiential-marketing/,mapped,page-msm-service-experiential-marketing-en.content.cta.subtitle,
252,https://www.msm.digital/service/experiential-marketing/,resolved-reference,page-msm-service-experiential-marketing-en.content.casesGalleryFiltered,
253,https://www.msm.digital/service/strategy/,mapped,page-msm-service-strategy-en.metadata.title,
254,https://www.msm.digital/service/strategy/,mapped,page-msm-service-strategy-en.metadata.description,
255,https://www.msm.digital/service/strategy/,mapped,page-msm-service-strategy-en.content[hero].title,
256,https://www.msm.digital/service/strategy/,mapped,page-msm-service-strategy-en.content[hero].badgeText,
257,https://www.msm.digital/service/strategy/,mapped,page-msm-service-strategy-en.content,
258,https://www.msm.digital/service/strategy/,mapped,page-msm-service-strategy-en.content,
259,https://www.msm.digital/service/strategy/,mapped,page-msm-service-strategy-en.content,
260,https://www.msm.digital/service/strategy/,mapped,page-msm-service-strategy-en.content,
261,https://www.msm.digital/service/strategy/,mapped,page-msm-service-strategy-en.content.cta.subtitle,
262,https://www.msm.digital/service/strategy/,resolved-reference,page-msm-service-strategy-en.content.casesGalleryFiltered,
263,https://www.msm.digital/service/content-creation/,mapped,page-msm-service-content-creation-en.metadata.title,
264,https://www.msm.digital/service/content-creation/,mapped,page-msm-service-content-creation-en.metadata.description,
265,https://www.msm.digital/service/content-creation/,mapped,page-msm-service-content-creation-en.content[hero].title,
266,https://www.msm.digital/service/content-creation/,mapped,page-msm-service-content-creation-en.content[hero].badgeText,
267,https://www.msm.digital/service/content-creation/,mapped,page-msm-service-content-creation-en.content,
268,https://www.msm.digital/service/content-creation/,mapped,page-msm-service-content-creation-en.content,
269,https://www.msm.digital/service/content-creation/,mapped,page-msm-service-content-creation-en.content.cta.subtitle,
270,https://www.msm.digital/service/content-creation/,resolved-reference,page-msm-service-content-creation-en.content.casesGalleryFiltered,
271,https://www.msm.digital/service/cashback-solutions/,mapped,page-msm-service-cashback-solutions-en.metadata.title,
272,https://www.msm.digital/service/cashback-solutions/,mapped,page-msm-service-cashback-solutions-en.metadata.description,
273,https://www.msm.digital/service/cashback-solutions/,mapped,page-msm-service-cashback-solutions-en.content[hero].title,
274,https://www.msm.digital/service/cashback-solutions/,mapped,page-msm-service-cashback-solutions-en.content[hero].badgeText,
275,https://www.msm.digital/service/cashback-solutions/,mapped,page-msm-service-cashback-solutions-en.content,
276,https://www.msm.digital/service/cashback-solutions/,mapped,page-msm-service-cashback-solutions-en.content,
277,https://www.msm.digital/service/cashback-solutions/,mapped,page-msm-service-cashback-solutions-en.content,
278,https://www.msm.digital/service/cashback-solutions/,mapped,page-msm-service-cashback-solutions-en.content,
279,https://www.msm.digital/service/cashback-solutions/,mapped,page-msm-service-cashback-solutions-en.content,
280,https://www.msm.digital/service/cashback-solutions/,mapped,page-msm-service-cashback-solutions-en.content.cta.subtitle,
281,https://www.msm.digital/service/cashback-solutions/,resolved-reference,page-msm-service-cashback-solutions-en.content.casesGalleryFiltered,
282,https://www.msm.digital/service/mixed-reality-in-manufacturing/,mapped,page-msm-service-mixed-reality-in-manufacturing-en.metadata.title,
283,https://www.msm.digital/service/mixed-reality-in-manufacturing/,mapped,page-msm-service-mixed-reality-in-manufacturing-en.metadata.description,
284,https://www.msm.digital/service/mixed-reality-in-manufacturing/,mapped,page-msm-service-mixed-reality-in-manufacturing-en.content[hero].title,
285,https://www.msm.digital/service/mixed-reality-in-manufacturing/,mapped,page-msm-service-mixed-reality-in-manufacturing-en.content[hero].badgeText,
286,https://www.msm.digital/service/mixed-reality-in-manufacturing/,mapped,page-msm-service-mixed-reality-in-manufacturing-en.content,
287,https://www.msm.digital/service/mixed-reality-in-manufacturing/,mapped,page-msm-service-mixed-reality-in-manufacturing-en.content.resultsMetrics,
288,https://www.msm.digital/service/mixed-reality-in-manufacturing/,mapped,page-msm-service-mixed-reality-in-manufacturing-en.content.resultsMetrics,
289,https://www.msm.digital/service/mixed-reality-in-manufacturing/,mapped,page-msm-service-mixed-reality-in-manufacturing-en.content.resultsMetrics,
290,https://www.msm.digital/service/mixed-reality-in-manufacturing/,mapped,page-msm-service-mixed-reality-in-manufacturing-en.content,
291,https://www.msm.digital/service/mixed-reality-in-manufacturing/,mapped,page-msm-service-mixed-reality-in-manufacturing-en.content,
292,https://www.msm.digital/service/mixed-reality-in-manufacturing/,mapped,page-msm-service-mixed-reality-in-manufacturing-en.content.cta.subtitle,
293,https://www.msm.digital/service/mixed-reality-in-manufacturing/,mapped,page-msm-service-mixed-reality-in-manufacturing-en.content.cta.subtitle,
294,https://www.msm.digital/service/mixed-reality-in-manufacturing/,mapped,page-msm-service-mixed-reality-in-manufacturing-en.content,
295,https://www.msm.digital/service/mixed-reality-in-manufacturing/,resolved-reference,page-msm-service-mixed-reality-in-manufacturing-en.content.casesGalleryFiltered,
296,https://www.msm.digital/service/hashtaglove/,mapped,page-msm-service-hashtaglove-en.metadata.title,
297,https://www.msm.digital/service/hashtaglove/,mapped,page-msm-service-hashtaglove-en.metadata.description,
298,https://www.msm.digital/service/hashtaglove/,mapped,page-msm-service-hashtaglove-en.content[hero].title,
299,https://www.msm.digital/service/hashtaglove/,mapped,page-msm-service-hashtaglove-en.content,
300,https://www.msm.digital/service/hashtaglove/,mapped,page-msm-service-hashtaglove-en.content,
301,https://www.msm.digital/service/hashtaglove/,mapped,page-msm-service-hashtaglove-en.content,
302,https://www.msm.digital/service/hashtaglove/,mapped,page-msm-service-hashtaglove-en.content.cta.subtitle,
303,https://www.msm.digital/service/hashtaglove/,mapped,page-msm-service-hashtaglove-en.content,
304,https://www.msm.digital/service/hashtaglove/,mapped,page-msm-service-hashtaglove-en.content,
305,https://www.msm.digital/service/hashtaglove/,mapped,page-msm-service-hashtaglove-en.content,
306,https://www.msm.digital/service/hashtaglove/,mapped,page-msm-service-hashtaglove-en.content,
307,https://www.msm.digital/service/hashtaglove/,mapped,page-msm-service-hashtaglove-en.content,
308,https://www.msm.digital/service/hashtaglove/,mapped,page-msm-service-hashtaglove-en.content.cta.subtitle,
309,https://www.msm.digital/service/hashtaglove/,resolved-reference,page-msm-service-hashtaglove-en.content.casesGalleryFiltered,
310,https://www.msm.digital/service/hashtaglove/,mapped,page-msm-service-hashtaglove-en.content.cta.subtitle,
311,https://www.msm.digital/service/hashtaglove/,mapped,page-msm-service-hashtaglove-en.content.cta.subtitle,
312,https://www.msm.digital/people/markus-oeller/,mapped,310067de-dcbc-42f4-8b42-99497ca82b6e.siteContent[msmWeb].seo.title,
313,https://www.msm.digital/people/markus-oeller/,mapped,310067de-dcbc-42f4-8b42-99497ca82b6e.siteContent[msmWeb].seo.description,
314,https://www.msm.digital/people/markus-oeller/,preserved,310067de-dcbc-42f4-8b42-99497ca82b6e.name,Shared identity retained; editorial profile route is website-specific.
315,https://www.msm.digital/people/markus-oeller/,mapped,310067de-dcbc-42f4-8b42-99497ca82b6e.siteContent[msmWeb].quote,
316,https://www.msm.digital/people/markus-oeller/,mapped,310067de-dcbc-42f4-8b42-99497ca82b6e.siteContent[msmWeb].iDo,
317,https://www.msm.digital/people/markus-oeller/,mapped,310067de-dcbc-42f4-8b42-99497ca82b6e.siteContent[msmWeb].askMe,
318,https://www.msm.digital/people/markus-oeller/,mapped,310067de-dcbc-42f4-8b42-99497ca82b6e.siteContent[msmWeb].biography,
319,https://www.msm.digital/people/markus-oeller/,mapped,310067de-dcbc-42f4-8b42-99497ca82b6e.siteContent[msmWeb].biography,
320,https://www.msm.digital/people/markus-oeller/,mapped,310067de-dcbc-42f4-8b42-99497ca82b6e.siteContent[msmWeb].biography,
321,https://www.msm.digital/people/markus-oeller/,mapped,310067de-dcbc-42f4-8b42-99497ca82b6e.siteContent[msmWeb].biography,
322,https://www.msm.digital/people/markus-oeller/,preserved,310067de-dcbc-42f4-8b42-99497ca82b6e.siteContent[msmWeb].phone + shared email,Approved phone retained; existing shared email preserved.
323,https://www.msm.digital/people/markus-oeller/,resolved-reference,310067de-dcbc-42f4-8b42-99497ca82b6e.siteContent[msmWeb].selectedCases,Exact project links recovered from the source page.
324,https://www.msm.digital/people/torsten-oppermann/,mapped,df25f389-08c2-45e6-b913-f2ff3b84f482.siteContent[msmWeb].seo.title,
325,https://www.msm.digital/people/torsten-oppermann/,mapped,df25f389-08c2-45e6-b913-f2ff3b84f482.siteContent[msmWeb].seo.description,
326,https://www.msm.digital/people/torsten-oppermann/,preserved,df25f389-08c2-45e6-b913-f2ff3b84f482.name,Shared identity retained; editorial profile route is website-specific.
327,https://www.msm.digital/people/torsten-oppermann/,mapped,df25f389-08c2-45e6-b913-f2ff3b84f482.siteContent[msmWeb].quote,
328,https://www.msm.digital/people/torsten-oppermann/,mapped,df25f389-08c2-45e6-b913-f2ff3b84f482.siteContent[msmWeb].iDo,
329,https://www.msm.digital/people/torsten-oppermann/,mapped,df25f389-08c2-45e6-b913-f2ff3b84f482.siteContent[msmWeb].askMe,
330,https://www.msm.digital/people/torsten-oppermann/,mapped,df25f389-08c2-45e6-b913-f2ff3b84f482.siteContent[msmWeb].biography,
331,https://www.msm.digital/people/torsten-oppermann/,mapped,df25f389-08c2-45e6-b913-f2ff3b84f482.siteContent[msmWeb].biography,
332,https://www.msm.digital/people/torsten-oppermann/,mapped,df25f389-08c2-45e6-b913-f2ff3b84f482.siteContent[msmWeb].biography,
333,https://www.msm.digital/people/torsten-oppermann/,preserved,df25f389-08c2-45e6-b913-f2ff3b84f482.siteContent[msmWeb].phone + shared email,Approved phone retained; existing shared email preserved.
334,https://www.msm.digital/people/torsten-oppermann/,resolved-reference,df25f389-08c2-45e6-b913-f2ff3b84f482.siteContent[msmWeb].selectedCases,Exact project links recovered from the source page.
335,https://www.msm.digital/people/timo-studt/,mapped,030e6a35-ddf8-4137-8fd3-d110275efd9a.siteContent[msmWeb].seo.title,
336,https://www.msm.digital/people/timo-studt/,mapped,030e6a35-ddf8-4137-8fd3-d110275efd9a.siteContent[msmWeb].seo.description,
337,https://www.msm.digital/people/timo-studt/,preserved,030e6a35-ddf8-4137-8fd3-d110275efd9a.name,Shared identity retained; editorial profile route is website-specific.
338,https://www.msm.digital/people/timo-studt/,mapped,030e6a35-ddf8-4137-8fd3-d110275efd9a.siteContent[msmWeb].quote,
339,https://www.msm.digital/people/timo-studt/,mapped,030e6a35-ddf8-4137-8fd3-d110275efd9a.siteContent[msmWeb].iDo,
340,https://www.msm.digital/people/timo-studt/,mapped,030e6a35-ddf8-4137-8fd3-d110275efd9a.siteContent[msmWeb].askMe,
341,https://www.msm.digital/people/timo-studt/,preserved,030e6a35-ddf8-4137-8fd3-d110275efd9a.siteContent[msmWeb].phone + shared email,Approved phone retained; existing shared email preserved.
342,https://www.msm.digital/people/timo-studt/,resolved-reference,030e6a35-ddf8-4137-8fd3-d110275efd9a.siteContent[msmWeb].selectedCases,Exact project links recovered from the source page.
343,https://www.msm.digital/people/nathalia-t/,mapped,person-msm-nathalia-t-en.siteContent[msmWeb].seo.title,
344,https://www.msm.digital/people/nathalia-t/,mapped,person-msm-nathalia-t-en.siteContent[msmWeb].seo.description,
345,https://www.msm.digital/people/nathalia-t/,mapped,person-msm-nathalia-t-en.name,Shared identity retained; editorial profile route is website-specific.
346,https://www.msm.digital/people/nathalia-t/,mapped,person-msm-nathalia-t-en.siteContent[msmWeb].quote,
347,https://www.msm.digital/people/nathalia-t/,mapped,person-msm-nathalia-t-en.siteContent[msmWeb].iDo,
348,https://www.msm.digital/people/nathalia-t/,mapped,person-msm-nathalia-t-en.siteContent[msmWeb].askMe,
349,https://www.msm.digital/people/nathalia-t/,preserved,person-msm-nathalia-t-en.siteContent[msmWeb].phone + shared email,Approved phone retained; existing shared email preserved.
350,https://www.msm.digital/people/nathalia-t/,resolved-reference,person-msm-nathalia-t-en.siteContent[msmWeb].selectedCases,Exact project links recovered from the source page.
351,https://www.msm.digital/people/tobias-schn/,mapped,person-msm-tobias-schn-en.siteContent[msmWeb].seo.title,
352,https://www.msm.digital/people/tobias-schn/,mapped,person-msm-tobias-schn-en.siteContent[msmWeb].seo.description,
353,https://www.msm.digital/people/tobias-schn/,mapped,person-msm-tobias-schn-en.name,Shared identity retained; editorial profile route is website-specific.
354,https://www.msm.digital/people/tobias-schn/,mapped,person-msm-tobias-schn-en.siteContent[msmWeb].quote,
355,https://www.msm.digital/people/tobias-schn/,mapped,person-msm-tobias-schn-en.siteContent[msmWeb].iDo,
356,https://www.msm.digital/people/tobias-schn/,mapped,person-msm-tobias-schn-en.siteContent[msmWeb].askMe,
357,https://www.msm.digital/people/tobias-schn/,preserved,person-msm-tobias-schn-en.siteContent[msmWeb].phone + shared email,Approved phone retained; existing shared email preserved.
358,https://www.msm.digital/people/nils-kedeinis/,mapped,a5401374-ff0c-4e94-bb7a-089dd12d3077.siteContent[msmWeb].seo.title,
359,https://www.msm.digital/people/nils-kedeinis/,mapped,a5401374-ff0c-4e94-bb7a-089dd12d3077.siteContent[msmWeb].seo.description,
360,https://www.msm.digital/people/nils-kedeinis/,preserved,a5401374-ff0c-4e94-bb7a-089dd12d3077.name,Shared identity retained; editorial profile route is website-specific.
361,https://www.msm.digital/people/nils-kedeinis/,mapped,a5401374-ff0c-4e94-bb7a-089dd12d3077.siteContent[msmWeb].quote,
362,https://www.msm.digital/people/nils-kedeinis/,mapped,a5401374-ff0c-4e94-bb7a-089dd12d3077.siteContent[msmWeb].iDo,
363,https://www.msm.digital/people/nils-kedeinis/,mapped,a5401374-ff0c-4e94-bb7a-089dd12d3077.siteContent[msmWeb].askMe,
364,https://www.msm.digital/people/nils-kedeinis/,preserved,a5401374-ff0c-4e94-bb7a-089dd12d3077.siteContent[msmWeb].phone + shared email,Approved phone retained; existing shared email preserved.
365,https://www.msm.digital/people/nils-kedeinis/,resolved-reference,a5401374-ff0c-4e94-bb7a-089dd12d3077.siteContent[msmWeb].selectedCases,Exact project links recovered from the source page.
366,https://www.msm.digital/people/lennart-scheel/,mapped,74be7b58-1ecf-4afd-ab53-ccfb0eb28bf7.siteContent[msmWeb].seo.title,
367,https://www.msm.digital/people/lennart-scheel/,mapped,74be7b58-1ecf-4afd-ab53-ccfb0eb28bf7.siteContent[msmWeb].seo.description,
368,https://www.msm.digital/people/lennart-scheel/,preserved,74be7b58-1ecf-4afd-ab53-ccfb0eb28bf7.name,Shared identity retained; editorial profile route is website-specific.
369,https://www.msm.digital/people/lennart-scheel/,mapped,74be7b58-1ecf-4afd-ab53-ccfb0eb28bf7.siteContent[msmWeb].quote,
370,https://www.msm.digital/people/lennart-scheel/,mapped,74be7b58-1ecf-4afd-ab53-ccfb0eb28bf7.siteContent[msmWeb].iDo,
371,https://www.msm.digital/people/lennart-scheel/,mapped,74be7b58-1ecf-4afd-ab53-ccfb0eb28bf7.siteContent[msmWeb].askMe,
372,https://www.msm.digital/people/lennart-scheel/,preserved,74be7b58-1ecf-4afd-ab53-ccfb0eb28bf7.siteContent[msmWeb].phone + shared email,Approved phone retained; existing shared email preserved.
373,https://www.msm.digital/people/lennart-scheel/,resolved-reference,74be7b58-1ecf-4afd-ab53-ccfb0eb28bf7.siteContent[msmWeb].selectedCases,Exact project links recovered from the source page.
374,https://www.msm.digital/people/sven-weber/,mapped,a7c4c92d-a8f1-4e90-81a7-fefb76042767.siteContent[msmWeb].seo.title,
375,https://www.msm.digital/people/sven-weber/,mapped,a7c4c92d-a8f1-4e90-81a7-fefb76042767.siteContent[msmWeb].seo.description,
376,https://www.msm.digital/people/sven-weber/,preserved,a7c4c92d-a8f1-4e90-81a7-fefb76042767.name,Shared identity retained; editorial profile route is website-specific.
377,https://www.msm.digital/people/sven-weber/,mapped,a7c4c92d-a8f1-4e90-81a7-fefb76042767.siteContent[msmWeb].quote,
378,https://www.msm.digital/people/sven-weber/,mapped,a7c4c92d-a8f1-4e90-81a7-fefb76042767.siteContent[msmWeb].iDo,
379,https://www.msm.digital/people/sven-weber/,mapped,a7c4c92d-a8f1-4e90-81a7-fefb76042767.siteContent[msmWeb].askMe,
380,https://www.msm.digital/people/sven-weber/,preserved,a7c4c92d-a8f1-4e90-81a7-fefb76042767.siteContent[msmWeb].phone + shared email,Approved phone retained; existing shared email preserved.
381,https://www.msm.digital/people/sven-weber/,resolved-reference,a7c4c92d-a8f1-4e90-81a7-fefb76042767.siteContent[msmWeb].selectedCases,Exact project links recovered from the source page.
382,https://www.msm.digital/people/kirsten-huecker/,mapped,33322587-929c-4f87-b518-929da6dc465c.siteContent[msmWeb].seo.title,
383,https://www.msm.digital/people/kirsten-huecker/,mapped,33322587-929c-4f87-b518-929da6dc465c.siteContent[msmWeb].seo.description,
384,https://www.msm.digital/people/kirsten-huecker/,preserved,33322587-929c-4f87-b518-929da6dc465c.name,Shared identity retained; editorial profile route is website-specific.
385,https://www.msm.digital/people/kirsten-huecker/,mapped,33322587-929c-4f87-b518-929da6dc465c.siteContent[msmWeb].quote,
386,https://www.msm.digital/people/kirsten-huecker/,mapped,33322587-929c-4f87-b518-929da6dc465c.siteContent[msmWeb].iDo,
387,https://www.msm.digital/people/kirsten-huecker/,mapped,33322587-929c-4f87-b518-929da6dc465c.siteContent[msmWeb].askMe,
388,https://www.msm.digital/people/kirsten-huecker/,preserved,33322587-929c-4f87-b518-929da6dc465c.siteContent[msmWeb].phone + shared email,Approved phone retained; existing shared email preserved.
389,https://www.msm.digital/people/kirsten-huecker/,resolved-reference,33322587-929c-4f87-b518-929da6dc465c.siteContent[msmWeb].selectedCases,Exact project links recovered from the source page.
390,https://www.msm.digital/people/nikolas-angerstein/,mapped,80527299-04d7-4ad7-a6fa-4058bed693c6.siteContent[msmWeb].seo.title,
391,https://www.msm.digital/people/nikolas-angerstein/,mapped,80527299-04d7-4ad7-a6fa-4058bed693c6.siteContent[msmWeb].seo.description,
392,https://www.msm.digital/people/nikolas-angerstein/,preserved,80527299-04d7-4ad7-a6fa-4058bed693c6.name,Shared identity retained; editorial profile route is website-specific.
393,https://www.msm.digital/people/nikolas-angerstein/,mapped,80527299-04d7-4ad7-a6fa-4058bed693c6.siteContent[msmWeb].quote,
394,https://www.msm.digital/people/nikolas-angerstein/,mapped,80527299-04d7-4ad7-a6fa-4058bed693c6.siteContent[msmWeb].iDo,
395,https://www.msm.digital/people/nikolas-angerstein/,mapped,80527299-04d7-4ad7-a6fa-4058bed693c6.siteContent[msmWeb].askMe,
396,https://www.msm.digital/people/nikolas-angerstein/,preserved,80527299-04d7-4ad7-a6fa-4058bed693c6.siteContent[msmWeb].phone + shared email,Approved phone retained; existing shared email preserved.
397,https://www.msm.digital/people/nikolas-angerstein/,resolved-reference,80527299-04d7-4ad7-a6fa-4058bed693c6.siteContent[msmWeb].selectedCases,Exact project links recovered from the source page.
398,https://www.msm.digital/people/maic-ungermann/,mapped,7c4e0b8a-3169-46fa-9746-f7a41f78b7c9.siteContent[msmWeb].seo.title,
399,https://www.msm.digital/people/maic-ungermann/,mapped,7c4e0b8a-3169-46fa-9746-f7a41f78b7c9.siteContent[msmWeb].seo.description,
400,https://www.msm.digital/people/maic-ungermann/,mapped,7c4e0b8a-3169-46fa-9746-f7a41f78b7c9.siteContent[msmWeb].seo,Open Graph uses the same approved SEO fields.
401,https://www.msm.digital/people/maic-ungermann/,preserved,7c4e0b8a-3169-46fa-9746-f7a41f78b7c9.name,Shared identity retained; editorial profile route is website-specific.
402,https://www.msm.digital/people/maic-ungermann/,mapped,7c4e0b8a-3169-46fa-9746-f7a41f78b7c9.siteContent[msmWeb].quote,
403,https://www.msm.digital/people/maic-ungermann/,mapped,7c4e0b8a-3169-46fa-9746-f7a41f78b7c9.siteContent[msmWeb].iDo,
404,https://www.msm.digital/people/maic-ungermann/,mapped,7c4e0b8a-3169-46fa-9746-f7a41f78b7c9.siteContent[msmWeb].askMe,
405,https://www.msm.digital/people/maic-ungermann/,preserved,7c4e0b8a-3169-46fa-9746-f7a41f78b7c9.siteContent[msmWeb].phone + shared email,Approved phone retained; existing shared email preserved.
406,https://www.msm.digital/people/maic-ungermann/,resolved-reference,7c4e0b8a-3169-46fa-9746-f7a41f78b7c9.siteContent[msmWeb].selectedCases,Exact project links recovered from the source page.
407,https://www.msm.digital/project/ea-need-for-speed-influencer-campaign/,mapped,case-msm-ea-need-for-speed-influencer-campaign-en.seo.title,
408,https://www.msm.digital/project/ea-need-for-speed-influencer-campaign/,mapped,case-msm-ea-need-for-speed-influencer-campaign-en.seo.description,
409,https://www.msm.digital/project/ea-need-for-speed-influencer-campaign/,mapped,case-msm-ea-need-for-speed-influencer-campaign-en.title,
410,https://www.msm.digital/project/ea-need-for-speed-influencer-campaign/,mapped,case-msm-ea-need-for-speed-influencer-campaign-en.subtitle,
411,https://www.msm.digital/project/ea-need-for-speed-influencer-campaign/,mapped,case-msm-ea-need-for-speed-influencer-campaign-en.casesPageBuilder.challenge.description,
412,https://www.msm.digital/project/ea-need-for-speed-influencer-campaign/,mapped,case-msm-ea-need-for-speed-influencer-campaign-en.casesPageBuilder.challenge.solution,
413,https://www.msm.digital/project/ea-need-for-speed-influencer-campaign/,mapped,case-msm-ea-need-for-speed-influencer-campaign-en.casesPageBuilder.results.description,
414,https://www.msm.digital/project/ea-need-for-speed-influencer-campaign/,mapped,case-msm-ea-need-for-speed-influencer-campaign-en.casesPageBuilder.results.quote,
415,https://www.msm.digital/project/ea-need-for-speed-influencer-campaign/,mapped,case-msm-ea-need-for-speed-influencer-campaign-en.casesPageBuilder.contact.subtitle,
416,https://www.msm.digital/project/microsoft-retail-training-per-escape-room/,mapped,case-msm-microsoft-retail-training-per-escape-room-en.seo.title,
417,https://www.msm.digital/project/microsoft-retail-training-per-escape-room/,mapped,case-msm-microsoft-retail-training-per-escape-room-en.seo.description,
418,https://www.msm.digital/project/microsoft-retail-training-per-escape-room/,mapped,case-msm-microsoft-retail-training-per-escape-room-en.title,
419,https://www.msm.digital/project/microsoft-retail-training-per-escape-room/,mapped,case-msm-microsoft-retail-training-per-escape-room-en.subtitle,
420,https://www.msm.digital/project/microsoft-retail-training-per-escape-room/,mapped,case-msm-microsoft-retail-training-per-escape-room-en.casesPageBuilder.challenge.description,
421,https://www.msm.digital/project/microsoft-retail-training-per-escape-room/,mapped,case-msm-microsoft-retail-training-per-escape-room-en.casesPageBuilder.challenge.solution,
422,https://www.msm.digital/project/microsoft-retail-training-per-escape-room/,mapped,case-msm-microsoft-retail-training-per-escape-room-en.casesPageBuilder.results.description,
423,https://www.msm.digital/project/microsoft-retail-training-per-escape-room/,mapped,case-msm-microsoft-retail-training-per-escape-room-en.casesPageBuilder.results.quote,
424,https://www.msm.digital/project/microsoft-retail-training-per-escape-room/,mapped,case-msm-microsoft-retail-training-per-escape-room-en.casesPageBuilder.contact.subtitle,
425,https://www.msm.digital/project/snakebyte-pebble-gear-social-media/,mapped,case-msm-snakebyte-pebble-gear-social-media-en.seo.title,
426,https://www.msm.digital/project/snakebyte-pebble-gear-social-media/,mapped,case-msm-snakebyte-pebble-gear-social-media-en.seo.description,
427,https://www.msm.digital/project/snakebyte-pebble-gear-social-media/,mapped,case-msm-snakebyte-pebble-gear-social-media-en.title,
428,https://www.msm.digital/project/snakebyte-pebble-gear-social-media/,mapped,case-msm-snakebyte-pebble-gear-social-media-en.subtitle,
429,https://www.msm.digital/project/snakebyte-pebble-gear-social-media/,mapped,case-msm-snakebyte-pebble-gear-social-media-en.casesPageBuilder.challenge.description,
430,https://www.msm.digital/project/snakebyte-pebble-gear-social-media/,mapped,case-msm-snakebyte-pebble-gear-social-media-en.casesPageBuilder.challenge.solution,
431,https://www.msm.digital/project/snakebyte-pebble-gear-social-media/,mapped,case-msm-snakebyte-pebble-gear-social-media-en.casesPageBuilder.results.description,
432,https://www.msm.digital/project/snakebyte-pebble-gear-social-media/,mapped,case-msm-snakebyte-pebble-gear-social-media-en.casesPageBuilder.results.quote,
433,https://www.msm.digital/project/snakebyte-pebble-gear-social-media/,mapped,case-msm-snakebyte-pebble-gear-social-media-en.casesPageBuilder.contact.subtitle,
434,https://www.msm.digital/project/turtle-beach-digital-product-communications/,mapped,case-msm-turtle-beach-digital-product-communications-en.seo.title,
435,https://www.msm.digital/project/turtle-beach-digital-product-communications/,mapped,case-msm-turtle-beach-digital-product-communications-en.seo.description,
436,https://www.msm.digital/project/turtle-beach-digital-product-communications/,mapped,case-msm-turtle-beach-digital-product-communications-en.title,
437,https://www.msm.digital/project/turtle-beach-digital-product-communications/,mapped,case-msm-turtle-beach-digital-product-communications-en.subtitle,
438,https://www.msm.digital/project/turtle-beach-digital-product-communications/,mapped,case-msm-turtle-beach-digital-product-communications-en.casesPageBuilder.challenge.description,
439,https://www.msm.digital/project/turtle-beach-digital-product-communications/,mapped,case-msm-turtle-beach-digital-product-communications-en.casesPageBuilder.challenge.solution,
440,https://www.msm.digital/project/turtle-beach-digital-product-communications/,mapped,case-msm-turtle-beach-digital-product-communications-en.casesPageBuilder.results.description,
441,https://www.msm.digital/project/turtle-beach-digital-product-communications/,mapped,case-msm-turtle-beach-digital-product-communications-en.casesPageBuilder.results.quote,
442,https://www.msm.digital/project/turtle-beach-digital-product-communications/,mapped,case-msm-turtle-beach-digital-product-communications-en.casesPageBuilder.contact.subtitle,
443,https://www.msm.digital/project/coop-queue-management/,mapped,case-msm-coop-queue-management-en.seo.title,
444,https://www.msm.digital/project/coop-queue-management/,mapped,case-msm-coop-queue-management-en.seo.description,
445,https://www.msm.digital/project/coop-queue-management/,mapped,case-msm-coop-queue-management-en.title,
446,https://www.msm.digital/project/coop-queue-management/,mapped,case-msm-coop-queue-management-en.subtitle,
447,https://www.msm.digital/project/coop-queue-management/,mapped,case-msm-coop-queue-management-en.casesPageBuilder.challenge.description,
448,https://www.msm.digital/project/coop-queue-management/,mapped,case-msm-coop-queue-management-en.casesPageBuilder.challenge.solution,
449,https://www.msm.digital/project/coop-queue-management/,mapped,case-msm-coop-queue-management-en.casesPageBuilder.results.description,
450,https://www.msm.digital/project/coop-queue-management/,mapped,case-msm-coop-queue-management-en.casesPageBuilder.results.quote,
451,https://www.msm.digital/project/coop-queue-management/,mapped,case-msm-coop-queue-management-en.casesPageBuilder.contact.subtitle,
452,https://www.msm.digital/project/daikin-energy-bonus/,mapped,case-msm-daikin-energy-bonus-en.seo.title,
453,https://www.msm.digital/project/daikin-energy-bonus/,mapped,case-msm-daikin-energy-bonus-en.seo.description,
454,https://www.msm.digital/project/daikin-energy-bonus/,mapped,case-msm-daikin-energy-bonus-en.title,
455,https://www.msm.digital/project/daikin-energy-bonus/,mapped,case-msm-daikin-energy-bonus-en.subtitle,
456,https://www.msm.digital/project/daikin-energy-bonus/,mapped,case-msm-daikin-energy-bonus-en.casesPageBuilder.challenge.description,
457,https://www.msm.digital/project/daikin-energy-bonus/,mapped,case-msm-daikin-energy-bonus-en.casesPageBuilder.challenge.solution,
458,https://www.msm.digital/project/daikin-energy-bonus/,mapped,case-msm-daikin-energy-bonus-en.casesPageBuilder.results.description,
459,https://www.msm.digital/project/daikin-energy-bonus/,mapped,case-msm-daikin-energy-bonus-en.casesPageBuilder.results.quote,
460,https://www.msm.digital/project/daikin-energy-bonus/,mapped,case-msm-daikin-energy-bonus-en.casesPageBuilder.contact.subtitle,
461,https://www.msm.digital/project/microsoft-trainings/,mapped,case-msm-microsoft-trainings-en.seo.title,
462,https://www.msm.digital/project/microsoft-trainings/,mapped,case-msm-microsoft-trainings-en.seo.description,
463,https://www.msm.digital/project/microsoft-trainings/,mapped,case-msm-microsoft-trainings-en.title,
464,https://www.msm.digital/project/microsoft-trainings/,mapped,case-msm-microsoft-trainings-en.subtitle,
465,https://www.msm.digital/project/microsoft-trainings/,mapped,case-msm-microsoft-trainings-en.casesPageBuilder.challenge.description,
466,https://www.msm.digital/project/microsoft-trainings/,mapped,case-msm-microsoft-trainings-en.casesPageBuilder.challenge.solution,
467,https://www.msm.digital/project/microsoft-trainings/,mapped,case-msm-microsoft-trainings-en.casesPageBuilder.results.description,
468,https://www.msm.digital/project/microsoft-trainings/,mapped,case-msm-microsoft-trainings-en.casesPageBuilder.results.quote,
469,https://www.msm.digital/project/microsoft-trainings/,mapped,case-msm-microsoft-trainings-en.casesPageBuilder.contact.subtitle,
470,https://www.msm.digital/project/ar-showrooms/,mapped,case-msm-ar-showrooms-en.seo.title,
471,https://www.msm.digital/project/ar-showrooms/,mapped,case-msm-ar-showrooms-en.seo.description,
472,https://www.msm.digital/project/ar-showrooms/,mapped,case-msm-ar-showrooms-en.title,
473,https://www.msm.digital/project/ar-showrooms/,mapped,case-msm-ar-showrooms-en.subtitle,
474,https://www.msm.digital/project/ar-showrooms/,mapped,case-msm-ar-showrooms-en.casesPageBuilder.challenge.description,
475,https://www.msm.digital/project/ar-showrooms/,mapped,case-msm-ar-showrooms-en.casesPageBuilder.challenge.solution,
476,https://www.msm.digital/project/ar-showrooms/,mapped,case-msm-ar-showrooms-en.casesPageBuilder.results.description,
477,https://www.msm.digital/project/ar-showrooms/,mapped,case-msm-ar-showrooms-en.casesPageBuilder.results.quote,
478,https://www.msm.digital/project/ar-showrooms/,mapped,case-msm-ar-showrooms-en.casesPageBuilder.contact.subtitle,
479,https://www.msm.digital/project/ubs-virtual-treasure-hunt/,mapped,case-msm-ubs-virtual-treasure-hunt-en.seo.title,
480,https://www.msm.digital/project/ubs-virtual-treasure-hunt/,mapped,case-msm-ubs-virtual-treasure-hunt-en.seo.description,
481,https://www.msm.digital/project/ubs-virtual-treasure-hunt/,mapped,case-msm-ubs-virtual-treasure-hunt-en.title,
482,https://www.msm.digital/project/ubs-virtual-treasure-hunt/,mapped,case-msm-ubs-virtual-treasure-hunt-en.subtitle,
483,https://www.msm.digital/project/ubs-virtual-treasure-hunt/,mapped,case-msm-ubs-virtual-treasure-hunt-en.casesPageBuilder.challenge.description,
484,https://www.msm.digital/project/ubs-virtual-treasure-hunt/,mapped,case-msm-ubs-virtual-treasure-hunt-en.casesPageBuilder.challenge.solution,
485,https://www.msm.digital/project/ubs-virtual-treasure-hunt/,mapped,case-msm-ubs-virtual-treasure-hunt-en.casesPageBuilder.results.description,
486,https://www.msm.digital/project/ubs-virtual-treasure-hunt/,mapped,case-msm-ubs-virtual-treasure-hunt-en.casesPageBuilder.results.quote,
487,https://www.msm.digital/project/ubs-virtual-treasure-hunt/,mapped,case-msm-ubs-virtual-treasure-hunt-en.casesPageBuilder.contact.subtitle,
488,https://www.msm.digital/project/schleich-digital-instore-activation/,mapped,case-msm-schleich-digital-instore-activation-en.seo.title,
489,https://www.msm.digital/project/schleich-digital-instore-activation/,mapped,case-msm-schleich-digital-instore-activation-en.seo.description,
490,https://www.msm.digital/project/schleich-digital-instore-activation/,mapped,case-msm-schleich-digital-instore-activation-en.title,
491,https://www.msm.digital/project/schleich-digital-instore-activation/,mapped,case-msm-schleich-digital-instore-activation-en.subtitle,
492,https://www.msm.digital/project/schleich-digital-instore-activation/,mapped,case-msm-schleich-digital-instore-activation-en.casesPageBuilder.challenge.description,
493,https://www.msm.digital/project/schleich-digital-instore-activation/,mapped,case-msm-schleich-digital-instore-activation-en.casesPageBuilder.challenge.solution,
494,https://www.msm.digital/project/schleich-digital-instore-activation/,mapped,case-msm-schleich-digital-instore-activation-en.casesPageBuilder.results.description,
495,https://www.msm.digital/project/schleich-digital-instore-activation/,mapped,case-msm-schleich-digital-instore-activation-en.casesPageBuilder.results.quote,
496,https://www.msm.digital/project/schleich-digital-instore-activation/,mapped,case-msm-schleich-digital-instore-activation-en.casesPageBuilder.contact.subtitle,
497,https://www.msm.digital/project/bandai-namco-pr/,mapped,case-msm-bandai-namco-pr-en.seo.title,
498,https://www.msm.digital/project/bandai-namco-pr/,mapped,case-msm-bandai-namco-pr-en.seo.description,
499,https://www.msm.digital/project/bandai-namco-pr/,mapped,case-msm-bandai-namco-pr-en.title,
500,https://www.msm.digital/project/bandai-namco-pr/,mapped,case-msm-bandai-namco-pr-en.subtitle,
501,https://www.msm.digital/project/bandai-namco-pr/,mapped,case-msm-bandai-namco-pr-en.casesPageBuilder.challenge.description,
502,https://www.msm.digital/project/bandai-namco-pr/,mapped,case-msm-bandai-namco-pr-en.casesPageBuilder.challenge.solution,
503,https://www.msm.digital/project/bandai-namco-pr/,mapped,case-msm-bandai-namco-pr-en.casesPageBuilder.results.description,
504,https://www.msm.digital/project/bandai-namco-pr/,mapped,case-msm-bandai-namco-pr-en.casesPageBuilder.results.quote,
505,https://www.msm.digital/project/bandai-namco-pr/,mapped,case-msm-bandai-namco-pr-en.casesPageBuilder.contact.subtitle,
506,https://www.msm.digital/project/brother-augmented-reality/,mapped,case-msm-brother-augmented-reality-en.seo.title,
507,https://www.msm.digital/project/brother-augmented-reality/,mapped,case-msm-brother-augmented-reality-en.seo.description,
508,https://www.msm.digital/project/brother-augmented-reality/,mapped,case-msm-brother-augmented-reality-en.title,
509,https://www.msm.digital/project/brother-augmented-reality/,mapped,case-msm-brother-augmented-reality-en.subtitle,
510,https://www.msm.digital/project/brother-augmented-reality/,mapped,case-msm-brother-augmented-reality-en.casesPageBuilder.challenge.description,
511,https://www.msm.digital/project/brother-augmented-reality/,mapped,case-msm-brother-augmented-reality-en.casesPageBuilder.challenge.solution,
512,https://www.msm.digital/project/brother-augmented-reality/,mapped,case-msm-brother-augmented-reality-en.casesPageBuilder.results.description,
513,https://www.msm.digital/project/brother-augmented-reality/,mapped,case-msm-brother-augmented-reality-en.casesPageBuilder.results.quote,
514,https://www.msm.digital/project/brother-augmented-reality/,mapped,case-msm-brother-augmented-reality-en.casesPageBuilder.contact.subtitle,
515,https://www.msm.digital/project/epic-games-fortnite-pr/,mapped,case-msm-epic-games-fortnite-pr-en.seo.title,
516,https://www.msm.digital/project/epic-games-fortnite-pr/,mapped,case-msm-epic-games-fortnite-pr-en.seo.description,
517,https://www.msm.digital/project/epic-games-fortnite-pr/,mapped,case-msm-epic-games-fortnite-pr-en.title,
518,https://www.msm.digital/project/epic-games-fortnite-pr/,mapped,case-msm-epic-games-fortnite-pr-en.subtitle,
519,https://www.msm.digital/project/epic-games-fortnite-pr/,mapped,case-msm-epic-games-fortnite-pr-en.casesPageBuilder.challenge.description,
520,https://www.msm.digital/project/epic-games-fortnite-pr/,mapped,case-msm-epic-games-fortnite-pr-en.casesPageBuilder.challenge.solution,
521,https://www.msm.digital/project/epic-games-fortnite-pr/,mapped,case-msm-epic-games-fortnite-pr-en.casesPageBuilder.results.description,
522,https://www.msm.digital/project/epic-games-fortnite-pr/,mapped,case-msm-epic-games-fortnite-pr-en.casesPageBuilder.results.quote,
523,https://www.msm.digital/project/epic-games-fortnite-pr/,mapped,case-msm-epic-games-fortnite-pr-en.casesPageBuilder.contact.subtitle,
524,https://www.msm.digital/project/minimax-virtual-reality-experience/,mapped,case-msm-minimax-virtual-reality-experience-en.seo.title,
525,https://www.msm.digital/project/minimax-virtual-reality-experience/,mapped,case-msm-minimax-virtual-reality-experience-en.seo.description,
526,https://www.msm.digital/project/minimax-virtual-reality-experience/,mapped,case-msm-minimax-virtual-reality-experience-en.title,
527,https://www.msm.digital/project/minimax-virtual-reality-experience/,mapped,case-msm-minimax-virtual-reality-experience-en.subtitle,
528,https://www.msm.digital/project/minimax-virtual-reality-experience/,mapped,case-msm-minimax-virtual-reality-experience-en.casesPageBuilder.challenge.description,
529,https://www.msm.digital/project/minimax-virtual-reality-experience/,mapped,case-msm-minimax-virtual-reality-experience-en.casesPageBuilder.challenge.solution,
530,https://www.msm.digital/project/minimax-virtual-reality-experience/,mapped,case-msm-minimax-virtual-reality-experience-en.casesPageBuilder.results.description,
531,https://www.msm.digital/project/minimax-virtual-reality-experience/,mapped,case-msm-minimax-virtual-reality-experience-en.casesPageBuilder.results.quote,
532,https://www.msm.digital/project/minimax-virtual-reality-experience/,mapped,case-msm-minimax-virtual-reality-experience-en.casesPageBuilder.contact.subtitle,
533,https://www.msm.digital/project/microsoft-ecommerce/,mapped,case-msm-microsoft-ecommerce-en.seo.title,
534,https://www.msm.digital/project/microsoft-ecommerce/,mapped,case-msm-microsoft-ecommerce-en.seo.description,
535,https://www.msm.digital/project/microsoft-ecommerce/,mapped,case-msm-microsoft-ecommerce-en.title,
536,https://www.msm.digital/project/microsoft-ecommerce/,mapped,case-msm-microsoft-ecommerce-en.subtitle,
537,https://www.msm.digital/project/microsoft-ecommerce/,mapped,case-msm-microsoft-ecommerce-en.casesPageBuilder.challenge.description,
538,https://www.msm.digital/project/microsoft-ecommerce/,mapped,case-msm-microsoft-ecommerce-en.casesPageBuilder.challenge.solution,
539,https://www.msm.digital/project/microsoft-ecommerce/,mapped,case-msm-microsoft-ecommerce-en.casesPageBuilder.results.description,
540,https://www.msm.digital/project/microsoft-ecommerce/,mapped,case-msm-microsoft-ecommerce-en.casesPageBuilder.results.quote,
541,https://www.msm.digital/project/microsoft-ecommerce/,mapped,case-msm-microsoft-ecommerce-en.casesPageBuilder.contact.subtitle,
542,https://www.msm.digital/project/hatch-angrybirdsgo-turboedition-landingpage/,mapped,case-msm-hatch-angrybirdsgo-turboedition-landingpage-en.seo.title,
543,https://www.msm.digital/project/hatch-angrybirdsgo-turboedition-landingpage/,mapped,case-msm-hatch-angrybirdsgo-turboedition-landingpage-en.seo.description,
544,https://www.msm.digital/project/hatch-angrybirdsgo-turboedition-landingpage/,mapped,case-msm-hatch-angrybirdsgo-turboedition-landingpage-en.title,
545,https://www.msm.digital/project/hatch-angrybirdsgo-turboedition-landingpage/,mapped,case-msm-hatch-angrybirdsgo-turboedition-landingpage-en.subtitle,
546,https://www.msm.digital/project/hatch-angrybirdsgo-turboedition-landingpage/,mapped,case-msm-hatch-angrybirdsgo-turboedition-landingpage-en.casesPageBuilder.challenge.description,
547,https://www.msm.digital/project/hatch-angrybirdsgo-turboedition-landingpage/,mapped,case-msm-hatch-angrybirdsgo-turboedition-landingpage-en.casesPageBuilder.challenge.solution,
548,https://www.msm.digital/project/hatch-angrybirdsgo-turboedition-landingpage/,mapped,case-msm-hatch-angrybirdsgo-turboedition-landingpage-en.casesPageBuilder.results.description,
549,https://www.msm.digital/project/hatch-angrybirdsgo-turboedition-landingpage/,mapped,case-msm-hatch-angrybirdsgo-turboedition-landingpage-en.casesPageBuilder.results.quote,
550,https://www.msm.digital/project/hatch-angrybirdsgo-turboedition-landingpage/,mapped,case-msm-hatch-angrybirdsgo-turboedition-landingpage-en.casesPageBuilder.contact.subtitle,
551,https://www.msm.digital/project/microsoft-misx-furniture-rollout/,mapped,case-msm-microsoft-misx-furniture-rollout-en.seo.title,
552,https://www.msm.digital/project/microsoft-misx-furniture-rollout/,mapped,case-msm-microsoft-misx-furniture-rollout-en.seo.description,
553,https://www.msm.digital/project/microsoft-misx-furniture-rollout/,mapped,case-msm-microsoft-misx-furniture-rollout-en.title,
554,https://www.msm.digital/project/microsoft-misx-furniture-rollout/,mapped,case-msm-microsoft-misx-furniture-rollout-en.subtitle,
555,https://www.msm.digital/project/microsoft-misx-furniture-rollout/,mapped,case-msm-microsoft-misx-furniture-rollout-en.casesPageBuilder.challenge.description,
556,https://www.msm.digital/project/microsoft-misx-furniture-rollout/,mapped,case-msm-microsoft-misx-furniture-rollout-en.casesPageBuilder.challenge.solution,
557,https://www.msm.digital/project/microsoft-misx-furniture-rollout/,mapped,case-msm-microsoft-misx-furniture-rollout-en.casesPageBuilder.results.quote,
558,https://www.msm.digital/project/microsoft-misx-furniture-rollout/,mapped,case-msm-microsoft-misx-furniture-rollout-en.casesPageBuilder.contact.subtitle,
559,https://www.msm.digital/project/aeg-electrolux-showkitchen-rollout/,mapped,case-msm-aeg-electrolux-showkitchen-rollout-en.seo.title,
560,https://www.msm.digital/project/aeg-electrolux-showkitchen-rollout/,mapped,case-msm-aeg-electrolux-showkitchen-rollout-en.seo.description,
561,https://www.msm.digital/project/aeg-electrolux-showkitchen-rollout/,mapped,case-msm-aeg-electrolux-showkitchen-rollout-en.title,
562,https://www.msm.digital/project/aeg-electrolux-showkitchen-rollout/,mapped,case-msm-aeg-electrolux-showkitchen-rollout-en.subtitle,
563,https://www.msm.digital/project/aeg-electrolux-showkitchen-rollout/,mapped,case-msm-aeg-electrolux-showkitchen-rollout-en.casesPageBuilder.challenge.description,
564,https://www.msm.digital/project/aeg-electrolux-showkitchen-rollout/,mapped,case-msm-aeg-electrolux-showkitchen-rollout-en.casesPageBuilder.challenge.solution,
565,https://www.msm.digital/project/aeg-electrolux-showkitchen-rollout/,mapped,case-msm-aeg-electrolux-showkitchen-rollout-en.casesPageBuilder.results.quote,
566,https://www.msm.digital/project/aeg-electrolux-showkitchen-rollout/,mapped,case-msm-aeg-electrolux-showkitchen-rollout-en.casesPageBuilder.contact.subtitle,
567,https://www.msm.digital/project/mr-showroom/,mapped,case-msm-mr-showroom-en.seo.title,
568,https://www.msm.digital/project/mr-showroom/,mapped,case-msm-mr-showroom-en.seo.description,
569,https://www.msm.digital/project/mr-showroom/,mapped,case-msm-mr-showroom-en.title,
570,https://www.msm.digital/project/mr-showroom/,mapped,case-msm-mr-showroom-en.subtitle,
571,https://www.msm.digital/project/mr-showroom/,mapped,case-msm-mr-showroom-en.casesPageBuilder.challenge.description,
572,https://www.msm.digital/project/mr-showroom/,mapped,case-msm-mr-showroom-en.casesPageBuilder.results.description,
573,https://www.msm.digital/project/mr-showroom/,editorial-note,,Not public copy; no missing result or quotation fabricated.
574,https://www.msm.digital/project/mr-showroom/,mapped,case-msm-mr-showroom-en.casesPageBuilder.contact.subtitle,
575,https://www.msm.digital/project/dotnow-retail-experience/,mapped,case-msm-dotnow-retail-experience-en.seo.title,
576,https://www.msm.digital/project/dotnow-retail-experience/,mapped,case-msm-dotnow-retail-experience-en.seo.description,
577,https://www.msm.digital/project/dotnow-retail-experience/,mapped,case-msm-dotnow-retail-experience-en.title,
578,https://www.msm.digital/project/dotnow-retail-experience/,mapped,case-msm-dotnow-retail-experience-en.subtitle,
579,https://www.msm.digital/project/dotnow-retail-experience/,mapped,case-msm-dotnow-retail-experience-en.casesPageBuilder.challenge.description,
580,https://www.msm.digital/project/dotnow-retail-experience/,mapped,case-msm-dotnow-retail-experience-en.casesPageBuilder.challenge.solution,
581,https://www.msm.digital/project/dotnow-retail-experience/,mapped,case-msm-dotnow-retail-experience-en.casesPageBuilder.results.quote,
582,https://www.msm.digital/project/dotnow-retail-experience/,mapped,case-msm-dotnow-retail-experience-en.casesPageBuilder.contact.subtitle,
583,https://www.msm.digital/project/erfal-eq3-influencer-cooperations/,mapped,case-msm-erfal-eq3-influencer-cooperations-en.seo.title,
584,https://www.msm.digital/project/erfal-eq3-influencer-cooperations/,mapped,case-msm-erfal-eq3-influencer-cooperations-en.seo.description,
585,https://www.msm.digital/project/erfal-eq3-influencer-cooperations/,mapped,case-msm-erfal-eq3-influencer-cooperations-en.title,
586,https://www.msm.digital/project/erfal-eq3-influencer-cooperations/,mapped,case-msm-erfal-eq3-influencer-cooperations-en.subtitle,
587,https://www.msm.digital/project/erfal-eq3-influencer-cooperations/,mapped,case-msm-erfal-eq3-influencer-cooperations-en.casesPageBuilder.challenge.description,
588,https://www.msm.digital/project/erfal-eq3-influencer-cooperations/,mapped,case-msm-erfal-eq3-influencer-cooperations-en.casesPageBuilder.challenge.solution,
589,https://www.msm.digital/project/erfal-eq3-influencer-cooperations/,editorial-note,,Not public copy; no missing result or quotation fabricated.
590,https://www.msm.digital/project/erfal-eq3-influencer-cooperations/,mapped,case-msm-erfal-eq3-influencer-cooperations-en.casesPageBuilder.contact.subtitle,
591,https://www.msm.digital/project/ea-star-wars-battlefront-influencer-marketing/,mapped,case-msm-ea-star-wars-battlefront-influencer-marketing-en.seo.title,
592,https://www.msm.digital/project/ea-star-wars-battlefront-influencer-marketing/,mapped,case-msm-ea-star-wars-battlefront-influencer-marketing-en.seo.description,
593,https://www.msm.digital/project/ea-star-wars-battlefront-influencer-marketing/,mapped,case-msm-ea-star-wars-battlefront-influencer-marketing-en.title,
594,https://www.msm.digital/project/ea-star-wars-battlefront-influencer-marketing/,mapped,case-msm-ea-star-wars-battlefront-influencer-marketing-en.subtitle,
595,https://www.msm.digital/project/ea-star-wars-battlefront-influencer-marketing/,mapped,case-msm-ea-star-wars-battlefront-influencer-marketing-en.casesPageBuilder.challenge.description,
596,https://www.msm.digital/project/ea-star-wars-battlefront-influencer-marketing/,mapped,case-msm-ea-star-wars-battlefront-influencer-marketing-en.casesPageBuilder.challenge.solution,
597,https://www.msm.digital/project/ea-star-wars-battlefront-influencer-marketing/,mapped,case-msm-ea-star-wars-battlefront-influencer-marketing-en.casesPageBuilder.results.quote,
598,https://www.msm.digital/project/ea-star-wars-battlefront-influencer-marketing/,mapped,case-msm-ea-star-wars-battlefront-influencer-marketing-en.casesPageBuilder.contact.subtitle,
599,https://www.msm.digital/project/oculus-european-product-launch/,mapped,case-msm-oculus-european-product-launch-en.seo.title,
600,https://www.msm.digital/project/oculus-european-product-launch/,mapped,case-msm-oculus-european-product-launch-en.seo.description,
601,https://www.msm.digital/project/oculus-european-product-launch/,mapped,case-msm-oculus-european-product-launch-en.title,
602,https://www.msm.digital/project/oculus-european-product-launch/,mapped,case-msm-oculus-european-product-launch-en.subtitle,
603,https://www.msm.digital/project/oculus-european-product-launch/,mapped,case-msm-oculus-european-product-launch-en.casesPageBuilder.challenge.description,
604,https://www.msm.digital/project/oculus-european-product-launch/,mapped,case-msm-oculus-european-product-launch-en.casesPageBuilder.challenge.solution,
605,https://www.msm.digital/project/oculus-european-product-launch/,mapped,case-msm-oculus-european-product-launch-en.casesPageBuilder.results.quote,
606,https://www.msm.digital/project/oculus-european-product-launch/,mapped,case-msm-oculus-european-product-launch-en.casesPageBuilder.contact.subtitle,
607,https://www.msm.digital/project/ea-fifa-pr/,mapped,case-msm-ea-fifa-pr-en.seo.title,
608,https://www.msm.digital/project/ea-fifa-pr/,mapped,case-msm-ea-fifa-pr-en.seo.description,
609,https://www.msm.digital/project/ea-fifa-pr/,mapped,case-msm-ea-fifa-pr-en.title,
610,https://www.msm.digital/project/ea-fifa-pr/,mapped,case-msm-ea-fifa-pr-en.subtitle,
611,https://www.msm.digital/project/ea-fifa-pr/,mapped,case-msm-ea-fifa-pr-en.casesPageBuilder.challenge.description,
612,https://www.msm.digital/project/ea-fifa-pr/,mapped,case-msm-ea-fifa-pr-en.casesPageBuilder.challenge.solution,
613,https://www.msm.digital/project/ea-fifa-pr/,mapped,case-msm-ea-fifa-pr-en.casesPageBuilder.results.quote,
614,https://www.msm.digital/project/ea-fifa-pr/,mapped,case-msm-ea-fifa-pr-en.casesPageBuilder.contact.subtitle,
615,https://www.msm.digital/project/recaro-gaming-social-media-and-pr/,mapped,case-msm-recaro-gaming-social-media-and-pr-en.seo.title,
616,https://www.msm.digital/project/recaro-gaming-social-media-and-pr/,mapped,case-msm-recaro-gaming-social-media-and-pr-en.seo.description,
617,https://www.msm.digital/project/recaro-gaming-social-media-and-pr/,mapped,case-msm-recaro-gaming-social-media-and-pr-en.title,
618,https://www.msm.digital/project/recaro-gaming-social-media-and-pr/,mapped,case-msm-recaro-gaming-social-media-and-pr-en.subtitle,
619,https://www.msm.digital/project/recaro-gaming-social-media-and-pr/,mapped,case-msm-recaro-gaming-social-media-and-pr-en.casesPageBuilder.challenge.description,
620,https://www.msm.digital/project/recaro-gaming-social-media-and-pr/,mapped,case-msm-recaro-gaming-social-media-and-pr-en.casesPageBuilder.challenge.solution,
621,https://www.msm.digital/project/recaro-gaming-social-media-and-pr/,mapped,case-msm-recaro-gaming-social-media-and-pr-en.casesPageBuilder.results.quote,
622,https://www.msm.digital/project/recaro-gaming-social-media-and-pr/,mapped,case-msm-recaro-gaming-social-media-and-pr-en.casesPageBuilder.contact.subtitle,
623,https://www.msm.digital/project/aeg-electrolux-dishwasher-virtual-reality/,mapped,case-msm-aeg-electrolux-dishwasher-virtual-reality-en.seo.title,
624,https://www.msm.digital/project/aeg-electrolux-dishwasher-virtual-reality/,mapped,case-msm-aeg-electrolux-dishwasher-virtual-reality-en.seo.description,
625,https://www.msm.digital/project/aeg-electrolux-dishwasher-virtual-reality/,mapped,case-msm-aeg-electrolux-dishwasher-virtual-reality-en.title,
626,https://www.msm.digital/project/aeg-electrolux-dishwasher-virtual-reality/,mapped,case-msm-aeg-electrolux-dishwasher-virtual-reality-en.subtitle,
627,https://www.msm.digital/project/aeg-electrolux-dishwasher-virtual-reality/,mapped,case-msm-aeg-electrolux-dishwasher-virtual-reality-en.casesPageBuilder.challenge.description,
628,https://www.msm.digital/project/aeg-electrolux-dishwasher-virtual-reality/,mapped,case-msm-aeg-electrolux-dishwasher-virtual-reality-en.casesPageBuilder.challenge.solution,
629,https://www.msm.digital/project/aeg-electrolux-dishwasher-virtual-reality/,mapped,case-msm-aeg-electrolux-dishwasher-virtual-reality-en.casesPageBuilder.results.quote,
630,https://www.msm.digital/project/aeg-electrolux-dishwasher-virtual-reality/,mapped,case-msm-aeg-electrolux-dishwasher-virtual-reality-en.casesPageBuilder.contact.subtitle,
631,https://www.msm.digital/project/anker-lollapalooza-truck-promotion/,mapped,case-msm-anker-lollapalooza-truck-promotion-en.seo.title,
632,https://www.msm.digital/project/anker-lollapalooza-truck-promotion/,mapped,case-msm-anker-lollapalooza-truck-promotion-en.seo.description,
633,https://www.msm.digital/project/anker-lollapalooza-truck-promotion/,mapped,case-msm-anker-lollapalooza-truck-promotion-en.title,
634,https://www.msm.digital/project/anker-lollapalooza-truck-promotion/,mapped,case-msm-anker-lollapalooza-truck-promotion-en.subtitle,
635,https://www.msm.digital/project/anker-lollapalooza-truck-promotion/,mapped,case-msm-anker-lollapalooza-truck-promotion-en.casesPageBuilder.challenge.description,
636,https://www.msm.digital/project/anker-lollapalooza-truck-promotion/,mapped,case-msm-anker-lollapalooza-truck-promotion-en.casesPageBuilder.challenge.solution,
637,https://www.msm.digital/project/anker-lollapalooza-truck-promotion/,mapped,case-msm-anker-lollapalooza-truck-promotion-en.casesPageBuilder.results.quote,
638,https://www.msm.digital/project/anker-lollapalooza-truck-promotion/,mapped,case-msm-anker-lollapalooza-truck-promotion-en.casesPageBuilder.contact.subtitle,
639,https://www.msm.digital/project/microsoft-digital-eatery/,mapped,case-msm-microsoft-digital-eatery-en.seo.title,
640,https://www.msm.digital/project/microsoft-digital-eatery/,mapped,case-msm-microsoft-digital-eatery-en.seo.description,
641,https://www.msm.digital/project/microsoft-digital-eatery/,mapped,case-msm-microsoft-digital-eatery-en.title,
642,https://www.msm.digital/project/microsoft-digital-eatery/,mapped,case-msm-microsoft-digital-eatery-en.subtitle,
643,https://www.msm.digital/project/microsoft-digital-eatery/,mapped,case-msm-microsoft-digital-eatery-en.casesPageBuilder.challenge.description,
644,https://www.msm.digital/project/microsoft-digital-eatery/,mapped,case-msm-microsoft-digital-eatery-en.casesPageBuilder.results.quote,
645,https://www.msm.digital/project/microsoft-digital-eatery/,mapped,case-msm-microsoft-digital-eatery-en.casesPageBuilder.contact.subtitle,
646,https://www.msm.digital/project/microsoft-xbox-cassette-player-photo-shoot/,mapped,case-msm-microsoft-xbox-cassette-player-photo-shoot-en.seo.title,
647,https://www.msm.digital/project/microsoft-xbox-cassette-player-photo-shoot/,mapped,case-msm-microsoft-xbox-cassette-player-photo-shoot-en.seo.description,
648,https://www.msm.digital/project/microsoft-xbox-cassette-player-photo-shoot/,mapped,case-msm-microsoft-xbox-cassette-player-photo-shoot-en.title,
649,https://www.msm.digital/project/microsoft-xbox-cassette-player-photo-shoot/,mapped,case-msm-microsoft-xbox-cassette-player-photo-shoot-en.subtitle,
650,https://www.msm.digital/project/microsoft-xbox-cassette-player-photo-shoot/,mapped,case-msm-microsoft-xbox-cassette-player-photo-shoot-en.casesPageBuilder.challenge.description,
651,https://www.msm.digital/project/microsoft-xbox-cassette-player-photo-shoot/,mapped,case-msm-microsoft-xbox-cassette-player-photo-shoot-en.casesPageBuilder.challenge.solution,
652,https://www.msm.digital/project/microsoft-xbox-cassette-player-photo-shoot/,mapped,case-msm-microsoft-xbox-cassette-player-photo-shoot-en.casesPageBuilder.results.quote,
653,https://www.msm.digital/project/microsoft-xbox-cassette-player-photo-shoot/,mapped,case-msm-microsoft-xbox-cassette-player-photo-shoot-en.casesPageBuilder.contact.subtitle,
654,https://www.msm.digital/project/coca-cola-metarcube/,mapped,case-msm-coca-cola-metarcube-en.seo.title,
655,https://www.msm.digital/project/coca-cola-metarcube/,mapped,case-msm-coca-cola-metarcube-en.seo.description,
656,https://www.msm.digital/project/coca-cola-metarcube/,mapped,case-msm-coca-cola-metarcube-en.title,
657,https://www.msm.digital/project/coca-cola-metarcube/,mapped,case-msm-coca-cola-metarcube-en.subtitle,
658,https://www.msm.digital/project/coca-cola-metarcube/,mapped,case-msm-coca-cola-metarcube-en.casesPageBuilder.challenge.description,
659,https://www.msm.digital/project/coca-cola-metarcube/,mapped,case-msm-coca-cola-metarcube-en.casesPageBuilder.challenge.solution,
660,https://www.msm.digital/project/coca-cola-metarcube/,mapped,case-msm-coca-cola-metarcube-en.casesPageBuilder.results.quote,
661,https://www.msm.digital/project/coca-cola-metarcube/,mapped,case-msm-coca-cola-metarcube-en.casesPageBuilder.contact.subtitle,
662,https://www.msm.digital/project/garmin-esports-cooperation/,mapped,case-msm-garmin-esports-cooperation-en.seo.title,
663,https://www.msm.digital/project/garmin-esports-cooperation/,mapped,case-msm-garmin-esports-cooperation-en.seo.description,
664,https://www.msm.digital/project/garmin-esports-cooperation/,mapped,case-msm-garmin-esports-cooperation-en.title,
665,https://www.msm.digital/project/garmin-esports-cooperation/,mapped,case-msm-garmin-esports-cooperation-en.subtitle,
666,https://www.msm.digital/project/garmin-esports-cooperation/,mapped,case-msm-garmin-esports-cooperation-en.casesPageBuilder.challenge.description,
667,https://www.msm.digital/project/garmin-esports-cooperation/,mapped,case-msm-garmin-esports-cooperation-en.casesPageBuilder.challenge.solution,
668,https://www.msm.digital/project/garmin-esports-cooperation/,mapped,case-msm-garmin-esports-cooperation-en.casesPageBuilder.results.quote,
669,https://www.msm.digital/project/garmin-esports-cooperation/,mapped,case-msm-garmin-esports-cooperation-en.casesPageBuilder.contact.subtitle,
670,https://www.msm.digital/project/aeg-electrolux-one2five-review-platform/,mapped,case-msm-aeg-electrolux-one2five-review-platform-en.seo.title,
671,https://www.msm.digital/project/aeg-electrolux-one2five-review-platform/,mapped,case-msm-aeg-electrolux-one2five-review-platform-en.seo.description,
672,https://www.msm.digital/project/aeg-electrolux-one2five-review-platform/,mapped,case-msm-aeg-electrolux-one2five-review-platform-en.title,
673,https://www.msm.digital/project/aeg-electrolux-one2five-review-platform/,mapped,case-msm-aeg-electrolux-one2five-review-platform-en.subtitle,
674,https://www.msm.digital/project/aeg-electrolux-one2five-review-platform/,mapped,case-msm-aeg-electrolux-one2five-review-platform-en.casesPageBuilder.challenge.description,
675,https://www.msm.digital/project/aeg-electrolux-one2five-review-platform/,mapped,case-msm-aeg-electrolux-one2five-review-platform-en.casesPageBuilder.challenge.solution,
676,https://www.msm.digital/project/aeg-electrolux-one2five-review-platform/,mapped,case-msm-aeg-electrolux-one2five-review-platform-en.casesPageBuilder.results.description,
677,https://www.msm.digital/project/aeg-electrolux-one2five-review-platform/,mapped,case-msm-aeg-electrolux-one2five-review-platform-en.casesPageBuilder.results.quote,
678,https://www.msm.digital/project/aeg-electrolux-one2five-review-platform/,mapped,case-msm-aeg-electrolux-one2five-review-platform-en.casesPageBuilder.contact.subtitle,
679,https://www.msm.digital/project/priokoll-ux-ui-and-branding/,mapped,case-msm-priokoll-ux-ui-and-branding-en.seo.title,
680,https://www.msm.digital/project/priokoll-ux-ui-and-branding/,mapped,case-msm-priokoll-ux-ui-and-branding-en.seo.description,
681,https://www.msm.digital/project/priokoll-ux-ui-and-branding/,mapped,case-msm-priokoll-ux-ui-and-branding-en.title,
682,https://www.msm.digital/project/priokoll-ux-ui-and-branding/,mapped,case-msm-priokoll-ux-ui-and-branding-en.subtitle,
683,https://www.msm.digital/project/priokoll-ux-ui-and-branding/,mapped,case-msm-priokoll-ux-ui-and-branding-en.casesPageBuilder.challenge.description,
684,https://www.msm.digital/project/priokoll-ux-ui-and-branding/,mapped,case-msm-priokoll-ux-ui-and-branding-en.casesPageBuilder.challenge.solution,
685,https://www.msm.digital/project/priokoll-ux-ui-and-branding/,mapped,case-msm-priokoll-ux-ui-and-branding-en.casesPageBuilder.results.quote,
686,https://www.msm.digital/project/priokoll-ux-ui-and-branding/,mapped,case-msm-priokoll-ux-ui-and-branding-en.casesPageBuilder.results.description,
687,https://www.msm.digital/project/priokoll-ux-ui-and-branding/,mapped,case-msm-priokoll-ux-ui-and-branding-en.casesPageBuilder.contact.subtitle,
688,https://www.msm.digital/project/microsoft-expertzone-social-media/,mapped,case-msm-microsoft-expertzone-social-media-en.seo.title,
689,https://www.msm.digital/project/microsoft-expertzone-social-media/,mapped,case-msm-microsoft-expertzone-social-media-en.seo.description,
690,https://www.msm.digital/project/microsoft-expertzone-social-media/,mapped,case-msm-microsoft-expertzone-social-media-en.title,
691,https://www.msm.digital/project/microsoft-expertzone-social-media/,mapped,case-msm-microsoft-expertzone-social-media-en.subtitle,
692,https://www.msm.digital/project/microsoft-expertzone-social-media/,mapped,case-msm-microsoft-expertzone-social-media-en.casesPageBuilder.challenge.description,
693,https://www.msm.digital/project/microsoft-expertzone-social-media/,mapped,case-msm-microsoft-expertzone-social-media-en.casesPageBuilder.challenge.solution,
694,https://www.msm.digital/project/microsoft-expertzone-social-media/,mapped,case-msm-microsoft-expertzone-social-media-en.casesPageBuilder.results.quote,
695,https://www.msm.digital/project/microsoft-expertzone-social-media/,mapped,case-msm-microsoft-expertzone-social-media-en.casesPageBuilder.results.description,
696,https://www.msm.digital/project/microsoft-expertzone-social-media/,mapped,case-msm-microsoft-expertzone-social-media-en.casesPageBuilder.contact.subtitle,
697,https://www.msm.digital/project/eppendorf-e-learning-concept/,mapped,case-msm-eppendorf-e-learning-concept-en.seo.title,
698,https://www.msm.digital/project/eppendorf-e-learning-concept/,mapped,case-msm-eppendorf-e-learning-concept-en.seo.description,
699,https://www.msm.digital/project/eppendorf-e-learning-concept/,mapped,case-msm-eppendorf-e-learning-concept-en.title,
700,https://www.msm.digital/project/eppendorf-e-learning-concept/,mapped,case-msm-eppendorf-e-learning-concept-en.subtitle,
701,https://www.msm.digital/project/eppendorf-e-learning-concept/,mapped,case-msm-eppendorf-e-learning-concept-en.casesPageBuilder.challenge.description,
702,https://www.msm.digital/project/eppendorf-e-learning-concept/,mapped,case-msm-eppendorf-e-learning-concept-en.casesPageBuilder.challenge.solution,
703,https://www.msm.digital/project/eppendorf-e-learning-concept/,mapped,case-msm-eppendorf-e-learning-concept-en.casesPageBuilder.results.quote,
704,https://www.msm.digital/project/eppendorf-e-learning-concept/,editorial-note,,Not public copy; no missing result or quotation fabricated.
705,https://www.msm.digital/project/eppendorf-e-learning-concept/,mapped,case-msm-eppendorf-e-learning-concept-en.casesPageBuilder.contact.subtitle,
706,https://www.msm.digital/project/migros-ar-digital-loyalty-campaign/,mapped,case-msm-migros-ar-digital-loyalty-campaign-en.seo.title,
707,https://www.msm.digital/project/migros-ar-digital-loyalty-campaign/,mapped,case-msm-migros-ar-digital-loyalty-campaign-en.seo.description,
708,https://www.msm.digital/project/migros-ar-digital-loyalty-campaign/,mapped,case-msm-migros-ar-digital-loyalty-campaign-en.title,
709,https://www.msm.digital/project/migros-ar-digital-loyalty-campaign/,mapped,case-msm-migros-ar-digital-loyalty-campaign-en.subtitle,
710,https://www.msm.digital/project/migros-ar-digital-loyalty-campaign/,mapped,case-msm-migros-ar-digital-loyalty-campaign-en.casesPageBuilder.challenge.description,
711,https://www.msm.digital/project/migros-ar-digital-loyalty-campaign/,mapped,case-msm-migros-ar-digital-loyalty-campaign-en.casesPageBuilder.challenge.solution,
712,https://www.msm.digital/project/migros-ar-digital-loyalty-campaign/,mapped,case-msm-migros-ar-digital-loyalty-campaign-en.casesPageBuilder.results.quote,
713,https://www.msm.digital/project/migros-ar-digital-loyalty-campaign/,mapped,case-msm-migros-ar-digital-loyalty-campaign-en.casesPageBuilder.results.description,
714,https://www.msm.digital/project/migros-ar-digital-loyalty-campaign/,mapped,case-msm-migros-ar-digital-loyalty-campaign-en.casesPageBuilder.contact.subtitle,
715,https://www.msm.digital/project/jakks-pacifik-harry-potter-magic-wand-activation/,mapped,case-msm-jakks-pacifik-harry-potter-magic-wand-activation-en.seo.title,
716,https://www.msm.digital/project/jakks-pacifik-harry-potter-magic-wand-activation/,mapped,case-msm-jakks-pacifik-harry-potter-magic-wand-activation-en.seo.description,
717,https://www.msm.digital/project/jakks-pacifik-harry-potter-magic-wand-activation/,mapped,case-msm-jakks-pacifik-harry-potter-magic-wand-activation-en.title,
718,https://www.msm.digital/project/jakks-pacifik-harry-potter-magic-wand-activation/,mapped,case-msm-jakks-pacifik-harry-potter-magic-wand-activation-en.subtitle,
719,https://www.msm.digital/project/jakks-pacifik-harry-potter-magic-wand-activation/,mapped,case-msm-jakks-pacifik-harry-potter-magic-wand-activation-en.casesPageBuilder.challenge.description,
720,https://www.msm.digital/project/jakks-pacifik-harry-potter-magic-wand-activation/,mapped,case-msm-jakks-pacifik-harry-potter-magic-wand-activation-en.casesPageBuilder.challenge.solution,
721,https://www.msm.digital/project/jakks-pacifik-harry-potter-magic-wand-activation/,mapped,case-msm-jakks-pacifik-harry-potter-magic-wand-activation-en.casesPageBuilder.results.quote,
722,https://www.msm.digital/project/jakks-pacifik-harry-potter-magic-wand-activation/,mapped,case-msm-jakks-pacifik-harry-potter-magic-wand-activation-en.casesPageBuilder.results.description,
723,https://www.msm.digital/project/jakks-pacifik-harry-potter-magic-wand-activation/,mapped,case-msm-jakks-pacifik-harry-potter-magic-wand-activation-en.casesPageBuilder.contact.subtitle,
724,https://www.msm.digital/project/samsung-sales-training/,mapped,case-msm-samsung-sales-training-en.seo.title,
725,https://www.msm.digital/project/samsung-sales-training/,mapped,case-msm-samsung-sales-training-en.seo.description,
726,https://www.msm.digital/project/samsung-sales-training/,mapped,case-msm-samsung-sales-training-en.title,
727,https://www.msm.digital/project/samsung-sales-training/,mapped,case-msm-samsung-sales-training-en.subtitle,
728,https://www.msm.digital/project/samsung-sales-training/,mapped,case-msm-samsung-sales-training-en.casesPageBuilder.challenge.description,
729,https://www.msm.digital/project/samsung-sales-training/,mapped,case-msm-samsung-sales-training-en.casesPageBuilder.challenge.solution,
730,https://www.msm.digital/project/samsung-sales-training/,mapped,case-msm-samsung-sales-training-en.casesPageBuilder.results.quote,
731,https://www.msm.digital/project/samsung-sales-training/,editorial-note,,Not public copy; no missing result or quotation fabricated.
732,https://www.msm.digital/project/samsung-sales-training/,mapped,case-msm-samsung-sales-training-en.casesPageBuilder.contact.subtitle,
733,https://www.msm.digital/project/ea-the-sims-tiktok-influencer-marketing/,mapped,case-msm-ea-the-sims-tiktok-influencer-marketing-en.seo.title,
734,https://www.msm.digital/project/ea-the-sims-tiktok-influencer-marketing/,mapped,case-msm-ea-the-sims-tiktok-influencer-marketing-en.seo.description,
735,https://www.msm.digital/project/ea-the-sims-tiktok-influencer-marketing/,mapped,case-msm-ea-the-sims-tiktok-influencer-marketing-en.title,
736,https://www.msm.digital/project/ea-the-sims-tiktok-influencer-marketing/,mapped,case-msm-ea-the-sims-tiktok-influencer-marketing-en.subtitle,
737,https://www.msm.digital/project/ea-the-sims-tiktok-influencer-marketing/,mapped,case-msm-ea-the-sims-tiktok-influencer-marketing-en.casesPageBuilder.challenge.description,
738,https://www.msm.digital/project/ea-the-sims-tiktok-influencer-marketing/,mapped,case-msm-ea-the-sims-tiktok-influencer-marketing-en.casesPageBuilder.challenge.solution,
739,https://www.msm.digital/project/ea-the-sims-tiktok-influencer-marketing/,mapped,case-msm-ea-the-sims-tiktok-influencer-marketing-en.casesPageBuilder.results.quote,
740,https://www.msm.digital/project/ea-the-sims-tiktok-influencer-marketing/,mapped,case-msm-ea-the-sims-tiktok-influencer-marketing-en.casesPageBuilder.results.description,
741,https://www.msm.digital/project/ea-the-sims-tiktok-influencer-marketing/,mapped,case-msm-ea-the-sims-tiktok-influencer-marketing-en.casesPageBuilder.contact.subtitle,
742,https://www.msm.digital/project/bigben-consumer-electronics-activation/,mapped,case-msm-bigben-consumer-electronics-activation-en.seo.title,
743,https://www.msm.digital/project/bigben-consumer-electronics-activation/,mapped,case-msm-bigben-consumer-electronics-activation-en.seo.description,
744,https://www.msm.digital/project/bigben-consumer-electronics-activation/,mapped,case-msm-bigben-consumer-electronics-activation-en.title,
745,https://www.msm.digital/project/bigben-consumer-electronics-activation/,mapped,case-msm-bigben-consumer-electronics-activation-en.subtitle,
746,https://www.msm.digital/project/bigben-consumer-electronics-activation/,mapped,case-msm-bigben-consumer-electronics-activation-en.casesPageBuilder.challenge.description,
747,https://www.msm.digital/project/bigben-consumer-electronics-activation/,mapped,case-msm-bigben-consumer-electronics-activation-en.casesPageBuilder.challenge.solution,
748,https://www.msm.digital/project/bigben-consumer-electronics-activation/,mapped,case-msm-bigben-consumer-electronics-activation-en.casesPageBuilder.results.quote,
749,https://www.msm.digital/project/bigben-consumer-electronics-activation/,editorial-note,,Not public copy; no missing result or quotation fabricated.
750,https://www.msm.digital/project/bigben-consumer-electronics-activation/,mapped,case-msm-bigben-consumer-electronics-activation-en.casesPageBuilder.contact.subtitle,
751,https://www.msm.digital/project/warner-bros-lego-games-brand-communication/,mapped,case-msm-warner-bros-lego-games-brand-communication-en.seo.title,
752,https://www.msm.digital/project/warner-bros-lego-games-brand-communication/,mapped,case-msm-warner-bros-lego-games-brand-communication-en.seo.description,
753,https://www.msm.digital/project/warner-bros-lego-games-brand-communication/,mapped,case-msm-warner-bros-lego-games-brand-communication-en.title,
754,https://www.msm.digital/project/warner-bros-lego-games-brand-communication/,mapped,case-msm-warner-bros-lego-games-brand-communication-en.subtitle,
755,https://www.msm.digital/project/warner-bros-lego-games-brand-communication/,mapped,case-msm-warner-bros-lego-games-brand-communication-en.casesPageBuilder.challenge.description,
756,https://www.msm.digital/project/warner-bros-lego-games-brand-communication/,mapped,case-msm-warner-bros-lego-games-brand-communication-en.casesPageBuilder.challenge.solution,
757,https://www.msm.digital/project/warner-bros-lego-games-brand-communication/,mapped,case-msm-warner-bros-lego-games-brand-communication-en.casesPageBuilder.results.quote,
758,https://www.msm.digital/project/warner-bros-lego-games-brand-communication/,editorial-note,,Not public copy; no missing result or quotation fabricated.
759,https://www.msm.digital/project/warner-bros-lego-games-brand-communication/,mapped,case-msm-warner-bros-lego-games-brand-communication-en.casesPageBuilder.contact.subtitle,
760,https://www.msm.digital/project/obi-influencer-campaign/,mapped,case-msm-obi-influencer-campaign-en.seo.title,
761,https://www.msm.digital/project/obi-influencer-campaign/,mapped,case-msm-obi-influencer-campaign-en.seo.description,
762,https://www.msm.digital/project/obi-influencer-campaign/,mapped,case-msm-obi-influencer-campaign-en.title,
763,https://www.msm.digital/project/obi-influencer-campaign/,mapped,case-msm-obi-influencer-campaign-en.subtitle,
764,https://www.msm.digital/project/obi-influencer-campaign/,mapped,case-msm-obi-influencer-campaign-en.casesPageBuilder.challenge.description,
765,https://www.msm.digital/project/obi-influencer-campaign/,mapped,case-msm-obi-influencer-campaign-en.casesPageBuilder.challenge.solution,
766,https://www.msm.digital/project/obi-influencer-campaign/,mapped,case-msm-obi-influencer-campaign-en.casesPageBuilder.results.quote,
767,https://www.msm.digital/project/obi-influencer-campaign/,mapped,case-msm-obi-influencer-campaign-en.casesPageBuilder.results.description,
768,https://www.msm.digital/project/obi-influencer-campaign/,mapped,case-msm-obi-influencer-campaign-en.casesPageBuilder.contact.subtitle,
769,https://www.msm.digital/project/ernst-klett-verlag-printed-content-enrichment/,mapped,case-msm-ernst-klett-verlag-printed-content-enrichment-en.seo.title,
770,https://www.msm.digital/project/ernst-klett-verlag-printed-content-enrichment/,mapped,case-msm-ernst-klett-verlag-printed-content-enrichment-en.seo.description,
771,https://www.msm.digital/project/ernst-klett-verlag-printed-content-enrichment/,mapped,case-msm-ernst-klett-verlag-printed-content-enrichment-en.title,
772,https://www.msm.digital/project/ernst-klett-verlag-printed-content-enrichment/,mapped,case-msm-ernst-klett-verlag-printed-content-enrichment-en.subtitle,
773,https://www.msm.digital/project/ernst-klett-verlag-printed-content-enrichment/,mapped,case-msm-ernst-klett-verlag-printed-content-enrichment-en.casesPageBuilder.challenge.description,
774,https://www.msm.digital/project/ernst-klett-verlag-printed-content-enrichment/,mapped,case-msm-ernst-klett-verlag-printed-content-enrichment-en.casesPageBuilder.challenge.solution,
775,https://www.msm.digital/project/ernst-klett-verlag-printed-content-enrichment/,mapped,case-msm-ernst-klett-verlag-printed-content-enrichment-en.casesPageBuilder.results.quote,
776,https://www.msm.digital/project/ernst-klett-verlag-printed-content-enrichment/,mapped,case-msm-ernst-klett-verlag-printed-content-enrichment-en.casesPageBuilder.results.description,
777,https://www.msm.digital/project/ernst-klett-verlag-printed-content-enrichment/,mapped,case-msm-ernst-klett-verlag-printed-content-enrichment-en.casesPageBuilder.contact.subtitle,
778,https://www.msm.digital/project/ea-sims4-influencer-marketing/,mapped,case-msm-ea-sims4-influencer-marketing-en.seo.title,
779,https://www.msm.digital/project/ea-sims4-influencer-marketing/,mapped,case-msm-ea-sims4-influencer-marketing-en.seo.description,
780,https://www.msm.digital/project/ea-sims4-influencer-marketing/,mapped,case-msm-ea-sims4-influencer-marketing-en.title,
781,https://www.msm.digital/project/ea-sims4-influencer-marketing/,mapped,case-msm-ea-sims4-influencer-marketing-en.subtitle,
782,https://www.msm.digital/project/ea-sims4-influencer-marketing/,mapped,case-msm-ea-sims4-influencer-marketing-en.casesPageBuilder.challenge.description,
783,https://www.msm.digital/project/ea-sims4-influencer-marketing/,mapped,case-msm-ea-sims4-influencer-marketing-en.casesPageBuilder.challenge.solution,
784,https://www.msm.digital/project/ea-sims4-influencer-marketing/,mapped,case-msm-ea-sims4-influencer-marketing-en.casesPageBuilder.results.quote,
785,https://www.msm.digital/project/ea-sims4-influencer-marketing/,editorial-note,,Not public copy; no missing result or quotation fabricated.
786,https://www.msm.digital/project/ea-sims4-influencer-marketing/,mapped,case-msm-ea-sims4-influencer-marketing-en.casesPageBuilder.contact.subtitle,
787,https://www.msm.digital/project/sparkasse-reviews-and-ratings-strategy/,mapped,case-msm-sparkasse-reviews-and-ratings-strategy-en.seo.title,
788,https://www.msm.digital/project/sparkasse-reviews-and-ratings-strategy/,mapped,case-msm-sparkasse-reviews-and-ratings-strategy-en.seo.description,
789,https://www.msm.digital/project/sparkasse-reviews-and-ratings-strategy/,mapped,case-msm-sparkasse-reviews-and-ratings-strategy-en.title,
790,https://www.msm.digital/project/sparkasse-reviews-and-ratings-strategy/,mapped,case-msm-sparkasse-reviews-and-ratings-strategy-en.subtitle,
791,https://www.msm.digital/project/sparkasse-reviews-and-ratings-strategy/,mapped,case-msm-sparkasse-reviews-and-ratings-strategy-en.casesPageBuilder.challenge.description,
792,https://www.msm.digital/project/sparkasse-reviews-and-ratings-strategy/,mapped,case-msm-sparkasse-reviews-and-ratings-strategy-en.casesPageBuilder.challenge.solution,
793,https://www.msm.digital/project/sparkasse-reviews-and-ratings-strategy/,mapped,case-msm-sparkasse-reviews-and-ratings-strategy-en.casesPageBuilder.results.quote,
794,https://www.msm.digital/project/sparkasse-reviews-and-ratings-strategy/,editorial-note,,Not public copy; no missing result or quotation fabricated.
795,https://www.msm.digital/project/sparkasse-reviews-and-ratings-strategy/,mapped,case-msm-sparkasse-reviews-and-ratings-strategy-en.casesPageBuilder.contact.subtitle,
796,https://www.msm.digital/project/hisense-uefa-cashback/,mapped,case-msm-hisense-uefa-cashback-en.seo.title,
797,https://www.msm.digital/project/hisense-uefa-cashback/,mapped,case-msm-hisense-uefa-cashback-en.seo.description,
798,https://www.msm.digital/project/hisense-uefa-cashback/,mapped,case-msm-hisense-uefa-cashback-en.title,
799,https://www.msm.digital/project/hisense-uefa-cashback/,mapped,case-msm-hisense-uefa-cashback-en.subtitle,
800,https://www.msm.digital/project/hisense-uefa-cashback/,mapped,case-msm-hisense-uefa-cashback-en.casesPageBuilder.challenge.description,
801,https://www.msm.digital/project/hisense-uefa-cashback/,mapped,case-msm-hisense-uefa-cashback-en.casesPageBuilder.challenge.solution,
802,https://www.msm.digital/project/hisense-uefa-cashback/,mapped,case-msm-hisense-uefa-cashback-en.casesPageBuilder.results.quote,
803,https://www.msm.digital/project/hisense-uefa-cashback/,mapped,case-msm-hisense-uefa-cashback-en.casesPageBuilder.results.description,
804,https://www.msm.digital/project/hisense-uefa-cashback/,mapped,case-msm-hisense-uefa-cashback-en.casesPageBuilder.contact.subtitle,
805,https://www.msm.digital/project/ring-retail-marketing/,mapped,case-msm-ring-retail-marketing-en.seo.title,
806,https://www.msm.digital/project/ring-retail-marketing/,mapped,case-msm-ring-retail-marketing-en.seo.description,
807,https://www.msm.digital/project/ring-retail-marketing/,mapped,case-msm-ring-retail-marketing-en.title,
808,https://www.msm.digital/project/ring-retail-marketing/,mapped,case-msm-ring-retail-marketing-en.subtitle,
809,https://www.msm.digital/project/ring-retail-marketing/,mapped,case-msm-ring-retail-marketing-en.casesPageBuilder.challenge.description,
810,https://www.msm.digital/project/ring-retail-marketing/,mapped,case-msm-ring-retail-marketing-en.casesPageBuilder.challenge.solution,
811,https://www.msm.digital/project/ring-retail-marketing/,mapped,case-msm-ring-retail-marketing-en.casesPageBuilder.results.quote,
812,https://www.msm.digital/project/ring-retail-marketing/,editorial-note,,Not public copy; no missing result or quotation fabricated.
813,https://www.msm.digital/project/ring-retail-marketing/,mapped,case-msm-ring-retail-marketing-en.casesPageBuilder.contact.subtitle,
814,https://www.msm.digital/project/parrot-retail-marketing/,mapped,case-msm-parrot-retail-marketing-en.seo.title,
815,https://www.msm.digital/project/parrot-retail-marketing/,mapped,case-msm-parrot-retail-marketing-en.seo.description,
816,https://www.msm.digital/project/parrot-retail-marketing/,mapped,case-msm-parrot-retail-marketing-en.title,
817,https://www.msm.digital/project/parrot-retail-marketing/,mapped,case-msm-parrot-retail-marketing-en.subtitle,
818,https://www.msm.digital/project/parrot-retail-marketing/,mapped,case-msm-parrot-retail-marketing-en.casesPageBuilder.challenge.description,
819,https://www.msm.digital/project/parrot-retail-marketing/,mapped,case-msm-parrot-retail-marketing-en.casesPageBuilder.challenge.solution,
820,https://www.msm.digital/project/parrot-retail-marketing/,mapped,case-msm-parrot-retail-marketing-en.casesPageBuilder.results.quote,
821,https://www.msm.digital/project/parrot-retail-marketing/,editorial-note,,Not public copy; no missing result or quotation fabricated.
822,https://www.msm.digital/project/parrot-retail-marketing/,mapped,case-msm-parrot-retail-marketing-en.casesPageBuilder.contact.subtitle,
823,https://www.msm.digital/project/reifen-helm-digital-marketing/,mapped,case-msm-reifen-helm-digital-marketing-en.seo.title,
824,https://www.msm.digital/project/reifen-helm-digital-marketing/,mapped,case-msm-reifen-helm-digital-marketing-en.seo.description,
825,https://www.msm.digital/project/reifen-helm-digital-marketing/,mapped,case-msm-reifen-helm-digital-marketing-en.title,
826,https://www.msm.digital/project/reifen-helm-digital-marketing/,mapped,case-msm-reifen-helm-digital-marketing-en.subtitle,
827,https://www.msm.digital/project/reifen-helm-digital-marketing/,mapped,case-msm-reifen-helm-digital-marketing-en.casesPageBuilder.challenge.description,
828,https://www.msm.digital/project/reifen-helm-digital-marketing/,mapped,case-msm-reifen-helm-digital-marketing-en.casesPageBuilder.results.quote,
829,https://www.msm.digital/project/reifen-helm-digital-marketing/,mapped,case-msm-reifen-helm-digital-marketing-en.casesPageBuilder.challenge.solution,
830,https://www.msm.digital/project/reifen-helm-digital-marketing/,mapped,case-msm-reifen-helm-digital-marketing-en.casesPageBuilder.contact.subtitle,
831,https://www.msm.digital/project/merlin-entertainments-sea-life-digital-queue-entertainment/,mapped,case-msm-merlin-entertainments-sea-life-digital-queue-entertainment-en.seo.title,
832,https://www.msm.digital/project/merlin-entertainments-sea-life-digital-queue-entertainment/,mapped,case-msm-merlin-entertainments-sea-life-digital-queue-entertainment-en.seo.description,
833,https://www.msm.digital/project/merlin-entertainments-sea-life-digital-queue-entertainment/,mapped,case-msm-merlin-entertainments-sea-life-digital-queue-entertainment-en.title,
834,https://www.msm.digital/project/merlin-entertainments-sea-life-digital-queue-entertainment/,mapped,case-msm-merlin-entertainments-sea-life-digital-queue-entertainment-en.subtitle,
835,https://www.msm.digital/project/merlin-entertainments-sea-life-digital-queue-entertainment/,mapped,case-msm-merlin-entertainments-sea-life-digital-queue-entertainment-en.casesPageBuilder.challenge.description,
836,https://www.msm.digital/project/merlin-entertainments-sea-life-digital-queue-entertainment/,mapped,case-msm-merlin-entertainments-sea-life-digital-queue-entertainment-en.casesPageBuilder.results.quote,
837,https://www.msm.digital/project/merlin-entertainments-sea-life-digital-queue-entertainment/,mapped,case-msm-merlin-entertainments-sea-life-digital-queue-entertainment-en.casesPageBuilder.challenge.solution,
838,https://www.msm.digital/project/merlin-entertainments-sea-life-digital-queue-entertainment/,editorial-note,,Not public copy; no missing result or quotation fabricated.
839,https://www.msm.digital/project/merlin-entertainments-sea-life-digital-queue-entertainment/,mapped,case-msm-merlin-entertainments-sea-life-digital-queue-entertainment-en.casesPageBuilder.contact.subtitle,
840,https://www.msm.digital/project/anker-and-soundcore-retail-space-experience/,mapped,case-msm-anker-and-soundcore-retail-space-experience-en.seo.title,
841,https://www.msm.digital/project/anker-and-soundcore-retail-space-experience/,mapped,case-msm-anker-and-soundcore-retail-space-experience-en.seo.description,
842,https://www.msm.digital/project/anker-and-soundcore-retail-space-experience/,mapped,case-msm-anker-and-soundcore-retail-space-experience-en.title,
843,https://www.msm.digital/project/anker-and-soundcore-retail-space-experience/,mapped,case-msm-anker-and-soundcore-retail-space-experience-en.subtitle,
844,https://www.msm.digital/project/anker-and-soundcore-retail-space-experience/,mapped,case-msm-anker-and-soundcore-retail-space-experience-en.casesPageBuilder.challenge.description,
845,https://www.msm.digital/project/anker-and-soundcore-retail-space-experience/,mapped,case-msm-anker-and-soundcore-retail-space-experience-en.casesPageBuilder.results.quote,
846,https://www.msm.digital/project/anker-and-soundcore-retail-space-experience/,mapped,case-msm-anker-and-soundcore-retail-space-experience-en.casesPageBuilder.results.description,
847,https://www.msm.digital/project/anker-and-soundcore-retail-space-experience/,mapped,case-msm-anker-and-soundcore-retail-space-experience-en.casesPageBuilder.contact.subtitle,
848,https://www.msm.digital/project/expert-augmented-reality-product-experience/,mapped,case-msm-expert-augmented-reality-product-experience-en.seo.title,
849,https://www.msm.digital/project/expert-augmented-reality-product-experience/,mapped,case-msm-expert-augmented-reality-product-experience-en.seo.description,
850,https://www.msm.digital/project/expert-augmented-reality-product-experience/,mapped,case-msm-expert-augmented-reality-product-experience-en.title,
851,https://www.msm.digital/project/expert-augmented-reality-product-experience/,mapped,case-msm-expert-augmented-reality-product-experience-en.subtitle,
852,https://www.msm.digital/project/expert-augmented-reality-product-experience/,mapped,case-msm-expert-augmented-reality-product-experience-en.casesPageBuilder.challenge.description,
853,https://www.msm.digital/project/expert-augmented-reality-product-experience/,mapped,case-msm-expert-augmented-reality-product-experience-en.casesPageBuilder.results.quote,
854,https://www.msm.digital/project/expert-augmented-reality-product-experience/,mapped,case-msm-expert-augmented-reality-product-experience-en.casesPageBuilder.challenge.solution,
855,https://www.msm.digital/project/expert-augmented-reality-product-experience/,mapped,case-msm-expert-augmented-reality-product-experience-en.casesPageBuilder.contact.subtitle,
856,https://www.msm.digital/project/tiktok-influencer-campaign/,mapped,case-msm-tiktok-influencer-campaign-en.seo.title,
857,https://www.msm.digital/project/tiktok-influencer-campaign/,mapped,case-msm-tiktok-influencer-campaign-en.seo.description,
858,https://www.msm.digital/project/tiktok-influencer-campaign/,mapped,case-msm-tiktok-influencer-campaign-en.title,
859,https://www.msm.digital/project/tiktok-influencer-campaign/,mapped,case-msm-tiktok-influencer-campaign-en.subtitle,
860,https://www.msm.digital/project/tiktok-influencer-campaign/,mapped,case-msm-tiktok-influencer-campaign-en.casesPageBuilder.challenge.description,
861,https://www.msm.digital/project/tiktok-influencer-campaign/,mapped,case-msm-tiktok-influencer-campaign-en.casesPageBuilder.results.quote,
862,https://www.msm.digital/project/tiktok-influencer-campaign/,mapped,case-msm-tiktok-influencer-campaign-en.casesPageBuilder.challenge.solution,
863,https://www.msm.digital/project/tiktok-influencer-campaign/,mapped,case-msm-tiktok-influencer-campaign-en.casesPageBuilder.contact.subtitle,
864,https://www.msm.digital/project/hermes-arzneimittel-employer-branding/,mapped,case-msm-hermes-arzneimittel-employer-branding-en.seo.title,
865,https://www.msm.digital/project/hermes-arzneimittel-employer-branding/,mapped,case-msm-hermes-arzneimittel-employer-branding-en.seo.description,
866,https://www.msm.digital/project/hermes-arzneimittel-employer-branding/,mapped,case-msm-hermes-arzneimittel-employer-branding-en.title,
867,https://www.msm.digital/project/hermes-arzneimittel-employer-branding/,mapped,case-msm-hermes-arzneimittel-employer-branding-en.subtitle,
868,https://www.msm.digital/project/hermes-arzneimittel-employer-branding/,mapped,case-msm-hermes-arzneimittel-employer-branding-en.casesPageBuilder.challenge.description,
869,https://www.msm.digital/project/hermes-arzneimittel-employer-branding/,mapped,case-msm-hermes-arzneimittel-employer-branding-en.casesPageBuilder.results.quote,
870,https://www.msm.digital/project/hermes-arzneimittel-employer-branding/,mapped,case-msm-hermes-arzneimittel-employer-branding-en.casesPageBuilder.challenge.solution,
871,https://www.msm.digital/project/hermes-arzneimittel-employer-branding/,mapped,case-msm-hermes-arzneimittel-employer-branding-en.casesPageBuilder.contact.subtitle,
872,https://www.msm.digital/project/avm-shelf-system-optimization/,mapped,case-msm-avm-shelf-system-optimization-en.seo.title,
873,https://www.msm.digital/project/avm-shelf-system-optimization/,mapped,case-msm-avm-shelf-system-optimization-en.seo.description,
874,https://www.msm.digital/project/avm-shelf-system-optimization/,mapped,case-msm-avm-shelf-system-optimization-en.title,
875,https://www.msm.digital/project/avm-shelf-system-optimization/,mapped,case-msm-avm-shelf-system-optimization-en.subtitle,
876,https://www.msm.digital/project/avm-shelf-system-optimization/,mapped,case-msm-avm-shelf-system-optimization-en.casesPageBuilder.challenge.description,
877,https://www.msm.digital/project/avm-shelf-system-optimization/,mapped,case-msm-avm-shelf-system-optimization-en.casesPageBuilder.results.quote,
878,https://www.msm.digital/project/avm-shelf-system-optimization/,mapped,case-msm-avm-shelf-system-optimization-en.casesPageBuilder.challenge.solution,
879,https://www.msm.digital/project/avm-shelf-system-optimization/,mapped,case-msm-avm-shelf-system-optimization-en.casesPageBuilder.contact.subtitle,
880,https://www.msm.digital/project/nespresso-okr-vizualization/,mapped,case-msm-nespresso-okr-vizualization-en.seo.title,
881,https://www.msm.digital/project/nespresso-okr-vizualization/,mapped,case-msm-nespresso-okr-vizualization-en.seo.description,
882,https://www.msm.digital/project/nespresso-okr-vizualization/,mapped,case-msm-nespresso-okr-vizualization-en.title,
883,https://www.msm.digital/project/nespresso-okr-vizualization/,mapped,case-msm-nespresso-okr-vizualization-en.subtitle,
884,https://www.msm.digital/project/nespresso-okr-vizualization/,mapped,case-msm-nespresso-okr-vizualization-en.casesPageBuilder.challenge.description,
885,https://www.msm.digital/project/nespresso-okr-vizualization/,mapped,case-msm-nespresso-okr-vizualization-en.casesPageBuilder.results.quote,
886,https://www.msm.digital/project/nespresso-okr-vizualization/,mapped,case-msm-nespresso-okr-vizualization-en.casesPageBuilder.challenge.solution,
887,https://www.msm.digital/project/nespresso-okr-vizualization/,editorial-note,,Not public copy; no missing result or quotation fabricated.
888,https://www.msm.digital/project/nespresso-okr-vizualization/,mapped,case-msm-nespresso-okr-vizualization-en.casesPageBuilder.contact.subtitle,
889,https://www.msm.digital/project/riot-games-valorant-gen-z-advent-calendar/,mapped,case-msm-riot-games-valorant-gen-z-advent-calendar-en.seo.title,
890,https://www.msm.digital/project/riot-games-valorant-gen-z-advent-calendar/,mapped,case-msm-riot-games-valorant-gen-z-advent-calendar-en.seo.description,
891,https://www.msm.digital/project/riot-games-valorant-gen-z-advent-calendar/,mapped,case-msm-riot-games-valorant-gen-z-advent-calendar-en.title,
892,https://www.msm.digital/project/riot-games-valorant-gen-z-advent-calendar/,mapped,case-msm-riot-games-valorant-gen-z-advent-calendar-en.subtitle,
893,https://www.msm.digital/project/riot-games-valorant-gen-z-advent-calendar/,mapped,case-msm-riot-games-valorant-gen-z-advent-calendar-en.casesPageBuilder.challenge.description,
894,https://www.msm.digital/project/riot-games-valorant-gen-z-advent-calendar/,mapped,case-msm-riot-games-valorant-gen-z-advent-calendar-en.casesPageBuilder.results.quote,
895,https://www.msm.digital/project/riot-games-valorant-gen-z-advent-calendar/,mapped,case-msm-riot-games-valorant-gen-z-advent-calendar-en.casesPageBuilder.challenge.solution,
896,https://www.msm.digital/project/riot-games-valorant-gen-z-advent-calendar/,mapped,case-msm-riot-games-valorant-gen-z-advent-calendar-en.casesPageBuilder.contact.subtitle,
897,https://www.msm.digital/project/warner-pr-experiential-events/,mapped,case-msm-warner-pr-experiential-events-en.seo.title,
898,https://www.msm.digital/project/warner-pr-experiential-events/,mapped,case-msm-warner-pr-experiential-events-en.seo.description,
899,https://www.msm.digital/project/warner-pr-experiential-events/,mapped,case-msm-warner-pr-experiential-events-en.title,
900,https://www.msm.digital/project/warner-pr-experiential-events/,mapped,case-msm-warner-pr-experiential-events-en.subtitle,
901,https://www.msm.digital/project/warner-pr-experiential-events/,mapped,case-msm-warner-pr-experiential-events-en.casesPageBuilder.challenge.description,
902,https://www.msm.digital/project/warner-pr-experiential-events/,mapped,case-msm-warner-pr-experiential-events-en.casesPageBuilder.results.quote,
903,https://www.msm.digital/project/warner-pr-experiential-events/,mapped,case-msm-warner-pr-experiential-events-en.casesPageBuilder.challenge.solution,
904,https://www.msm.digital/project/warner-pr-experiential-events/,mapped,case-msm-warner-pr-experiential-events-en.casesPageBuilder.contact.subtitle,
905,https://www.msm.digital/project/edeka-influencer-marketing/,mapped,case-msm-edeka-influencer-marketing-en.seo.title,
906,https://www.msm.digital/project/edeka-influencer-marketing/,mapped,case-msm-edeka-influencer-marketing-en.seo.description,
907,https://www.msm.digital/project/edeka-influencer-marketing/,mapped,case-msm-edeka-influencer-marketing-en.title,
908,https://www.msm.digital/project/edeka-influencer-marketing/,mapped,case-msm-edeka-influencer-marketing-en.subtitle,
909,https://www.msm.digital/project/edeka-influencer-marketing/,mapped,case-msm-edeka-influencer-marketing-en.casesPageBuilder.challenge.description,
910,https://www.msm.digital/project/edeka-influencer-marketing/,mapped,case-msm-edeka-influencer-marketing-en.casesPageBuilder.results.quote,
911,https://www.msm.digital/project/edeka-influencer-marketing/,mapped,case-msm-edeka-influencer-marketing-en.casesPageBuilder.challenge.solution,
912,https://www.msm.digital/project/edeka-influencer-marketing/,mapped,case-msm-edeka-influencer-marketing-en.casesPageBuilder.contact.subtitle,
913,https://www.msm.digital/project/merlin-skreeens-digital-signage/,mapped,case-msm-merlin-skreeens-digital-signage-en.seo.title,
914,https://www.msm.digital/project/merlin-skreeens-digital-signage/,mapped,case-msm-merlin-skreeens-digital-signage-en.seo.description,
915,https://www.msm.digital/project/merlin-skreeens-digital-signage/,mapped,case-msm-merlin-skreeens-digital-signage-en.title,
916,https://www.msm.digital/project/merlin-skreeens-digital-signage/,mapped,case-msm-merlin-skreeens-digital-signage-en.subtitle,
917,https://www.msm.digital/project/merlin-skreeens-digital-signage/,mapped,case-msm-merlin-skreeens-digital-signage-en.casesPageBuilder.challenge.description,
918,https://www.msm.digital/project/merlin-skreeens-digital-signage/,mapped,case-msm-merlin-skreeens-digital-signage-en.casesPageBuilder.results.quote,
919,https://www.msm.digital/project/merlin-skreeens-digital-signage/,mapped,case-msm-merlin-skreeens-digital-signage-en.casesPageBuilder.challenge.solution,
920,https://www.msm.digital/project/merlin-skreeens-digital-signage/,editorial-note,,Not public copy; no missing result or quotation fabricated.
921,https://www.msm.digital/project/merlin-skreeens-digital-signage/,mapped,case-msm-merlin-skreeens-digital-signage-en.casesPageBuilder.contact.subtitle,
922,https://www.msm.digital/project/riot-games-social-media-activation/,mapped,case-msm-riot-games-social-media-activation-en.seo.title,
923,https://www.msm.digital/project/riot-games-social-media-activation/,mapped,case-msm-riot-games-social-media-activation-en.seo.description,
924,https://www.msm.digital/project/riot-games-social-media-activation/,mapped,case-msm-riot-games-social-media-activation-en.title,
925,https://www.msm.digital/project/riot-games-social-media-activation/,mapped,case-msm-riot-games-social-media-activation-en.subtitle,
926,https://www.msm.digital/project/riot-games-social-media-activation/,mapped,case-msm-riot-games-social-media-activation-en.casesPageBuilder.challenge.description,
927,https://www.msm.digital/project/riot-games-social-media-activation/,mapped,case-msm-riot-games-social-media-activation-en.casesPageBuilder.results.quote,
928,https://www.msm.digital/project/riot-games-social-media-activation/,mapped,case-msm-riot-games-social-media-activation-en.casesPageBuilder.challenge.solution,
929,https://www.msm.digital/project/riot-games-social-media-activation/,mapped,case-msm-riot-games-social-media-activation-en.casesPageBuilder.contact.subtitle,
930,https://www.msm.digital/project/ubs-global-employer-branding/,mapped,case-msm-ubs-global-employer-branding-en.seo.title,
931,https://www.msm.digital/project/ubs-global-employer-branding/,mapped,case-msm-ubs-global-employer-branding-en.seo.description,
932,https://www.msm.digital/project/ubs-global-employer-branding/,mapped,case-msm-ubs-global-employer-branding-en.title,
933,https://www.msm.digital/project/ubs-global-employer-branding/,mapped,case-msm-ubs-global-employer-branding-en.subtitle,
934,https://www.msm.digital/project/ubs-global-employer-branding/,mapped,case-msm-ubs-global-employer-branding-en.casesPageBuilder.challenge.description,
935,https://www.msm.digital/project/ubs-global-employer-branding/,mapped,case-msm-ubs-global-employer-branding-en.casesPageBuilder.challenge.solution,
936,https://www.msm.digital/project/ubs-global-employer-branding/,mapped,case-msm-ubs-global-employer-branding-en.casesPageBuilder.results.quote,
937,https://www.msm.digital/project/ubs-global-employer-branding/,mapped,case-msm-ubs-global-employer-branding-en.casesPageBuilder.contact.subtitle,
938,https://www.msm.digital/project/can-do-marketing-strategy/,mapped,case-msm-can-do-marketing-strategy-en.seo.title,
939,https://www.msm.digital/project/can-do-marketing-strategy/,mapped,case-msm-can-do-marketing-strategy-en.seo.description,
940,https://www.msm.digital/project/can-do-marketing-strategy/,mapped,case-msm-can-do-marketing-strategy-en.title,
941,https://www.msm.digital/project/can-do-marketing-strategy/,mapped,case-msm-can-do-marketing-strategy-en.subtitle,
942,https://www.msm.digital/project/can-do-marketing-strategy/,mapped,case-msm-can-do-marketing-strategy-en.casesPageBuilder.challenge.description,
943,https://www.msm.digital/project/can-do-marketing-strategy/,mapped,case-msm-can-do-marketing-strategy-en.casesPageBuilder.results.quote,
944,https://www.msm.digital/project/can-do-marketing-strategy/,mapped,case-msm-can-do-marketing-strategy-en.casesPageBuilder.challenge.solution,
945,https://www.msm.digital/project/can-do-marketing-strategy/,mapped,case-msm-can-do-marketing-strategy-en.casesPageBuilder.contact.subtitle,
946,https://www.msm.digital/project/acer-social-media/,mapped,case-msm-acer-social-media-en.seo.title,
947,https://www.msm.digital/project/acer-social-media/,mapped,case-msm-acer-social-media-en.seo.description,
948,https://www.msm.digital/project/acer-social-media/,mapped,case-msm-acer-social-media-en.title,
949,https://www.msm.digital/project/acer-social-media/,mapped,case-msm-acer-social-media-en.subtitle,
950,https://www.msm.digital/project/acer-social-media/,mapped,case-msm-acer-social-media-en.casesPageBuilder.challenge.description,
951,https://www.msm.digital/project/acer-social-media/,mapped,case-msm-acer-social-media-en.casesPageBuilder.results.quote,
952,https://www.msm.digital/project/acer-social-media/,mapped,case-msm-acer-social-media-en.casesPageBuilder.challenge.solution,
953,https://www.msm.digital/project/acer-social-media/,mapped,case-msm-acer-social-media-en.casesPageBuilder.contact.subtitle,
954,https://www.msm.digital/de/,mapped,msm-page-home-de.metadata.title,
955,https://www.msm.digital/de/,mapped,msm-page-home-de.metadata.description,
956,https://www.msm.digital/de/,mapped,msm-page-home-de.content.hero.headline,
957,https://www.msm.digital/de/,mapped,msm-page-home-de.content.hero.paragraphs,
958,https://www.msm.digital/de/,mapped,msm-page-home-de.content.hero.paragraphs,
959,https://www.msm.digital/de/,mapped,msm-page-home-de.content.hero.cta.text,
960,https://www.msm.digital/de/,preserved,site shell network membership,
961,https://www.msm.digital/de/,mapped,msm-page-home-de.content.hashtaglove.title,
962,https://www.msm.digital/de/,mapped,msm-page-home-de.content,
963,https://www.msm.digital/de/,mapped,msm-page-home-de.content.hashtaglove.cta,
964,https://www.msm.digital/de/,mapped,msm-page-home-de.content.proof.title,
965,https://www.msm.digital/de/,mapped,msm-page-home-de.content.proof.subtitle,
966,https://www.msm.digital/de/,resolved-reference,msm-page-home-de.content.proof-cases,"Exact original campaign URLs, not the spreadsheet layout recommendation."
967,https://www.msm.digital/de/,mapped,msm-page-home-de.content,
968,https://www.msm.digital/de/,mapped,msm-page-home-de.content,
969,https://www.msm.digital/de/,mapped,msm-page-home-de.content.founders.title,
970,https://www.msm.digital/de/,mapped,msm-page-home-de.content,
971,https://www.msm.digital/de/,mapped,msm-page-home-de.content.founders.cta,
972,https://www.msm.digital/de/business-units/,mapped,msm-page-units-de.metadata.title,
973,https://www.msm.digital/de/business-units/,mapped,msm-page-units-de.metadata.description,
974,https://www.msm.digital/de/business-units/,mapped,msm-page-units-de.content[units].eyebrow,
975,https://www.msm.digital/de/business-units/,mapped,msm-page-units-de.content[units].headline,
976,https://www.msm.digital/de/business-units/,mapped,msm-page-units-de.content[units].items,
977,https://www.msm.digital/de/business-units/,mapped,msm-page-units-de.content[units].items,
978,https://www.msm.digital/de/business-units/,mapped,msm-page-units-de.content[units].items,
979,https://www.msm.digital/de/business-units/,mapped,msm-page-units-de.content[units].items,
980,https://www.msm.digital/de/business-units/communications/,mapped,msm-unit-communications-de.metadata.title,
981,https://www.msm.digital/de/business-units/communications/,mapped,msm-unit-communications-de.metadata.description,
982,https://www.msm.digital/de/business-units/communications/,mapped,msm-unit-communications-de.descriptor,
983,https://www.msm.digital/de/business-units/communications/,mapped,msm-unit-communications-de.name,
984,https://www.msm.digital/de/business-units/communications/,mapped,msm-unit-communications-de.claim,
985,https://www.msm.digital/de/business-units/communications/,mapped,msm-unit-communications-de.body,
986,https://www.msm.digital/de/business-units/communications/,mapped,msm-unit-communications-de.body,
987,https://www.msm.digital/de/business-units/communications/,mapped,msm-unit-communications-de.body,
988,https://www.msm.digital/de/business-units/communications/,mapped,msm-unit-communications-de.leadershipHeading,
989,https://www.msm.digital/de/business-units/communications/,resolved-reference,msm-unit-communications-de.relationships,Recovered exact campaign and person URLs from the source page.
990,https://www.msm.digital/de/business-units/communications/,resolved-reference,msm-unit-communications-de.relationships,Recovered exact campaign and person URLs from the source page.
991,https://www.msm.digital/de/business-units/communications/,resolved-reference,msm-unit-communications-de.relationships,Recovered exact campaign and person URLs from the source page.
992,https://www.msm.digital/de/business-units/communications/,resolved-reference,msm-unit-communications-de.relationships,Recovered exact campaign and person URLs from the source page.
993,https://www.msm.digital/de/business-units/communications/,resolved-reference,msm-unit-communications-de.relationships,Recovered exact campaign and person URLs from the source page.
994,https://www.msm.digital/de/business-units/communications/,mapped,msm-unit-communications-de.descriptor,
995,https://www.msm.digital/de/business-units/communications/,mapped,msm-unit-communications-de.casesHeading,
996,https://www.msm.digital/de/business-units/communications/,resolved-reference,msm-unit-communications-de.relationships,Recovered exact campaign and person URLs from the source page.
997,https://www.msm.digital/de/business-units/channel-marketing/,mapped,msm-unit-channel-marketing-de.metadata.title,
998,https://www.msm.digital/de/business-units/channel-marketing/,mapped,msm-unit-channel-marketing-de.metadata.description,
999,https://www.msm.digital/de/business-units/channel-marketing/,mapped,msm-unit-channel-marketing-de.descriptor,
1000,https://www.msm.digital/de/business-units/channel-marketing/,mapped,msm-unit-channel-marketing-de.name,
1001,https://www.msm.digital/de/business-units/channel-marketing/,mapped,msm-unit-channel-marketing-de.claim,
1002,https://www.msm.digital/de/business-units/channel-marketing/,mapped,msm-unit-channel-marketing-de.body,
1003,https://www.msm.digital/de/business-units/channel-marketing/,mapped,msm-unit-channel-marketing-de.body,
1004,https://www.msm.digital/de/business-units/channel-marketing/,mapped,msm-unit-channel-marketing-de.body,
1005,https://www.msm.digital/de/business-units/channel-marketing/,mapped,msm-unit-channel-marketing-de.body,
1006,https://www.msm.digital/de/business-units/channel-marketing/,mapped,msm-unit-channel-marketing-de.leadershipHeading,
1007,https://www.msm.digital/de/business-units/channel-marketing/,resolved-reference,msm-unit-channel-marketing-de.relationships,Recovered exact campaign and person URLs from the source page.
1008,https://www.msm.digital/de/business-units/channel-marketing/,resolved-reference,msm-unit-channel-marketing-de.relationships,Recovered exact campaign and person URLs from the source page.
1009,https://www.msm.digital/de/business-units/channel-marketing/,resolved-reference,msm-unit-channel-marketing-de.relationships,Recovered exact campaign and person URLs from the source page.
1010,https://www.msm.digital/de/business-units/channel-marketing/,resolved-reference,msm-unit-channel-marketing-de.relationships,Recovered exact campaign and person URLs from the source page.
1011,https://www.msm.digital/de/business-units/channel-marketing/,resolved-reference,msm-unit-channel-marketing-de.relationships,Recovered exact campaign and person URLs from the source page.
1012,https://www.msm.digital/de/business-units/channel-marketing/,mapped,msm-unit-channel-marketing-de.descriptor,
1013,https://www.msm.digital/de/business-units/channel-marketing/,mapped,msm-unit-channel-marketing-de.casesHeading,
1014,https://www.msm.digital/de/business-units/channel-marketing/,resolved-reference,msm-unit-channel-marketing-de.relationships,Recovered exact campaign and person URLs from the source page.
1015,https://www.msm.digital/de/business-units/ar-vr-labs/,mapped,msm-unit-xr-labs-de.metadata.title,
1016,https://www.msm.digital/de/business-units/ar-vr-labs/,mapped,msm-unit-xr-labs-de.metadata.description,
1017,https://www.msm.digital/de/business-units/ar-vr-labs/,mapped,msm-unit-xr-labs-de.descriptor,
1018,https://www.msm.digital/de/business-units/ar-vr-labs/,mapped,msm-unit-xr-labs-de.name,
1019,https://www.msm.digital/de/business-units/ar-vr-labs/,mapped,msm-unit-xr-labs-de.claim,
1020,https://www.msm.digital/de/business-units/ar-vr-labs/,mapped,msm-unit-xr-labs-de.body,
1021,https://www.msm.digital/de/business-units/ar-vr-labs/,mapped,msm-unit-xr-labs-de.body,
1022,https://www.msm.digital/de/business-units/ar-vr-labs/,mapped,msm-unit-xr-labs-de.leadershipHeading,
1023,https://www.msm.digital/de/business-units/ar-vr-labs/,resolved-reference,msm-unit-xr-labs-de.relationships,Recovered exact campaign and person URLs from the source page.
1024,https://www.msm.digital/de/business-units/ar-vr-labs/,resolved-reference,msm-unit-xr-labs-de.relationships,Recovered exact campaign and person URLs from the source page.
1025,https://www.msm.digital/de/business-units/ar-vr-labs/,mapped,msm-unit-xr-labs-de.content,
1026,https://www.msm.digital/de/business-units/ar-vr-labs/,mapped,msm-unit-xr-labs-de.content,
1027,https://www.msm.digital/de/business-units/ar-vr-labs/,mapped,msm-unit-xr-labs-de.content,
1028,https://www.msm.digital/de/business-units/ar-vr-labs/,mapped,msm-unit-xr-labs-de.content,
1029,https://www.msm.digital/de/business-units/ar-vr-labs/,mapped,msm-unit-xr-labs-de.descriptor,
1030,https://www.msm.digital/de/business-units/ar-vr-labs/,mapped,msm-unit-xr-labs-de.casesHeading,
1031,https://www.msm.digital/de/business-units/ar-vr-labs/,resolved-reference,msm-unit-xr-labs-de.relationships,Recovered exact campaign and person URLs from the source page.
1032,https://www.msm.digital/de/business-units/technologysystems/,mapped,msm-unit-technology-systems-de.metadata.title,
1033,https://www.msm.digital/de/business-units/technologysystems/,mapped,msm-unit-technology-systems-de.metadata.description,
1034,https://www.msm.digital/de/business-units/technologysystems/,mapped,msm-unit-technology-systems-de.descriptor,
1035,https://www.msm.digital/de/business-units/technologysystems/,mapped,msm-unit-technology-systems-de.name,
1036,https://www.msm.digital/de/business-units/technologysystems/,mapped,msm-unit-technology-systems-de.claim,
1037,https://www.msm.digital/de/business-units/technologysystems/,mapped,msm-unit-technology-systems-de.body,
1038,https://www.msm.digital/de/business-units/technologysystems/,mapped,msm-unit-technology-systems-de.body,
1039,https://www.msm.digital/de/business-units/technologysystems/,mapped,msm-unit-technology-systems-de.leadershipHeading,
1040,https://www.msm.digital/de/business-units/technologysystems/,resolved-reference,msm-unit-technology-systems-de.relationships,Recovered exact campaign and person URLs from the source page.
1041,https://www.msm.digital/de/business-units/technologysystems/,resolved-reference,msm-unit-technology-systems-de.relationships,Recovered exact campaign and person URLs from the source page.
1042,https://www.msm.digital/de/business-units/technologysystems/,mapped,msm-unit-technology-systems-de.content,
1043,https://www.msm.digital/de/business-units/technologysystems/,mapped,msm-unit-technology-systems-de.content,
1044,https://www.msm.digital/de/business-units/technologysystems/,mapped,msm-unit-technology-systems-de.content,
1045,https://www.msm.digital/de/business-units/technologysystems/,mapped,msm-unit-technology-systems-de.descriptor,
1046,https://www.msm.digital/de/business-units/technologysystems/,mapped,msm-unit-technology-systems-de.casesHeading,
1047,https://www.msm.digital/de/business-units/technologysystems/,resolved-reference,msm-unit-technology-systems-de.relationships,Recovered exact campaign and person URLs from the source page.
1048,https://www.msm.digital/de/contact/,mapped,msm-page-contact-de.metadata.title,
1049,https://www.msm.digital/de/contact/,mapped,msm-page-contact-de.metadata.description,
1050,https://www.msm.digital/de/contact/,mapped,msm-page-contact-de.contactForm.headline,
1051,https://www.msm.digital/de/contact/,mapped,msm-page-contact-de.contactForm.subheadline,
1052,https://www.msm.digital/de/contact/,mapped,msm-page-contact-de.content[contact-links].content,
1053,https://www.msm.digital/de/contact/,mapped,msm-page-contact-de.content.social-links.title,
1054,https://www.msm.digital/de/contact/,mapped,msm-page-contact-de.content[social-links].content,
1055,https://www.msm.digital/de/contact/,mapped,msm-page-contact-de.content[social-links].content,
1056,https://www.msm.digital/de/disclaimer/,mapped,page-msm-disclaimer-de.metadata.title,
1057,https://www.msm.digital/de/disclaimer/,mapped,page-msm-disclaimer-de.content.hero.title,
1058,https://www.msm.digital/de/disclaimer/,preserved,page-msm-disclaimer-de.content.legal,Complete original legal body recovered; workbook legal-review notes remain review items.
1059,https://www.msm.digital/de/disclaimer/,preserved,page-msm-disclaimer-de.content.legal,Complete original legal body recovered; workbook legal-review notes remain review items.
1060,https://www.msm.digital/de/disclaimer/,preserved,page-msm-disclaimer-de.content.legal,Complete original legal body recovered; workbook legal-review notes remain review items.
1061,https://www.msm.digital/de/disclaimer/,preserved,page-msm-disclaimer-de.content.legal,Complete original legal body recovered; workbook legal-review notes remain review items.
1062,https://www.msm.digital/de/disclaimer/,preserved,page-msm-disclaimer-de.content.legal,Complete original legal body recovered; workbook legal-review notes remain review items.
1063,https://www.msm.digital/de/disclaimer/,preserved,page-msm-disclaimer-de.content.legal,Complete original legal body recovered; workbook legal-review notes remain review items.
1064,https://www.msm.digital/de/disclaimer/,preserved,page-msm-disclaimer-de.content.legal,Complete original legal body recovered; workbook legal-review notes remain review items.
1065,https://www.msm.digital/de/disclaimer/,preserved,page-msm-disclaimer-de.content.legal,Complete original legal body recovered; workbook legal-review notes remain review items.
1066,https://www.msm.digital/de/disclaimer/,preserved,page-msm-disclaimer-de.content.legal,Complete original legal body recovered; workbook legal-review notes remain review items.
1067,https://www.msm.digital/de/disclaimer/,preserved,page-msm-disclaimer-de.content.legal,Complete original legal body recovered; workbook legal-review notes remain review items.
1068,https://www.msm.digital/de/disclaimer/,preserved,page-msm-disclaimer-de.content.legal,Complete original legal body recovered; workbook legal-review notes remain review items.
1069,https://www.msm.digital/de/disclaimer/,preserved,page-msm-disclaimer-de.content.legal,Complete original legal body recovered; workbook legal-review notes remain review items.
1070,https://www.msm.digital/de/privacy-policy/,mapped,page-msm-privacy-policy-de.metadata.title,
1071,https://www.msm.digital/de/privacy-policy/,mapped,page-msm-privacy-policy-de.content.hero.title,
1072,https://www.msm.digital/de/privacy-policy/,preserved,page-msm-privacy-policy-de.content.legal,Complete original legal body recovered; workbook legal-review notes remain review items.
1073,https://www.msm.digital/de/privacy-policy/,preserved,page-msm-privacy-policy-de.content.legal,Complete original legal body recovered; workbook legal-review notes remain review items.
1074,https://www.msm.digital/de/privacy-policy/,preserved,page-msm-privacy-policy-de.content.legal,Complete original legal body recovered; workbook legal-review notes remain review items.
1075,https://www.msm.digital/de/privacy-policy/,preserved,page-msm-privacy-policy-de.content.legal,Complete original legal body recovered; workbook legal-review notes remain review items.
1076,https://www.msm.digital/de/privacy-policy/,preserved,page-msm-privacy-policy-de.content.legal,Complete original legal body recovered; workbook legal-review notes remain review items.
1077,https://www.msm.digital/de/privacy-policy/,preserved,page-msm-privacy-policy-de.content.legal,Complete original legal body recovered; workbook legal-review notes remain review items.
1078,https://www.msm.digital/de/privacy-policy/,preserved,page-msm-privacy-policy-de.content.legal,Complete original legal body recovered; workbook legal-review notes remain review items.
1079,https://www.msm.digital/de/privacy-policy/,preserved,page-msm-privacy-policy-de.content.legal,Complete original legal body recovered; workbook legal-review notes remain review items.
1080,https://www.msm.digital/de/privacy-policy/,preserved,page-msm-privacy-policy-de.content.legal,Complete original legal body recovered; workbook legal-review notes remain review items.
1081,https://www.msm.digital/de/privacy-policy/,preserved,page-msm-privacy-policy-de.content.legal,Complete original legal body recovered; workbook legal-review notes remain review items.
1082,https://www.msm.digital/de/privacy-policy/,preserved,page-msm-privacy-policy-de.content.legal,Complete original legal body recovered; workbook legal-review notes remain review items.
1083,https://www.msm.digital/de/privacy-policy/,preserved,page-msm-privacy-policy-de.content.legal,Complete original legal body recovered; workbook legal-review notes remain review items.
1084,https://www.msm.digital/de/privacy-policy/,preserved,page-msm-privacy-policy-de.content.legal,Complete original legal body recovered; workbook legal-review notes remain review items.
1085,https://www.msm.digital/de/privacy-policy/,preserved,page-msm-privacy-policy-de.content.legal,Complete original legal body recovered; workbook legal-review notes remain review items.
1086,https://www.msm.digital/de/privacy-policy/,preserved,page-msm-privacy-policy-de.content.legal,Complete original legal body recovered; workbook legal-review notes remain review items.
1087,https://www.msm.digital/de/privacy-policy/,preserved,page-msm-privacy-policy-de.content.legal,Complete original legal body recovered; workbook legal-review notes remain review items.
1088,https://www.msm.digital/de/privacy-policy/,preserved,page-msm-privacy-policy-de.content.legal,Complete original legal body recovered; workbook legal-review notes remain review items.
1089,https://www.msm.digital/de/services-products/,mapped,msm-page-services-de.metadata.title,
1090,https://www.msm.digital/de/services-products/,mapped,msm-page-services-de.metadata.description,
1091,https://www.msm.digital/de/services-products/,mapped,msm-page-services-de.content.hero.badgeText,
1092,https://www.msm.digital/de/services-products/,mapped,msm-page-services-de.content[hero].title,
1093,https://www.msm.digital/de/services-products/,mapped,msm-page-services-de.content,
1094,https://www.msm.digital/de/services-products/,mapped,msm-page-services-de.content,
1095,https://www.msm.digital/de/services-products/,mapped,msm-page-services-de.content.directory.items,
1096,https://www.msm.digital/de/services-products/,mapped,msm-page-services-de.content.directory.items,
1097,https://www.msm.digital/de/services-products/,mapped,msm-page-services-de.content.directory.items,
1098,https://www.msm.digital/de/services-products/,mapped,msm-page-services-de.content.directory.items,
1099,https://www.msm.digital/de/services-products/,mapped,msm-page-services-de.content.directory.items,
1100,https://www.msm.digital/de/services-products/,mapped,msm-page-services-de.content.directory.items,
1101,https://www.msm.digital/de/services-products/,mapped,msm-page-services-de.content.directory.items,
1102,https://www.msm.digital/de/services-products/,mapped,msm-page-services-de.content.directory.items,
1103,https://www.msm.digital/de/services-products/,mapped,msm-page-services-de.content.directory.items,
1104,https://www.msm.digital/de/services-products/,mapped,msm-page-services-de.content.directory.items,
1105,https://www.msm.digital/de/services-products/,mapped,msm-page-services-de.content.directory.items,
1106,https://www.msm.digital/de/services-products/,mapped,msm-page-services-de.content.directory.items,
1107,https://www.msm.digital/de/services-products/,mapped,msm-page-services-de.content.directory.items,
1108,https://www.msm.digital/de/services-products/,mapped,msm-page-services-de.content.directory.items,
1109,https://www.msm.digital/de/services-products/,mapped,msm-page-services-de.content.directory.items,
1110,https://www.msm.digital/de/services-products/,mapped,msm-page-services-de.content.directory.items.linkLabel,Destination-specific links use the existing localized component label.
1111,https://www.msm.digital/de/service/hashtaglove/,mapped,page-msm-service-hashtaglove-de.metadata.title,
1112,https://www.msm.digital/de/service/hashtaglove/,mapped,page-msm-service-hashtaglove-de.metadata.description,
1113,https://www.msm.digital/de/service/hashtaglove/,mapped,page-msm-service-hashtaglove-de.content,
1114,https://www.msm.digital/de/service/hashtaglove/,mapped,page-msm-service-hashtaglove-de.content[hero].title,
1115,https://www.msm.digital/de/service/hashtaglove/,mapped,page-msm-service-hashtaglove-de.content,
1116,https://www.msm.digital/de/service/hashtaglove/,mapped,page-msm-service-hashtaglove-de.content,
1117,https://www.msm.digital/de/service/hashtaglove/,mapped,page-msm-service-hashtaglove-de.content,
1118,https://www.msm.digital/de/service/hashtaglove/,mapped,page-msm-service-hashtaglove-de.content,
1119,https://www.msm.digital/de/service/hashtaglove/,mapped,page-msm-service-hashtaglove-de.content,
1120,https://www.msm.digital/de/service/hashtaglove/,mapped,page-msm-service-hashtaglove-de.content,
1121,https://www.msm.digital/de/service/hashtaglove/,mapped,page-msm-service-hashtaglove-de.content.cta.subtitle,
1122,https://www.msm.digital/de/service/hashtaglove/,mapped,page-msm-service-hashtaglove-de.content,
1123,https://www.msm.digital/de/service/hashtaglove/,mapped,page-msm-service-hashtaglove-de.content,
1124,https://www.msm.digital/de/service/hashtaglove/,resolved-reference,page-msm-service-hashtaglove-de.content.casesGalleryFiltered,
1125,https://www.msm.digital/de/service/hashtaglove/,mapped,page-msm-service-hashtaglove-de.content.cta.subtitle,
1126,https://www.msm.digital/de/service/social-media/,mapped,page-msm-service-social-media-de.metadata.title,
1127,https://www.msm.digital/de/service/social-media/,mapped,page-msm-service-social-media-de.metadata.description,
1128,https://www.msm.digital/de/service/social-media/,mapped,page-msm-service-social-media-de.content[hero].title,
1129,https://www.msm.digital/de/service/social-media/,mapped,page-msm-service-social-media-de.content[hero].subtitle,
1130,https://www.msm.digital/de/service/social-media/,mapped,page-msm-service-social-media-de.content[hero].badgeText,
1131,https://www.msm.digital/de/service/social-media/,mapped,page-msm-service-social-media-de.content,
1132,https://www.msm.digital/de/service/social-media/,mapped,page-msm-service-social-media-de.content,
1133,https://www.msm.digital/de/service/social-media/,mapped,page-msm-service-social-media-de.content,
1134,https://www.msm.digital/de/service/social-media/,mapped,page-msm-service-social-media-de.content,
1135,https://www.msm.digital/de/service/social-media/,mapped,page-msm-service-social-media-de.content.cta.subtitle,
1136,https://www.msm.digital/de/service/social-media/,resolved-reference,page-msm-service-social-media-de.content.casesGalleryFiltered,
1137,https://www.msm.digital/de/service/social-media/,mapped,page-msm-service-social-media-de.content.cta.subtitle,
1138,https://www.msm.digital/de/service/pr/,mapped,page-msm-service-pr-de.metadata.title,
1139,https://www.msm.digital/de/service/pr/,mapped,page-msm-service-pr-de.metadata.description,
1140,https://www.msm.digital/de/service/pr/,mapped,page-msm-service-pr-de.content[hero].title,
1141,https://www.msm.digital/de/service/pr/,mapped,page-msm-service-pr-de.content[hero].subtitle,
1142,https://www.msm.digital/de/service/pr/,mapped,page-msm-service-pr-de.content[hero].badgeText,
1143,https://www.msm.digital/de/service/pr/,mapped,page-msm-service-pr-de.content,
1144,https://www.msm.digital/de/service/pr/,mapped,page-msm-service-pr-de.content,
1145,https://www.msm.digital/de/service/pr/,mapped,page-msm-service-pr-de.content,
1146,https://www.msm.digital/de/service/pr/,mapped,page-msm-service-pr-de.content,
1147,https://www.msm.digital/de/service/pr/,mapped,page-msm-service-pr-de.content,
1148,https://www.msm.digital/de/service/pr/,resolved-reference,page-msm-service-pr-de.content.casesGalleryFiltered,
1149,https://www.msm.digital/de/service/pr/,mapped,page-msm-service-pr-de.content.cta.subtitle,
1150,https://www.msm.digital/de/service/influencer-marketing/,mapped,page-msm-service-influencer-marketing-de.metadata.title,
1151,https://www.msm.digital/de/service/influencer-marketing/,mapped,page-msm-service-influencer-marketing-de.metadata.description,
1152,https://www.msm.digital/de/service/influencer-marketing/,mapped,page-msm-service-influencer-marketing-de.content[hero].title,
1153,https://www.msm.digital/de/service/influencer-marketing/,mapped,page-msm-service-influencer-marketing-de.content[hero].subtitle,
1154,https://www.msm.digital/de/service/influencer-marketing/,mapped,page-msm-service-influencer-marketing-de.content[hero].badgeText,
1155,https://www.msm.digital/de/service/influencer-marketing/,mapped,page-msm-service-influencer-marketing-de.content,
1156,https://www.msm.digital/de/service/influencer-marketing/,mapped,page-msm-service-influencer-marketing-de.content,
1157,https://www.msm.digital/de/service/influencer-marketing/,mapped,page-msm-service-influencer-marketing-de.content,
1158,https://www.msm.digital/de/service/influencer-marketing/,mapped,page-msm-service-influencer-marketing-de.content,
1159,https://www.msm.digital/de/service/influencer-marketing/,mapped,page-msm-service-influencer-marketing-de.content,
1160,https://www.msm.digital/de/service/influencer-marketing/,mapped,page-msm-service-influencer-marketing-de.content.cta.subtitle,
1161,https://www.msm.digital/de/service/influencer-marketing/,resolved-reference,page-msm-service-influencer-marketing-de.content.casesGalleryFiltered,
1162,https://www.msm.digital/de/service/influencer-marketing/,mapped,page-msm-service-influencer-marketing-de.content.cta.subtitle,
1163,https://www.msm.digital/de/service/pos-marketing/,mapped,page-msm-service-pos-marketing-de.metadata.title,
1164,https://www.msm.digital/de/service/pos-marketing/,mapped,page-msm-service-pos-marketing-de.metadata.description,
1165,https://www.msm.digital/de/service/pos-marketing/,mapped,page-msm-service-pos-marketing-de.content[hero].title,
1166,https://www.msm.digital/de/service/pos-marketing/,mapped,page-msm-service-pos-marketing-de.content[hero].subtitle,
1167,https://www.msm.digital/de/service/pos-marketing/,mapped,page-msm-service-pos-marketing-de.content[hero].badgeText,
1168,https://www.msm.digital/de/service/pos-marketing/,mapped,page-msm-service-pos-marketing-de.content,
1169,https://www.msm.digital/de/service/pos-marketing/,mapped,page-msm-service-pos-marketing-de.content,
1170,https://www.msm.digital/de/service/pos-marketing/,mapped,page-msm-service-pos-marketing-de.content,
1171,https://www.msm.digital/de/service/pos-marketing/,mapped,page-msm-service-pos-marketing-de.content,
1172,https://www.msm.digital/de/service/pos-marketing/,mapped,page-msm-service-pos-marketing-de.content.cta.subtitle,
1173,https://www.msm.digital/de/service/pos-marketing/,resolved-reference,page-msm-service-pos-marketing-de.content.casesGalleryFiltered,
1174,https://www.msm.digital/de/service/pos-marketing/,mapped,page-msm-service-pos-marketing-de.content.cta.subtitle,
1175,https://www.msm.digital/de/service/review-plattform/,mapped,page-msm-service-review-plattform-de.metadata.title,
1176,https://www.msm.digital/de/service/review-plattform/,mapped,page-msm-service-review-plattform-de.metadata.description,
1177,https://www.msm.digital/de/service/review-plattform/,mapped,page-msm-service-review-plattform-de.content[hero].title,
1178,https://www.msm.digital/de/service/review-plattform/,mapped,page-msm-service-review-plattform-de.content[hero].subtitle,
1179,https://www.msm.digital/de/service/review-plattform/,mapped,page-msm-service-review-plattform-de.content[hero].badgeText,
1180,https://www.msm.digital/de/service/review-plattform/,mapped,page-msm-service-review-plattform-de.content,
1181,https://www.msm.digital/de/service/review-plattform/,mapped,page-msm-service-review-plattform-de.content,
1182,https://www.msm.digital/de/service/review-plattform/,mapped,page-msm-service-review-plattform-de.content,
1183,https://www.msm.digital/de/service/review-plattform/,mapped,page-msm-service-review-plattform-de.content,
1184,https://www.msm.digital/de/service/review-plattform/,mapped,page-msm-service-review-plattform-de.content,
1185,https://www.msm.digital/de/service/review-plattform/,mapped,page-msm-service-review-plattform-de.content.cta.subtitle,
1186,https://www.msm.digital/de/service/review-plattform/,resolved-reference,page-msm-service-review-plattform-de.content.casesGalleryFiltered,
1187,https://www.msm.digital/de/service/review-plattform/,mapped,page-msm-service-review-plattform-de.content.cta.subtitle,
1188,https://www.msm.digital/de/service/augmented-and-virtual-reality/,mapped,page-msm-service-augmented-and-virtual-reality-de.metadata.title,
1189,https://www.msm.digital/de/service/augmented-and-virtual-reality/,mapped,page-msm-service-augmented-and-virtual-reality-de.metadata.description,
1190,https://www.msm.digital/de/service/augmented-and-virtual-reality/,mapped,page-msm-service-augmented-and-virtual-reality-de.content[hero].title,
1191,https://www.msm.digital/de/service/augmented-and-virtual-reality/,mapped,page-msm-service-augmented-and-virtual-reality-de.content[hero].subtitle,
1192,https://www.msm.digital/de/service/augmented-and-virtual-reality/,mapped,page-msm-service-augmented-and-virtual-reality-de.content[hero].badgeText,
1193,https://www.msm.digital/de/service/augmented-and-virtual-reality/,mapped,page-msm-service-augmented-and-virtual-reality-de.content,
1194,https://www.msm.digital/de/service/augmented-and-virtual-reality/,mapped,page-msm-service-augmented-and-virtual-reality-de.content,
1195,https://www.msm.digital/de/service/augmented-and-virtual-reality/,mapped,page-msm-service-augmented-and-virtual-reality-de.content,
1196,https://www.msm.digital/de/service/augmented-and-virtual-reality/,mapped,page-msm-service-augmented-and-virtual-reality-de.content,
1197,https://www.msm.digital/de/service/augmented-and-virtual-reality/,mapped,page-msm-service-augmented-and-virtual-reality-de.content,
1198,https://www.msm.digital/de/service/augmented-and-virtual-reality/,mapped,page-msm-service-augmented-and-virtual-reality-de.content,
1199,https://www.msm.digital/de/service/augmented-and-virtual-reality/,resolved-reference,page-msm-service-augmented-and-virtual-reality-de.content.casesGalleryFiltered,
1200,https://www.msm.digital/de/service/augmented-and-virtual-reality/,mapped,page-msm-service-augmented-and-virtual-reality-de.content.cta.subtitle,
1201,https://www.msm.digital/de/service/couplar/,mapped,page-msm-service-couplar-de.metadata.title,
1202,https://www.msm.digital/de/service/couplar/,mapped,page-msm-service-couplar-de.metadata.description,
1203,https://www.msm.digital/de/service/couplar/,mapped,page-msm-service-couplar-de.content[hero].title,
1204,https://www.msm.digital/de/service/couplar/,mapped,page-msm-service-couplar-de.content[hero].subtitle,
1205,https://www.msm.digital/de/service/couplar/,mapped,page-msm-service-couplar-de.content[hero].badgeText,
1206,https://www.msm.digital/de/service/couplar/,mapped,page-msm-service-couplar-de.content,
1207,https://www.msm.digital/de/service/couplar/,mapped,page-msm-service-couplar-de.content,
1208,https://www.msm.digital/de/service/couplar/,mapped,page-msm-service-couplar-de.content,
1209,https://www.msm.digital/de/service/couplar/,mapped,page-msm-service-couplar-de.content.cta.subtitle,
1210,https://www.msm.digital/de/service/couplar/,resolved-reference,page-msm-service-couplar-de.content.casesGalleryFiltered,
1211,https://www.msm.digital/de/service/couplar/,mapped,page-msm-service-couplar-de.content.cta.subtitle,
1212,https://www.msm.digital/de/service/ar-link/,mapped,page-msm-service-ar-link-de.metadata.title,
1213,https://www.msm.digital/de/service/ar-link/,mapped,page-msm-service-ar-link-de.metadata.description,
1214,https://www.msm.digital/de/service/ar-link/,mapped,page-msm-service-ar-link-de.content[hero].title,
1215,https://www.msm.digital/de/service/ar-link/,mapped,page-msm-service-ar-link-de.content[hero].subtitle,
1216,https://www.msm.digital/de/service/ar-link/,mapped,page-msm-service-ar-link-de.content[hero].badgeText,
1217,https://www.msm.digital/de/service/ar-link/,mapped,page-msm-service-ar-link-de.content,
1218,https://www.msm.digital/de/service/ar-link/,mapped,page-msm-service-ar-link-de.content,
1219,https://www.msm.digital/de/service/ar-link/,mapped,page-msm-service-ar-link-de.content,
1220,https://www.msm.digital/de/service/ar-link/,mapped,page-msm-service-ar-link-de.content.cta.subtitle,
1221,https://www.msm.digital/de/service/ar-link/,resolved-reference,page-msm-service-ar-link-de.content.casesGalleryFiltered,
1222,https://www.msm.digital/de/service/ar-link/,mapped,page-msm-service-ar-link-de.content.cta.subtitle,
1223,https://www.msm.digital/de/service/digital-signage/,mapped,page-msm-service-digital-signage-de.metadata.title,
1224,https://www.msm.digital/de/service/digital-signage/,mapped,page-msm-service-digital-signage-de.metadata.description,
1225,https://www.msm.digital/de/service/digital-signage/,mapped,page-msm-service-digital-signage-de.content[hero].title,
1226,https://www.msm.digital/de/service/digital-signage/,mapped,page-msm-service-digital-signage-de.content[hero].subtitle,
1227,https://www.msm.digital/de/service/digital-signage/,mapped,page-msm-service-digital-signage-de.content[hero].badgeText,
1228,https://www.msm.digital/de/service/digital-signage/,mapped,page-msm-service-digital-signage-de.content,
1229,https://www.msm.digital/de/service/digital-signage/,mapped,page-msm-service-digital-signage-de.content,
1230,https://www.msm.digital/de/service/digital-signage/,mapped,page-msm-service-digital-signage-de.content,
1231,https://www.msm.digital/de/service/digital-signage/,mapped,page-msm-service-digital-signage-de.content,
1232,https://www.msm.digital/de/service/digital-signage/,resolved-reference,page-msm-service-digital-signage-de.content.casesGalleryFiltered,
1233,https://www.msm.digital/de/service/digital-signage/,mapped,page-msm-service-digital-signage-de.content.cta.subtitle,
1234,https://www.msm.digital/de/service/training/,mapped,page-msm-service-training-de.metadata.title,
1235,https://www.msm.digital/de/service/training/,mapped,page-msm-service-training-de.metadata.description,
1236,https://www.msm.digital/de/service/training/,mapped,page-msm-service-training-de.content[hero].title,
1237,https://www.msm.digital/de/service/training/,mapped,page-msm-service-training-de.content[hero].subtitle,
1238,https://www.msm.digital/de/service/training/,mapped,page-msm-service-training-de.content[hero].badgeText,
1239,https://www.msm.digital/de/service/training/,mapped,page-msm-service-training-de.content,
1240,https://www.msm.digital/de/service/training/,mapped,page-msm-service-training-de.content,
1241,https://www.msm.digital/de/service/training/,mapped,page-msm-service-training-de.content.cta.subtitle,
1242,https://www.msm.digital/de/service/training/,mapped,page-msm-service-training-de.content,
1243,https://www.msm.digital/de/service/training/,mapped,page-msm-service-training-de.content,
1244,https://www.msm.digital/de/service/training/,mapped,page-msm-service-training-de.content,
1245,https://www.msm.digital/de/service/training/,mapped,page-msm-service-training-de.content,
1246,https://www.msm.digital/de/service/training/,resolved-reference,page-msm-service-training-de.content.casesGalleryFiltered,
1247,https://www.msm.digital/de/service/training/,mapped,page-msm-service-training-de.content.cta.subtitle,
1248,https://www.msm.digital/de/service/development/,mapped,page-msm-service-development-de.metadata.title,
1249,https://www.msm.digital/de/service/development/,mapped,page-msm-service-development-de.metadata.description,
1250,https://www.msm.digital/de/service/development/,mapped,page-msm-service-development-de.content[hero].title,
1251,https://www.msm.digital/de/service/development/,mapped,page-msm-service-development-de.content[hero].subtitle,
1252,https://www.msm.digital/de/service/development/,mapped,page-msm-service-development-de.content[hero].badgeText,
1253,https://www.msm.digital/de/service/development/,mapped,page-msm-service-development-de.content,
1254,https://www.msm.digital/de/service/development/,mapped,page-msm-service-development-de.content,
1255,https://www.msm.digital/de/service/development/,mapped,page-msm-service-development-de.content,
1256,https://www.msm.digital/de/service/development/,mapped,page-msm-service-development-de.content,
1257,https://www.msm.digital/de/service/development/,mapped,page-msm-service-development-de.content.cta.subtitle,
1258,https://www.msm.digital/de/service/development/,resolved-reference,page-msm-service-development-de.content.casesGalleryFiltered,
1259,https://www.msm.digital/de/service/development/,mapped,page-msm-service-development-de.content.cta.subtitle,
1260,https://www.msm.digital/de/service/experiential-marketing/,mapped,page-msm-service-experiential-marketing-de.metadata.title,
1261,https://www.msm.digital/de/service/experiential-marketing/,mapped,page-msm-service-experiential-marketing-de.metadata.description,
1262,https://www.msm.digital/de/service/experiential-marketing/,mapped,page-msm-service-experiential-marketing-de.content[hero].title,
1263,https://www.msm.digital/de/service/experiential-marketing/,mapped,page-msm-service-experiential-marketing-de.content[hero].subtitle,
1264,https://www.msm.digital/de/service/experiential-marketing/,mapped,page-msm-service-experiential-marketing-de.content[hero].badgeText,
1265,https://www.msm.digital/de/service/experiential-marketing/,mapped,page-msm-service-experiential-marketing-de.content,
1266,https://www.msm.digital/de/service/experiential-marketing/,mapped,page-msm-service-experiential-marketing-de.content,
1267,https://www.msm.digital/de/service/experiential-marketing/,mapped,page-msm-service-experiential-marketing-de.content,
1268,https://www.msm.digital/de/service/experiential-marketing/,mapped,page-msm-service-experiential-marketing-de.content,
1269,https://www.msm.digital/de/service/experiential-marketing/,mapped,page-msm-service-experiential-marketing-de.content.cta.subtitle,
1270,https://www.msm.digital/de/service/experiential-marketing/,resolved-reference,page-msm-service-experiential-marketing-de.content.casesGalleryFiltered,
1271,https://www.msm.digital/de/service/experiential-marketing/,mapped,page-msm-service-experiential-marketing-de.content.cta.subtitle,
1272,https://www.msm.digital/de/service/strategy/,mapped,page-msm-service-strategy-de.metadata.title,
1273,https://www.msm.digital/de/service/strategy/,mapped,page-msm-service-strategy-de.metadata.description,
1274,https://www.msm.digital/de/service/strategy/,mapped,page-msm-service-strategy-de.content[hero].title,
1275,https://www.msm.digital/de/service/strategy/,mapped,page-msm-service-strategy-de.content[hero].subtitle,
1276,https://www.msm.digital/de/service/strategy/,mapped,page-msm-service-strategy-de.content[hero].badgeText,
1277,https://www.msm.digital/de/service/strategy/,mapped,page-msm-service-strategy-de.content,
1278,https://www.msm.digital/de/service/strategy/,mapped,page-msm-service-strategy-de.content,
1279,https://www.msm.digital/de/service/strategy/,mapped,page-msm-service-strategy-de.content,
1280,https://www.msm.digital/de/service/strategy/,mapped,page-msm-service-strategy-de.content,
1281,https://www.msm.digital/de/service/strategy/,resolved-reference,page-msm-service-strategy-de.content.casesGalleryFiltered,
1282,https://www.msm.digital/de/service/strategy/,mapped,page-msm-service-strategy-de.content.cta.subtitle,
1283,https://www.msm.digital/de/service/content-kreation/,mapped,page-msm-service-content-kreation-de.metadata.title,
1284,https://www.msm.digital/de/service/content-kreation/,mapped,page-msm-service-content-kreation-de.metadata.description,
1285,https://www.msm.digital/de/service/content-kreation/,mapped,page-msm-service-content-kreation-de.content[hero].title,
1286,https://www.msm.digital/de/service/content-kreation/,mapped,page-msm-service-content-kreation-de.content[hero].subtitle,
1287,https://www.msm.digital/de/service/content-kreation/,mapped,page-msm-service-content-kreation-de.content[hero].badgeText,
1288,https://www.msm.digital/de/service/content-kreation/,mapped,page-msm-service-content-kreation-de.content,
1289,https://www.msm.digital/de/service/content-kreation/,mapped,page-msm-service-content-kreation-de.content,
1290,https://www.msm.digital/de/service/content-kreation/,mapped,page-msm-service-content-kreation-de.content,
1291,https://www.msm.digital/de/service/content-kreation/,mapped,page-msm-service-content-kreation-de.content.cta.subtitle,
1292,https://www.msm.digital/de/service/content-kreation/,resolved-reference,page-msm-service-content-kreation-de.content.casesGalleryFiltered,
1293,https://www.msm.digital/de/service/content-kreation/,mapped,page-msm-service-content-kreation-de.content.cta.subtitle,
1294,https://www.msm.digital/de/service/cashback-services/,mapped,page-msm-service-cashback-services-de.metadata.title,
1295,https://www.msm.digital/de/service/cashback-services/,mapped,page-msm-service-cashback-services-de.metadata.description,
1296,https://www.msm.digital/de/service/cashback-services/,mapped,page-msm-service-cashback-services-de.content[hero].title,
1297,https://www.msm.digital/de/service/cashback-services/,mapped,page-msm-service-cashback-services-de.content[hero].subtitle,
1298,https://www.msm.digital/de/service/cashback-services/,mapped,page-msm-service-cashback-services-de.content[hero].badgeText,
1299,https://www.msm.digital/de/service/cashback-services/,mapped,page-msm-service-cashback-services-de.content,
1300,https://www.msm.digital/de/service/cashback-services/,mapped,page-msm-service-cashback-services-de.content,
1301,https://www.msm.digital/de/service/cashback-services/,mapped,page-msm-service-cashback-services-de.content,
1302,https://www.msm.digital/de/service/cashback-services/,mapped,page-msm-service-cashback-services-de.content,
1303,https://www.msm.digital/de/service/cashback-services/,mapped,page-msm-service-cashback-services-de.content.cta.subtitle,
1304,https://www.msm.digital/de/service/cashback-services/,resolved-reference,page-msm-service-cashback-services-de.content.casesGalleryFiltered,
1305,https://www.msm.digital/de/service/cashback-services/,mapped,page-msm-service-cashback-services-de.content.cta.subtitle,
1306,https://www.msm.digital/de/people/markus-oeller/,mapped,person-msm-markus-oeller-de.siteContent[msmWeb].seo.title,
1307,https://www.msm.digital/de/people/markus-oeller/,mapped,person-msm-markus-oeller-de.siteContent[msmWeb].seo.description,
1308,https://www.msm.digital/de/people/markus-oeller/,mapped,person-msm-markus-oeller-de.siteContent[msmWeb].seo,Open Graph uses the same approved SEO fields.
1309,https://www.msm.digital/de/people/markus-oeller/,mapped,person-msm-markus-oeller-de.siteContent[msmWeb].seo,Open Graph uses the same approved SEO fields.
1310,https://www.msm.digital/de/people/markus-oeller/,mapped,person-msm-markus-oeller-de.name,Shared identity retained; editorial profile route is website-specific.
1311,https://www.msm.digital/de/people/markus-oeller/,mapped,person-msm-markus-oeller-de.siteContent[msmWeb].quote,
1312,https://www.msm.digital/de/people/markus-oeller/,mapped,person-msm-markus-oeller-de.siteContent[msmWeb].iDo,
1313,https://www.msm.digital/de/people/markus-oeller/,mapped,person-msm-markus-oeller-de.siteContent[msmWeb].askMe,
1314,https://www.msm.digital/de/people/markus-oeller/,preserved,person-msm-markus-oeller-de.siteContent[msmWeb].phone + shared email,Approved phone retained; existing shared email preserved.
1315,https://www.msm.digital/de/people/markus-oeller/,mapped,person-msm-markus-oeller-de.siteContent[msmWeb].biography,
1316,https://www.msm.digital/de/people/markus-oeller/,mapped,person-msm-markus-oeller-de.siteContent[msmWeb].biography,
1317,https://www.msm.digital/de/people/markus-oeller/,mapped,person-msm-markus-oeller-de.siteContent[msmWeb].biography,
1318,https://www.msm.digital/de/people/markus-oeller/,mapped,person-msm-markus-oeller-de.siteContent[msmWeb].biography,
1319,https://www.msm.digital/de/people/markus-oeller/,editorial-note,,Not public copy; no missing result or quotation fabricated.
1320,https://www.msm.digital/de/people/torsten-oppermann/,mapped,person-msm-torsten-oppermann-de.siteContent[msmWeb].seo.title,
1321,https://www.msm.digital/de/people/torsten-oppermann/,mapped,person-msm-torsten-oppermann-de.siteContent[msmWeb].seo.description,
1322,https://www.msm.digital/de/people/torsten-oppermann/,mapped,person-msm-torsten-oppermann-de.siteContent[msmWeb].seo,Open Graph uses the same approved SEO fields.
1323,https://www.msm.digital/de/people/torsten-oppermann/,mapped,person-msm-torsten-oppermann-de.siteContent[msmWeb].seo,Open Graph uses the same approved SEO fields.
1324,https://www.msm.digital/de/people/torsten-oppermann/,mapped,person-msm-torsten-oppermann-de.name,Shared identity retained; editorial profile route is website-specific.
1325,https://www.msm.digital/de/people/torsten-oppermann/,mapped,person-msm-torsten-oppermann-de.siteContent[msmWeb].quote,
1326,https://www.msm.digital/de/people/torsten-oppermann/,mapped,person-msm-torsten-oppermann-de.siteContent[msmWeb].iDo,
1327,https://www.msm.digital/de/people/torsten-oppermann/,mapped,person-msm-torsten-oppermann-de.siteContent[msmWeb].askMe,
1328,https://www.msm.digital/de/people/torsten-oppermann/,preserved,person-msm-torsten-oppermann-de.siteContent[msmWeb].phone + shared email,Approved phone retained; existing shared email preserved.
1329,https://www.msm.digital/de/people/torsten-oppermann/,mapped,person-msm-torsten-oppermann-de.siteContent[msmWeb].biography,
1330,https://www.msm.digital/de/people/torsten-oppermann/,mapped,person-msm-torsten-oppermann-de.siteContent[msmWeb].biography,
1331,https://www.msm.digital/de/people/torsten-oppermann/,mapped,person-msm-torsten-oppermann-de.siteContent[msmWeb].biography,
1332,https://www.msm.digital/de/people/torsten-oppermann/,resolved-reference,person-msm-torsten-oppermann-de.siteContent[msmWeb].selectedCases,Exact project links recovered from the source page.
1333,https://www.msm.digital/de/people/timo-studt/,mapped,person-msm-timo-studt-de.siteContent[msmWeb].seo.title,
1334,https://www.msm.digital/de/people/timo-studt/,mapped,person-msm-timo-studt-de.siteContent[msmWeb].seo.description,
1335,https://www.msm.digital/de/people/timo-studt/,mapped,person-msm-timo-studt-de.siteContent[msmWeb].seo,Open Graph uses the same approved SEO fields.
1336,https://www.msm.digital/de/people/timo-studt/,mapped,person-msm-timo-studt-de.siteContent[msmWeb].seo,Open Graph uses the same approved SEO fields.
1337,https://www.msm.digital/de/people/timo-studt/,mapped,person-msm-timo-studt-de.name,Shared identity retained; editorial profile route is website-specific.
1338,https://www.msm.digital/de/people/timo-studt/,mapped,person-msm-timo-studt-de.siteContent[msmWeb].quote,
1339,https://www.msm.digital/de/people/timo-studt/,mapped,person-msm-timo-studt-de.siteContent[msmWeb].iDo,
1340,https://www.msm.digital/de/people/timo-studt/,mapped,person-msm-timo-studt-de.siteContent[msmWeb].askMe,
1341,https://www.msm.digital/de/people/timo-studt/,preserved,person-msm-timo-studt-de.siteContent[msmWeb].phone + shared email,Approved phone retained; existing shared email preserved.
1342,https://www.msm.digital/de/people/timo-studt/,mapped,person-msm-timo-studt-de.siteContent[msmWeb].biography,
1343,https://www.msm.digital/de/people/timo-studt/,resolved-reference,person-msm-timo-studt-de.siteContent[msmWeb].selectedCases,Exact project links recovered from the source page.
1344,https://www.msm.digital/de/people/tobias-schn/,mapped,person-msm-tobias-schn-de.siteContent[msmWeb].seo.title,
1345,https://www.msm.digital/de/people/tobias-schn/,mapped,person-msm-tobias-schn-de.siteContent[msmWeb].seo.description,
1346,https://www.msm.digital/de/people/tobias-schn/,mapped,person-msm-tobias-schn-de.siteContent[msmWeb].seo,Open Graph uses the same approved SEO fields.
1347,https://www.msm.digital/de/people/tobias-schn/,mapped,person-msm-tobias-schn-de.siteContent[msmWeb].seo,Open Graph uses the same approved SEO fields.
1348,https://www.msm.digital/de/people/tobias-schn/,mapped,person-msm-tobias-schn-de.name,Shared identity retained; editorial profile route is website-specific.
1349,https://www.msm.digital/de/people/tobias-schn/,mapped,person-msm-tobias-schn-de.siteContent[msmWeb].quote,
1350,https://www.msm.digital/de/people/tobias-schn/,mapped,person-msm-tobias-schn-de.siteContent[msmWeb].iDo,
1351,https://www.msm.digital/de/people/tobias-schn/,mapped,person-msm-tobias-schn-de.siteContent[msmWeb].askMe,
1352,https://www.msm.digital/de/people/tobias-schn/,preserved,person-msm-tobias-schn-de.siteContent[msmWeb].phone + shared email,Approved phone retained; existing shared email preserved.
1353,https://www.msm.digital/de/people/tobias-schn/,mapped,person-msm-tobias-schn-de.siteContent[msmWeb].biography,
1354,https://www.msm.digital/de/people/tobias-schn/,resolved-reference,person-msm-tobias-schn-de.siteContent[msmWeb].selectedCases,Exact project links recovered from the source page.
1355,https://www.msm.digital/de/people/nathalia-t/,mapped,person-msm-nathalia-t-de.siteContent[msmWeb].seo.title,
1356,https://www.msm.digital/de/people/nathalia-t/,mapped,person-msm-nathalia-t-de.siteContent[msmWeb].seo.description,
1357,https://www.msm.digital/de/people/nathalia-t/,mapped,person-msm-nathalia-t-de.siteContent[msmWeb].seo,Open Graph uses the same approved SEO fields.
1358,https://www.msm.digital/de/people/nathalia-t/,mapped,person-msm-nathalia-t-de.siteContent[msmWeb].seo,Open Graph uses the same approved SEO fields.
1359,https://www.msm.digital/de/people/nathalia-t/,mapped,person-msm-nathalia-t-de.name,Shared identity retained; editorial profile route is website-specific.
1360,https://www.msm.digital/de/people/nathalia-t/,mapped,person-msm-nathalia-t-de.siteContent[msmWeb].quote,
1361,https://www.msm.digital/de/people/nathalia-t/,mapped,person-msm-nathalia-t-de.siteContent[msmWeb].iDo,
1362,https://www.msm.digital/de/people/nathalia-t/,mapped,person-msm-nathalia-t-de.siteContent[msmWeb].askMe,
1363,https://www.msm.digital/de/people/nathalia-t/,preserved,person-msm-nathalia-t-de.siteContent[msmWeb].phone + shared email,Approved phone retained; existing shared email preserved.
1364,https://www.msm.digital/de/people/nathalia-t/,mapped,person-msm-nathalia-t-de.siteContent[msmWeb].biography,
1365,https://www.msm.digital/de/people/nathalia-t/,resolved-reference,person-msm-nathalia-t-de.siteContent[msmWeb].selectedCases,Exact project links recovered from the source page.
1366,https://www.msm.digital/de/people/lennart-scheel/,mapped,person-msm-lennart-scheel-de.siteContent[msmWeb].seo.title,
1367,https://www.msm.digital/de/people/lennart-scheel/,mapped,person-msm-lennart-scheel-de.siteContent[msmWeb].seo.description,
1368,https://www.msm.digital/de/people/lennart-scheel/,mapped,person-msm-lennart-scheel-de.siteContent[msmWeb].seo,Open Graph uses the same approved SEO fields.
1369,https://www.msm.digital/de/people/lennart-scheel/,mapped,person-msm-lennart-scheel-de.siteContent[msmWeb].seo,Open Graph uses the same approved SEO fields.
1370,https://www.msm.digital/de/people/lennart-scheel/,mapped,person-msm-lennart-scheel-de.name,Shared identity retained; editorial profile route is website-specific.
1371,https://www.msm.digital/de/people/lennart-scheel/,mapped,person-msm-lennart-scheel-de.siteContent[msmWeb].quote,
1372,https://www.msm.digital/de/people/lennart-scheel/,mapped,person-msm-lennart-scheel-de.siteContent[msmWeb].iDo,
1373,https://www.msm.digital/de/people/lennart-scheel/,mapped,person-msm-lennart-scheel-de.siteContent[msmWeb].askMe,
1374,https://www.msm.digital/de/people/lennart-scheel/,preserved,person-msm-lennart-scheel-de.siteContent[msmWeb].phone + shared email,Approved phone retained; existing shared email preserved.
1375,https://www.msm.digital/de/people/lennart-scheel/,mapped,person-msm-lennart-scheel-de.siteContent[msmWeb].biography,
1376,https://www.msm.digital/de/people/lennart-scheel/,resolved-reference,person-msm-lennart-scheel-de.siteContent[msmWeb].selectedCases,Exact project links recovered from the source page.
1377,https://www.msm.digital/de/people/nils-kedeinis/,mapped,person-msm-nils-kedeinis-de.siteContent[msmWeb].seo.title,
1378,https://www.msm.digital/de/people/nils-kedeinis/,mapped,person-msm-nils-kedeinis-de.siteContent[msmWeb].seo.description,
1379,https://www.msm.digital/de/people/nils-kedeinis/,mapped,person-msm-nils-kedeinis-de.siteContent[msmWeb].seo,Open Graph uses the same approved SEO fields.
1380,https://www.msm.digital/de/people/nils-kedeinis/,mapped,person-msm-nils-kedeinis-de.siteContent[msmWeb].seo,Open Graph uses the same approved SEO fields.
1381,https://www.msm.digital/de/people/nils-kedeinis/,mapped,person-msm-nils-kedeinis-de.name,Shared identity retained; editorial profile route is website-specific.
1382,https://www.msm.digital/de/people/nils-kedeinis/,mapped,person-msm-nils-kedeinis-de.siteContent[msmWeb].quote,
1383,https://www.msm.digital/de/people/nils-kedeinis/,mapped,person-msm-nils-kedeinis-de.siteContent[msmWeb].iDo,
1384,https://www.msm.digital/de/people/nils-kedeinis/,mapped,person-msm-nils-kedeinis-de.siteContent[msmWeb].askMe,
1385,https://www.msm.digital/de/people/nils-kedeinis/,preserved,person-msm-nils-kedeinis-de.siteContent[msmWeb].phone + shared email,Approved phone retained; existing shared email preserved.
1386,https://www.msm.digital/de/people/nils-kedeinis/,mapped,person-msm-nils-kedeinis-de.siteContent[msmWeb].biography,
1387,https://www.msm.digital/de/people/nils-kedeinis/,resolved-reference,person-msm-nils-kedeinis-de.siteContent[msmWeb].selectedCases,Exact project links recovered from the source page.
1388,https://www.msm.digital/de/people/kirsten-huecker/,mapped,person-msm-kirsten-huecker-de.siteContent[msmWeb].seo.title,
1389,https://www.msm.digital/de/people/kirsten-huecker/,mapped,person-msm-kirsten-huecker-de.siteContent[msmWeb].seo.description,
1390,https://www.msm.digital/de/people/kirsten-huecker/,mapped,person-msm-kirsten-huecker-de.siteContent[msmWeb].seo,Open Graph uses the same approved SEO fields.
1391,https://www.msm.digital/de/people/kirsten-huecker/,mapped,person-msm-kirsten-huecker-de.siteContent[msmWeb].seo,Open Graph uses the same approved SEO fields.
1392,https://www.msm.digital/de/people/kirsten-huecker/,mapped,person-msm-kirsten-huecker-de.name,Shared identity retained; editorial profile route is website-specific.
1393,https://www.msm.digital/de/people/kirsten-huecker/,mapped,person-msm-kirsten-huecker-de.siteContent[msmWeb].quote,
1394,https://www.msm.digital/de/people/kirsten-huecker/,mapped,person-msm-kirsten-huecker-de.siteContent[msmWeb].iDo,
1395,https://www.msm.digital/de/people/kirsten-huecker/,mapped,person-msm-kirsten-huecker-de.siteContent[msmWeb].askMe,
1396,https://www.msm.digital/de/people/kirsten-huecker/,preserved,person-msm-kirsten-huecker-de.siteContent[msmWeb].phone + shared email,Approved phone retained; existing shared email preserved.
1397,https://www.msm.digital/de/people/kirsten-huecker/,mapped,person-msm-kirsten-huecker-de.siteContent[msmWeb].biography,
1398,https://www.msm.digital/de/people/kirsten-huecker/,resolved-reference,person-msm-kirsten-huecker-de.siteContent[msmWeb].selectedCases,Exact project links recovered from the source page.
1399,https://www.msm.digital/de/people/maic-ungermann/,mapped,person-msm-maic-ungermann-de.siteContent[msmWeb].seo.title,
1400,https://www.msm.digital/de/people/maic-ungermann/,mapped,person-msm-maic-ungermann-de.siteContent[msmWeb].seo.description,
1401,https://www.msm.digital/de/people/maic-ungermann/,mapped,person-msm-maic-ungermann-de.siteContent[msmWeb].seo,Open Graph uses the same approved SEO fields.
1402,https://www.msm.digital/de/people/maic-ungermann/,mapped,person-msm-maic-ungermann-de.siteContent[msmWeb].seo,Open Graph uses the same approved SEO fields.
1403,https://www.msm.digital/de/people/maic-ungermann/,mapped,person-msm-maic-ungermann-de.name,Shared identity retained; editorial profile route is website-specific.
1404,https://www.msm.digital/de/people/maic-ungermann/,mapped,person-msm-maic-ungermann-de.siteContent[msmWeb].quote,
1405,https://www.msm.digital/de/people/maic-ungermann/,mapped,person-msm-maic-ungermann-de.siteContent[msmWeb].iDo,
1406,https://www.msm.digital/de/people/maic-ungermann/,mapped,person-msm-maic-ungermann-de.siteContent[msmWeb].askMe,
1407,https://www.msm.digital/de/people/maic-ungermann/,preserved,person-msm-maic-ungermann-de.siteContent[msmWeb].phone + shared email,Approved phone retained; existing shared email preserved.
1408,https://www.msm.digital/de/people/maic-ungermann/,mapped,person-msm-maic-ungermann-de.siteContent[msmWeb].biography,
1409,https://www.msm.digital/de/people/maic-ungermann/,resolved-reference,person-msm-maic-ungermann-de.siteContent[msmWeb].selectedCases,Exact project links recovered from the source page.
1410,https://www.msm.digital/de/people/sven-weber/,mapped,person-msm-sven-weber-de.siteContent[msmWeb].seo.title,
1411,https://www.msm.digital/de/people/sven-weber/,mapped,person-msm-sven-weber-de.siteContent[msmWeb].seo.description,
1412,https://www.msm.digital/de/people/sven-weber/,mapped,person-msm-sven-weber-de.siteContent[msmWeb].seo,Open Graph uses the same approved SEO fields.
1413,https://www.msm.digital/de/people/sven-weber/,mapped,person-msm-sven-weber-de.siteContent[msmWeb].seo,Open Graph uses the same approved SEO fields.
1414,https://www.msm.digital/de/people/sven-weber/,mapped,person-msm-sven-weber-de.name,Shared identity retained; editorial profile route is website-specific.
1415,https://www.msm.digital/de/people/sven-weber/,mapped,person-msm-sven-weber-de.siteContent[msmWeb].quote,
1416,https://www.msm.digital/de/people/sven-weber/,mapped,person-msm-sven-weber-de.siteContent[msmWeb].iDo,
1417,https://www.msm.digital/de/people/sven-weber/,mapped,person-msm-sven-weber-de.siteContent[msmWeb].askMe,
1418,https://www.msm.digital/de/people/sven-weber/,preserved,person-msm-sven-weber-de.siteContent[msmWeb].phone + shared email,Approved phone retained; existing shared email preserved.
1419,https://www.msm.digital/de/people/sven-weber/,mapped,person-msm-sven-weber-de.siteContent[msmWeb].biography,
1420,https://www.msm.digital/de/people/sven-weber/,resolved-reference,person-msm-sven-weber-de.siteContent[msmWeb].selectedCases,Exact project links recovered from the source page.
1421,https://www.msm.digital/de/people/nikolas-angerstein/,mapped,person-msm-nikolas-angerstein-de.siteContent[msmWeb].seo.title,
1422,https://www.msm.digital/de/people/nikolas-angerstein/,mapped,person-msm-nikolas-angerstein-de.siteContent[msmWeb].seo.description,
1423,https://www.msm.digital/de/people/nikolas-angerstein/,mapped,person-msm-nikolas-angerstein-de.siteContent[msmWeb].seo,Open Graph uses the same approved SEO fields.
1424,https://www.msm.digital/de/people/nikolas-angerstein/,mapped,person-msm-nikolas-angerstein-de.siteContent[msmWeb].seo,Open Graph uses the same approved SEO fields.
1425,https://www.msm.digital/de/people/nikolas-angerstein/,mapped,person-msm-nikolas-angerstein-de.name,Shared identity retained; editorial profile route is website-specific.
1426,https://www.msm.digital/de/people/nikolas-angerstein/,mapped,person-msm-nikolas-angerstein-de.siteContent[msmWeb].quote,
1427,https://www.msm.digital/de/people/nikolas-angerstein/,mapped,person-msm-nikolas-angerstein-de.siteContent[msmWeb].iDo,
1428,https://www.msm.digital/de/people/nikolas-angerstein/,mapped,person-msm-nikolas-angerstein-de.siteContent[msmWeb].askMe,
1429,https://www.msm.digital/de/people/nikolas-angerstein/,preserved,person-msm-nikolas-angerstein-de.siteContent[msmWeb].phone + shared email,Approved phone retained; existing shared email preserved.
1430,https://www.msm.digital/de/people/nikolas-angerstein/,mapped,person-msm-nikolas-angerstein-de.siteContent[msmWeb].biography,
1431,https://www.msm.digital/de/people/nikolas-angerstein/,resolved-reference,person-msm-nikolas-angerstein-de.siteContent[msmWeb].selectedCases,Exact project links recovered from the source page.
1432,https://www.msm.digital/de/project/turtle-beach-digitale-produkt-kommunikation/,mapped,case-msm-turtle-beach-digitale-produkt-kommunikation-de.seo.title,
1433,https://www.msm.digital/de/project/turtle-beach-digitale-produkt-kommunikation/,mapped,case-msm-turtle-beach-digitale-produkt-kommunikation-de.seo.description,
1434,https://www.msm.digital/de/project/turtle-beach-digitale-produkt-kommunikation/,mapped,case-msm-turtle-beach-digitale-produkt-kommunikation-de.title,
1435,https://www.msm.digital/de/project/turtle-beach-digitale-produkt-kommunikation/,mapped,case-msm-turtle-beach-digitale-produkt-kommunikation-de.subtitle,
1436,https://www.msm.digital/de/project/turtle-beach-digitale-produkt-kommunikation/,mapped,case-msm-turtle-beach-digitale-produkt-kommunikation-de.casesPageBuilder.challenge.description,
1437,https://www.msm.digital/de/project/turtle-beach-digitale-produkt-kommunikation/,mapped,case-msm-turtle-beach-digitale-produkt-kommunikation-de.casesPageBuilder.results.quote,
1438,https://www.msm.digital/de/project/turtle-beach-digitale-produkt-kommunikation/,mapped,case-msm-turtle-beach-digitale-produkt-kommunikation-de.casesPageBuilder.challenge.solution,
1439,https://www.msm.digital/de/project/turtle-beach-digitale-produkt-kommunikation/,mapped,case-msm-turtle-beach-digitale-produkt-kommunikation-de.casesPageBuilder.contact.subtitle,
1440,https://www.msm.digital/de/project/microsoft-expertzone-social-media/,mapped,case-msm-microsoft-expertzone-social-media-de.seo.title,
1441,https://www.msm.digital/de/project/microsoft-expertzone-social-media/,mapped,case-msm-microsoft-expertzone-social-media-de.seo.description,
1442,https://www.msm.digital/de/project/microsoft-expertzone-social-media/,mapped,case-msm-microsoft-expertzone-social-media-de.title,
1443,https://www.msm.digital/de/project/microsoft-expertzone-social-media/,mapped,case-msm-microsoft-expertzone-social-media-de.subtitle,
1444,https://www.msm.digital/de/project/microsoft-expertzone-social-media/,mapped,case-msm-microsoft-expertzone-social-media-de.casesPageBuilder.challenge.description,
1445,https://www.msm.digital/de/project/microsoft-expertzone-social-media/,mapped,case-msm-microsoft-expertzone-social-media-de.casesPageBuilder.results.quote,
1446,https://www.msm.digital/de/project/microsoft-expertzone-social-media/,mapped,case-msm-microsoft-expertzone-social-media-de.casesPageBuilder.challenge.solution,
1447,https://www.msm.digital/de/project/microsoft-expertzone-social-media/,mapped,case-msm-microsoft-expertzone-social-media-de.casesPageBuilder.results.description,
1448,https://www.msm.digital/de/project/microsoft-expertzone-social-media/,mapped,case-msm-microsoft-expertzone-social-media-de.casesPageBuilder.contact.subtitle,
1449,https://www.msm.digital/de/project/anker-und-soundcore-retail-space-experience/,mapped,case-msm-anker-und-soundcore-retail-space-experience-de.seo.title,
1450,https://www.msm.digital/de/project/anker-und-soundcore-retail-space-experience/,mapped,case-msm-anker-und-soundcore-retail-space-experience-de.seo.description,
1451,https://www.msm.digital/de/project/anker-und-soundcore-retail-space-experience/,mapped,case-msm-anker-und-soundcore-retail-space-experience-de.title,
1452,https://www.msm.digital/de/project/anker-und-soundcore-retail-space-experience/,mapped,case-msm-anker-und-soundcore-retail-space-experience-de.subtitle,
1453,https://www.msm.digital/de/project/anker-und-soundcore-retail-space-experience/,mapped,case-msm-anker-und-soundcore-retail-space-experience-de.casesPageBuilder.challenge.description,
1454,https://www.msm.digital/de/project/anker-und-soundcore-retail-space-experience/,mapped,case-msm-anker-und-soundcore-retail-space-experience-de.casesPageBuilder.results.quote,
1455,https://www.msm.digital/de/project/anker-und-soundcore-retail-space-experience/,mapped,case-msm-anker-und-soundcore-retail-space-experience-de.casesPageBuilder.challenge.solution,
1456,https://www.msm.digital/de/project/anker-und-soundcore-retail-space-experience/,mapped,case-msm-anker-und-soundcore-retail-space-experience-de.casesPageBuilder.contact.subtitle,
1457,https://www.msm.digital/de/project/ea-star-wars-battlefront-influencer-marketing/,mapped,case-msm-ea-star-wars-battlefront-influencer-marketing-de.seo.title,
1458,https://www.msm.digital/de/project/ea-star-wars-battlefront-influencer-marketing/,mapped,case-msm-ea-star-wars-battlefront-influencer-marketing-de.seo.description,
1459,https://www.msm.digital/de/project/ea-star-wars-battlefront-influencer-marketing/,mapped,case-msm-ea-star-wars-battlefront-influencer-marketing-de.title,
1460,https://www.msm.digital/de/project/ea-star-wars-battlefront-influencer-marketing/,mapped,case-msm-ea-star-wars-battlefront-influencer-marketing-de.subtitle,
1461,https://www.msm.digital/de/project/ea-star-wars-battlefront-influencer-marketing/,mapped,case-msm-ea-star-wars-battlefront-influencer-marketing-de.casesPageBuilder.challenge.description,
1462,https://www.msm.digital/de/project/ea-star-wars-battlefront-influencer-marketing/,mapped,case-msm-ea-star-wars-battlefront-influencer-marketing-de.casesPageBuilder.results.quote,
1463,https://www.msm.digital/de/project/ea-star-wars-battlefront-influencer-marketing/,mapped,case-msm-ea-star-wars-battlefront-influencer-marketing-de.casesPageBuilder.challenge.solution,
1464,https://www.msm.digital/de/project/ea-star-wars-battlefront-influencer-marketing/,mapped,case-msm-ea-star-wars-battlefront-influencer-marketing-de.casesPageBuilder.results.description,
1465,https://www.msm.digital/de/project/ea-star-wars-battlefront-influencer-marketing/,mapped,case-msm-ea-star-wars-battlefront-influencer-marketing-de.casesPageBuilder.contact.subtitle,
1466,https://www.msm.digital/de/project/eppendorf-e-learning/,mapped,case-msm-eppendorf-e-learning-de.seo.title,
1467,https://www.msm.digital/de/project/eppendorf-e-learning/,mapped,case-msm-eppendorf-e-learning-de.seo.description,
1468,https://www.msm.digital/de/project/eppendorf-e-learning/,mapped,case-msm-eppendorf-e-learning-de.title,
1469,https://www.msm.digital/de/project/eppendorf-e-learning/,mapped,case-msm-eppendorf-e-learning-de.subtitle,
1470,https://www.msm.digital/de/project/eppendorf-e-learning/,mapped,case-msm-eppendorf-e-learning-de.casesPageBuilder.challenge.description,
1471,https://www.msm.digital/de/project/eppendorf-e-learning/,mapped,case-msm-eppendorf-e-learning-de.casesPageBuilder.challenge.solution,
1472,https://www.msm.digital/de/project/eppendorf-e-learning/,mapped,case-msm-eppendorf-e-learning-de.casesPageBuilder.results.quote,
1473,https://www.msm.digital/de/project/eppendorf-e-learning/,mapped,case-msm-eppendorf-e-learning-de.casesPageBuilder.contact.subtitle,
1474,https://www.msm.digital/de/project/microsoft-xbox-cassette-player-fotoshooting/,mapped,case-msm-microsoft-xbox-cassette-player-fotoshooting-de.seo.title,
1475,https://www.msm.digital/de/project/microsoft-xbox-cassette-player-fotoshooting/,mapped,case-msm-microsoft-xbox-cassette-player-fotoshooting-de.seo.description,
1476,https://www.msm.digital/de/project/microsoft-xbox-cassette-player-fotoshooting/,mapped,case-msm-microsoft-xbox-cassette-player-fotoshooting-de.title,
1477,https://www.msm.digital/de/project/microsoft-xbox-cassette-player-fotoshooting/,mapped,case-msm-microsoft-xbox-cassette-player-fotoshooting-de.subtitle,
1478,https://www.msm.digital/de/project/microsoft-xbox-cassette-player-fotoshooting/,mapped,case-msm-microsoft-xbox-cassette-player-fotoshooting-de.casesPageBuilder.challenge.description,
1479,https://www.msm.digital/de/project/microsoft-xbox-cassette-player-fotoshooting/,mapped,case-msm-microsoft-xbox-cassette-player-fotoshooting-de.casesPageBuilder.results.quote,
1480,https://www.msm.digital/de/project/microsoft-xbox-cassette-player-fotoshooting/,mapped,case-msm-microsoft-xbox-cassette-player-fotoshooting-de.casesPageBuilder.challenge.solution,
1481,https://www.msm.digital/de/project/microsoft-xbox-cassette-player-fotoshooting/,mapped,case-msm-microsoft-xbox-cassette-player-fotoshooting-de.casesPageBuilder.contact.subtitle,
1482,https://www.msm.digital/de/project/riot-games-valorant-gen-z-adventskalender/,mapped,case-msm-riot-games-valorant-gen-z-adventskalender-de.seo.title,
1483,https://www.msm.digital/de/project/riot-games-valorant-gen-z-adventskalender/,mapped,case-msm-riot-games-valorant-gen-z-adventskalender-de.seo.description,
1484,https://www.msm.digital/de/project/riot-games-valorant-gen-z-adventskalender/,mapped,case-msm-riot-games-valorant-gen-z-adventskalender-de.title,
1485,https://www.msm.digital/de/project/riot-games-valorant-gen-z-adventskalender/,mapped,case-msm-riot-games-valorant-gen-z-adventskalender-de.subtitle,
1486,https://www.msm.digital/de/project/riot-games-valorant-gen-z-adventskalender/,mapped,case-msm-riot-games-valorant-gen-z-adventskalender-de.casesPageBuilder.challenge.description,
1487,https://www.msm.digital/de/project/riot-games-valorant-gen-z-adventskalender/,mapped,case-msm-riot-games-valorant-gen-z-adventskalender-de.casesPageBuilder.results.quote,
1488,https://www.msm.digital/de/project/riot-games-valorant-gen-z-adventskalender/,mapped,case-msm-riot-games-valorant-gen-z-adventskalender-de.casesPageBuilder.challenge.solution,
1489,https://www.msm.digital/de/project/riot-games-valorant-gen-z-adventskalender/,mapped,case-msm-riot-games-valorant-gen-z-adventskalender-de.casesPageBuilder.results.description,
1490,https://www.msm.digital/de/project/riot-games-valorant-gen-z-adventskalender/,mapped,case-msm-riot-games-valorant-gen-z-adventskalender-de.casesPageBuilder.contact.subtitle,
1491,https://www.msm.digital/de/project/expert-augmented-reality-produkterlebnis/,mapped,case-msm-expert-augmented-reality-produkterlebnis-de.seo.title,
1492,https://www.msm.digital/de/project/expert-augmented-reality-produkterlebnis/,mapped,case-msm-expert-augmented-reality-produkterlebnis-de.seo.description,
1493,https://www.msm.digital/de/project/expert-augmented-reality-produkterlebnis/,mapped,case-msm-expert-augmented-reality-produkterlebnis-de.title,
1494,https://www.msm.digital/de/project/expert-augmented-reality-produkterlebnis/,mapped,case-msm-expert-augmented-reality-produkterlebnis-de.subtitle,
1495,https://www.msm.digital/de/project/expert-augmented-reality-produkterlebnis/,mapped,case-msm-expert-augmented-reality-produkterlebnis-de.casesPageBuilder.challenge.description,
1496,https://www.msm.digital/de/project/expert-augmented-reality-produkterlebnis/,mapped,case-msm-expert-augmented-reality-produkterlebnis-de.casesPageBuilder.results.quote,
1497,https://www.msm.digital/de/project/expert-augmented-reality-produkterlebnis/,mapped,case-msm-expert-augmented-reality-produkterlebnis-de.casesPageBuilder.challenge.solution,
1498,https://www.msm.digital/de/project/expert-augmented-reality-produkterlebnis/,mapped,case-msm-expert-augmented-reality-produkterlebnis-de.casesPageBuilder.results.description,
1499,https://www.msm.digital/de/project/expert-augmented-reality-produkterlebnis/,mapped,case-msm-expert-augmented-reality-produkterlebnis-de.casesPageBuilder.contact.subtitle,
1500,https://www.msm.digital/de/project/brother-augmented-reality/,mapped,case-msm-brother-augmented-reality-de.seo.title,
1501,https://www.msm.digital/de/project/brother-augmented-reality/,mapped,case-msm-brother-augmented-reality-de.seo.description,
1502,https://www.msm.digital/de/project/brother-augmented-reality/,mapped,case-msm-brother-augmented-reality-de.title,
1503,https://www.msm.digital/de/project/brother-augmented-reality/,mapped,case-msm-brother-augmented-reality-de.subtitle,
1504,https://www.msm.digital/de/project/brother-augmented-reality/,mapped,case-msm-brother-augmented-reality-de.casesPageBuilder.challenge.description,
1505,https://www.msm.digital/de/project/brother-augmented-reality/,mapped,case-msm-brother-augmented-reality-de.casesPageBuilder.challenge.solution,
1506,https://www.msm.digital/de/project/brother-augmented-reality/,mapped,case-msm-brother-augmented-reality-de.casesPageBuilder.results.quote,
1507,https://www.msm.digital/de/project/brother-augmented-reality/,mapped,case-msm-brother-augmented-reality-de.casesPageBuilder.contact.subtitle,
1508,https://www.msm.digital/de/project/retail-training-per-escape-room/,mapped,case-msm-retail-training-per-escape-room-de.seo.title,
1509,https://www.msm.digital/de/project/retail-training-per-escape-room/,mapped,case-msm-retail-training-per-escape-room-de.seo.description,
1510,https://www.msm.digital/de/project/retail-training-per-escape-room/,mapped,case-msm-retail-training-per-escape-room-de.title,
1511,https://www.msm.digital/de/project/retail-training-per-escape-room/,mapped,case-msm-retail-training-per-escape-room-de.subtitle,
1512,https://www.msm.digital/de/project/retail-training-per-escape-room/,mapped,case-msm-retail-training-per-escape-room-de.casesPageBuilder.challenge.description,
1513,https://www.msm.digital/de/project/retail-training-per-escape-room/,mapped,case-msm-retail-training-per-escape-room-de.casesPageBuilder.challenge.solution,
1514,https://www.msm.digital/de/project/retail-training-per-escape-room/,mapped,case-msm-retail-training-per-escape-room-de.casesPageBuilder.results.description,
1515,https://www.msm.digital/de/project/retail-training-per-escape-room/,mapped,case-msm-retail-training-per-escape-room-de.casesPageBuilder.results.quote,
1516,https://www.msm.digital/de/project/retail-training-per-escape-room/,mapped,case-msm-retail-training-per-escape-room-de.casesPageBuilder.contact.subtitle,
1517,https://www.msm.digital/de/project/ea-need-for-speed-influencer-kampagne/,mapped,case-msm-ea-need-for-speed-influencer-kampagne-de.seo.title,
1518,https://www.msm.digital/de/project/ea-need-for-speed-influencer-kampagne/,mapped,case-msm-ea-need-for-speed-influencer-kampagne-de.seo.description,
1519,https://www.msm.digital/de/project/ea-need-for-speed-influencer-kampagne/,mapped,case-msm-ea-need-for-speed-influencer-kampagne-de.title,
1520,https://www.msm.digital/de/project/ea-need-for-speed-influencer-kampagne/,mapped,case-msm-ea-need-for-speed-influencer-kampagne-de.subtitle,
1521,https://www.msm.digital/de/project/ea-need-for-speed-influencer-kampagne/,mapped,case-msm-ea-need-for-speed-influencer-kampagne-de.casesPageBuilder.challenge.description,
1522,https://www.msm.digital/de/project/ea-need-for-speed-influencer-kampagne/,mapped,case-msm-ea-need-for-speed-influencer-kampagne-de.casesPageBuilder.challenge.solution,
1523,https://www.msm.digital/de/project/ea-need-for-speed-influencer-kampagne/,mapped,case-msm-ea-need-for-speed-influencer-kampagne-de.casesPageBuilder.results.description,
1524,https://www.msm.digital/de/project/ea-need-for-speed-influencer-kampagne/,mapped,case-msm-ea-need-for-speed-influencer-kampagne-de.casesPageBuilder.results.quote,
1525,https://www.msm.digital/de/project/ea-need-for-speed-influencer-kampagne/,mapped,case-msm-ea-need-for-speed-influencer-kampagne-de.casesPageBuilder.contact.subtitle,
1526,https://www.msm.digital/de/project/hatch-angrybirdsgo-turboedition-landingpage/,mapped,case-msm-hatch-angrybirdsgo-turboedition-landingpage-de.seo.title,
1527,https://www.msm.digital/de/project/hatch-angrybirdsgo-turboedition-landingpage/,mapped,case-msm-hatch-angrybirdsgo-turboedition-landingpage-de.seo.description,
1528,https://www.msm.digital/de/project/hatch-angrybirdsgo-turboedition-landingpage/,mapped,case-msm-hatch-angrybirdsgo-turboedition-landingpage-de.title,
1529,https://www.msm.digital/de/project/hatch-angrybirdsgo-turboedition-landingpage/,mapped,case-msm-hatch-angrybirdsgo-turboedition-landingpage-de.subtitle,
1530,https://www.msm.digital/de/project/hatch-angrybirdsgo-turboedition-landingpage/,mapped,case-msm-hatch-angrybirdsgo-turboedition-landingpage-de.casesPageBuilder.challenge.description,
1531,https://www.msm.digital/de/project/hatch-angrybirdsgo-turboedition-landingpage/,mapped,case-msm-hatch-angrybirdsgo-turboedition-landingpage-de.casesPageBuilder.results.quote,
1532,https://www.msm.digital/de/project/hatch-angrybirdsgo-turboedition-landingpage/,mapped,case-msm-hatch-angrybirdsgo-turboedition-landingpage-de.casesPageBuilder.challenge.solution,
1533,https://www.msm.digital/de/project/hatch-angrybirdsgo-turboedition-landingpage/,mapped,case-msm-hatch-angrybirdsgo-turboedition-landingpage-de.casesPageBuilder.contact.subtitle,
1534,https://www.msm.digital/de/project/ubs-virtuelle-treasure-hunt/,mapped,case-msm-ubs-virtuelle-treasure-hunt-de.seo.title,
1535,https://www.msm.digital/de/project/ubs-virtuelle-treasure-hunt/,mapped,case-msm-ubs-virtuelle-treasure-hunt-de.seo.description,
1536,https://www.msm.digital/de/project/ubs-virtuelle-treasure-hunt/,mapped,case-msm-ubs-virtuelle-treasure-hunt-de.title,
1537,https://www.msm.digital/de/project/ubs-virtuelle-treasure-hunt/,mapped,case-msm-ubs-virtuelle-treasure-hunt-de.subtitle,
1538,https://www.msm.digital/de/project/ubs-virtuelle-treasure-hunt/,mapped,case-msm-ubs-virtuelle-treasure-hunt-de.casesPageBuilder.challenge.description,
1539,https://www.msm.digital/de/project/ubs-virtuelle-treasure-hunt/,mapped,case-msm-ubs-virtuelle-treasure-hunt-de.casesPageBuilder.results.quote,
1540,https://www.msm.digital/de/project/ubs-virtuelle-treasure-hunt/,mapped,case-msm-ubs-virtuelle-treasure-hunt-de.casesPageBuilder.challenge.solution,
1541,https://www.msm.digital/de/project/ubs-virtuelle-treasure-hunt/,mapped,case-msm-ubs-virtuelle-treasure-hunt-de.casesPageBuilder.contact.subtitle,
1542,https://www.msm.digital/de/project/anker-lollapalooza-truck-promotion/,mapped,case-msm-anker-lollapalooza-truck-promotion-de.seo.title,
1543,https://www.msm.digital/de/project/anker-lollapalooza-truck-promotion/,mapped,case-msm-anker-lollapalooza-truck-promotion-de.seo.description,
1544,https://www.msm.digital/de/project/anker-lollapalooza-truck-promotion/,mapped,case-msm-anker-lollapalooza-truck-promotion-de.title,
1545,https://www.msm.digital/de/project/anker-lollapalooza-truck-promotion/,mapped,case-msm-anker-lollapalooza-truck-promotion-de.subtitle,
1546,https://www.msm.digital/de/project/anker-lollapalooza-truck-promotion/,mapped,case-msm-anker-lollapalooza-truck-promotion-de.casesPageBuilder.challenge.description,
1547,https://www.msm.digital/de/project/anker-lollapalooza-truck-promotion/,mapped,case-msm-anker-lollapalooza-truck-promotion-de.casesPageBuilder.results.quote,
1548,https://www.msm.digital/de/project/anker-lollapalooza-truck-promotion/,mapped,case-msm-anker-lollapalooza-truck-promotion-de.casesPageBuilder.challenge.solution,
1549,https://www.msm.digital/de/project/anker-lollapalooza-truck-promotion/,mapped,case-msm-anker-lollapalooza-truck-promotion-de.casesPageBuilder.results.description,
1550,https://www.msm.digital/de/project/anker-lollapalooza-truck-promotion/,mapped,case-msm-anker-lollapalooza-truck-promotion-de.casesPageBuilder.contact.subtitle,
1551,https://www.msm.digital/de/project/dotnow-retail-experience/,mapped,case-msm-dotnow-retail-experience-de.seo.title,
1552,https://www.msm.digital/de/project/dotnow-retail-experience/,mapped,case-msm-dotnow-retail-experience-de.seo.description,
1553,https://www.msm.digital/de/project/dotnow-retail-experience/,mapped,case-msm-dotnow-retail-experience-de.title,
1554,https://www.msm.digital/de/project/dotnow-retail-experience/,mapped,case-msm-dotnow-retail-experience-de.subtitle,
1555,https://www.msm.digital/de/project/dotnow-retail-experience/,mapped,case-msm-dotnow-retail-experience-de.casesPageBuilder.challenge.description,
1556,https://www.msm.digital/de/project/dotnow-retail-experience/,mapped,case-msm-dotnow-retail-experience-de.casesPageBuilder.challenge.solution,
1557,https://www.msm.digital/de/project/dotnow-retail-experience/,mapped,case-msm-dotnow-retail-experience-de.casesPageBuilder.results.quote,
1558,https://www.msm.digital/de/project/dotnow-retail-experience/,mapped,case-msm-dotnow-retail-experience-de.casesPageBuilder.contact.subtitle,
1559,https://www.msm.digital/de/project/hisense-uefa-cashback-kampagne/,mapped,case-msm-hisense-uefa-cashback-kampagne-de.seo.title,
1560,https://www.msm.digital/de/project/hisense-uefa-cashback-kampagne/,mapped,case-msm-hisense-uefa-cashback-kampagne-de.seo.description,
1561,https://www.msm.digital/de/project/hisense-uefa-cashback-kampagne/,mapped,case-msm-hisense-uefa-cashback-kampagne-de.title,
1562,https://www.msm.digital/de/project/hisense-uefa-cashback-kampagne/,mapped,case-msm-hisense-uefa-cashback-kampagne-de.subtitle,
1563,https://www.msm.digital/de/project/hisense-uefa-cashback-kampagne/,mapped,case-msm-hisense-uefa-cashback-kampagne-de.casesPageBuilder.challenge.description,
1564,https://www.msm.digital/de/project/hisense-uefa-cashback-kampagne/,mapped,case-msm-hisense-uefa-cashback-kampagne-de.casesPageBuilder.challenge.solution,
1565,https://www.msm.digital/de/project/hisense-uefa-cashback-kampagne/,mapped,case-msm-hisense-uefa-cashback-kampagne-de.casesPageBuilder.results.description,
1566,https://www.msm.digital/de/project/hisense-uefa-cashback-kampagne/,mapped,case-msm-hisense-uefa-cashback-kampagne-de.casesPageBuilder.results.quote,
1567,https://www.msm.digital/de/project/hisense-uefa-cashback-kampagne/,mapped,case-msm-hisense-uefa-cashback-kampagne-de.casesPageBuilder.contact.subtitle,
1568,https://www.msm.digital/de/project/hermes-arzneimittel-employer-branding/,mapped,case-msm-hermes-arzneimittel-employer-branding-de.seo.title,
1569,https://www.msm.digital/de/project/hermes-arzneimittel-employer-branding/,mapped,case-msm-hermes-arzneimittel-employer-branding-de.seo.description,
1570,https://www.msm.digital/de/project/hermes-arzneimittel-employer-branding/,mapped,case-msm-hermes-arzneimittel-employer-branding-de.title,
1571,https://www.msm.digital/de/project/hermes-arzneimittel-employer-branding/,mapped,case-msm-hermes-arzneimittel-employer-branding-de.subtitle,
1572,https://www.msm.digital/de/project/hermes-arzneimittel-employer-branding/,mapped,case-msm-hermes-arzneimittel-employer-branding-de.casesPageBuilder.challenge.description,
1573,https://www.msm.digital/de/project/hermes-arzneimittel-employer-branding/,mapped,case-msm-hermes-arzneimittel-employer-branding-de.casesPageBuilder.results.quote,
1574,https://www.msm.digital/de/project/hermes-arzneimittel-employer-branding/,mapped,case-msm-hermes-arzneimittel-employer-branding-de.casesPageBuilder.challenge.solution,
1575,https://www.msm.digital/de/project/hermes-arzneimittel-employer-branding/,mapped,case-msm-hermes-arzneimittel-employer-branding-de.casesPageBuilder.results.description,
1576,https://www.msm.digital/de/project/hermes-arzneimittel-employer-branding/,mapped,case-msm-hermes-arzneimittel-employer-branding-de.casesPageBuilder.contact.subtitle,
1577,https://www.msm.digital/de/project/minimax-virtual-reality-videoerlebnis/,mapped,case-msm-minimax-virtual-reality-videoerlebnis-de.seo.title,
1578,https://www.msm.digital/de/project/minimax-virtual-reality-videoerlebnis/,mapped,case-msm-minimax-virtual-reality-videoerlebnis-de.seo.description,
1579,https://www.msm.digital/de/project/minimax-virtual-reality-videoerlebnis/,mapped,case-msm-minimax-virtual-reality-videoerlebnis-de.title,
1580,https://www.msm.digital/de/project/minimax-virtual-reality-videoerlebnis/,mapped,case-msm-minimax-virtual-reality-videoerlebnis-de.subtitle,
1581,https://www.msm.digital/de/project/minimax-virtual-reality-videoerlebnis/,mapped,case-msm-minimax-virtual-reality-videoerlebnis-de.casesPageBuilder.challenge.description,
1582,https://www.msm.digital/de/project/minimax-virtual-reality-videoerlebnis/,mapped,case-msm-minimax-virtual-reality-videoerlebnis-de.casesPageBuilder.challenge.solution,
1583,https://www.msm.digital/de/project/minimax-virtual-reality-videoerlebnis/,mapped,case-msm-minimax-virtual-reality-videoerlebnis-de.casesPageBuilder.results.quote,
1584,https://www.msm.digital/de/project/minimax-virtual-reality-videoerlebnis/,mapped,case-msm-minimax-virtual-reality-videoerlebnis-de.casesPageBuilder.results.description,
1585,https://www.msm.digital/de/project/minimax-virtual-reality-videoerlebnis/,mapped,case-msm-minimax-virtual-reality-videoerlebnis-de.casesPageBuilder.contact.subtitle,
1586,https://www.msm.digital/de/project/garmin-esports-kooperation/,mapped,case-msm-garmin-esports-kooperation-de.seo.title,
1587,https://www.msm.digital/de/project/garmin-esports-kooperation/,mapped,case-msm-garmin-esports-kooperation-de.seo.description,
1588,https://www.msm.digital/de/project/garmin-esports-kooperation/,mapped,case-msm-garmin-esports-kooperation-de.title,
1589,https://www.msm.digital/de/project/garmin-esports-kooperation/,mapped,case-msm-garmin-esports-kooperation-de.subtitle,
1590,https://www.msm.digital/de/project/garmin-esports-kooperation/,mapped,case-msm-garmin-esports-kooperation-de.casesPageBuilder.challenge.description,
1591,https://www.msm.digital/de/project/garmin-esports-kooperation/,mapped,case-msm-garmin-esports-kooperation-de.casesPageBuilder.challenge.solution,
1592,https://www.msm.digital/de/project/garmin-esports-kooperation/,mapped,case-msm-garmin-esports-kooperation-de.casesPageBuilder.results.quote,
1593,https://www.msm.digital/de/project/garmin-esports-kooperation/,mapped,case-msm-garmin-esports-kooperation-de.casesPageBuilder.results.description,
1594,https://www.msm.digital/de/project/garmin-esports-kooperation/,mapped,case-msm-garmin-esports-kooperation-de.casesPageBuilder.contact.subtitle,
1595,https://www.msm.digital/de/project/microsoft-ecommerce/,mapped,case-msm-microsoft-ecommerce-de.seo.title,
1596,https://www.msm.digital/de/project/microsoft-ecommerce/,mapped,case-msm-microsoft-ecommerce-de.seo.description,
1597,https://www.msm.digital/de/project/microsoft-ecommerce/,mapped,case-msm-microsoft-ecommerce-de.title,
1598,https://www.msm.digital/de/project/microsoft-ecommerce/,mapped,case-msm-microsoft-ecommerce-de.subtitle,
1599,https://www.msm.digital/de/project/microsoft-ecommerce/,mapped,case-msm-microsoft-ecommerce-de.casesPageBuilder.challenge.description,
1600,https://www.msm.digital/de/project/microsoft-ecommerce/,mapped,case-msm-microsoft-ecommerce-de.casesPageBuilder.challenge.solution,
1601,https://www.msm.digital/de/project/microsoft-ecommerce/,mapped,case-msm-microsoft-ecommerce-de.casesPageBuilder.results.description,
1602,https://www.msm.digital/de/project/microsoft-ecommerce/,mapped,case-msm-microsoft-ecommerce-de.casesPageBuilder.results.quote,
1603,https://www.msm.digital/de/project/microsoft-ecommerce/,mapped,case-msm-microsoft-ecommerce-de.casesPageBuilder.contact.subtitle,
1604,https://www.msm.digital/de/project/recaro-gaming-social-media-und-pr/,mapped,case-msm-recaro-gaming-social-media-und-pr-de.seo.title,
1605,https://www.msm.digital/de/project/recaro-gaming-social-media-und-pr/,mapped,case-msm-recaro-gaming-social-media-und-pr-de.seo.description,
1606,https://www.msm.digital/de/project/recaro-gaming-social-media-und-pr/,mapped,case-msm-recaro-gaming-social-media-und-pr-de.title,
1607,https://www.msm.digital/de/project/recaro-gaming-social-media-und-pr/,mapped,case-msm-recaro-gaming-social-media-und-pr-de.subtitle,
1608,https://www.msm.digital/de/project/recaro-gaming-social-media-und-pr/,mapped,case-msm-recaro-gaming-social-media-und-pr-de.casesPageBuilder.challenge.description,
1609,https://www.msm.digital/de/project/recaro-gaming-social-media-und-pr/,mapped,case-msm-recaro-gaming-social-media-und-pr-de.casesPageBuilder.challenge.solution,
1610,https://www.msm.digital/de/project/recaro-gaming-social-media-und-pr/,mapped,case-msm-recaro-gaming-social-media-und-pr-de.casesPageBuilder.results.quote,
1611,https://www.msm.digital/de/project/recaro-gaming-social-media-und-pr/,mapped,case-msm-recaro-gaming-social-media-und-pr-de.casesPageBuilder.results.description,
1612,https://www.msm.digital/de/project/recaro-gaming-social-media-und-pr/,mapped,case-msm-recaro-gaming-social-media-und-pr-de.casesPageBuilder.contact.subtitle,
1613,https://www.msm.digital/de/project/aeg-electrolux-one2five-review-plattform/,mapped,case-msm-aeg-electrolux-one2five-review-plattform-de.seo.title,
1614,https://www.msm.digital/de/project/aeg-electrolux-one2five-review-plattform/,mapped,case-msm-aeg-electrolux-one2five-review-plattform-de.seo.description,
1615,https://www.msm.digital/de/project/aeg-electrolux-one2five-review-plattform/,mapped,case-msm-aeg-electrolux-one2five-review-plattform-de.title,
1616,https://www.msm.digital/de/project/aeg-electrolux-one2five-review-plattform/,mapped,case-msm-aeg-electrolux-one2five-review-plattform-de.subtitle,
1617,https://www.msm.digital/de/project/aeg-electrolux-one2five-review-plattform/,mapped,case-msm-aeg-electrolux-one2five-review-plattform-de.casesPageBuilder.challenge.description,
1618,https://www.msm.digital/de/project/aeg-electrolux-one2five-review-plattform/,mapped,case-msm-aeg-electrolux-one2five-review-plattform-de.casesPageBuilder.challenge.solution,
1619,https://www.msm.digital/de/project/aeg-electrolux-one2five-review-plattform/,mapped,case-msm-aeg-electrolux-one2five-review-plattform-de.casesPageBuilder.results.description,
1620,https://www.msm.digital/de/project/aeg-electrolux-one2five-review-plattform/,mapped,case-msm-aeg-electrolux-one2five-review-plattform-de.casesPageBuilder.results.quote,
1621,https://www.msm.digital/de/project/aeg-electrolux-one2five-review-plattform/,mapped,case-msm-aeg-electrolux-one2five-review-plattform-de.casesPageBuilder.contact.subtitle,
1622,https://www.msm.digital/de/project/merlin-entertainments-digital-signage-terminals/,mapped,case-msm-merlin-entertainments-digital-signage-terminals-de.seo.title,
1623,https://www.msm.digital/de/project/merlin-entertainments-digital-signage-terminals/,mapped,case-msm-merlin-entertainments-digital-signage-terminals-de.seo.description,
1624,https://www.msm.digital/de/project/merlin-entertainments-digital-signage-terminals/,mapped,case-msm-merlin-entertainments-digital-signage-terminals-de.title,
1625,https://www.msm.digital/de/project/merlin-entertainments-digital-signage-terminals/,mapped,case-msm-merlin-entertainments-digital-signage-terminals-de.subtitle,
1626,https://www.msm.digital/de/project/merlin-entertainments-digital-signage-terminals/,mapped,case-msm-merlin-entertainments-digital-signage-terminals-de.casesPageBuilder.challenge.description,
1627,https://www.msm.digital/de/project/merlin-entertainments-digital-signage-terminals/,mapped,case-msm-merlin-entertainments-digital-signage-terminals-de.casesPageBuilder.challenge.solution,
1628,https://www.msm.digital/de/project/merlin-entertainments-digital-signage-terminals/,mapped,case-msm-merlin-entertainments-digital-signage-terminals-de.casesPageBuilder.results.quote,
1629,https://www.msm.digital/de/project/merlin-entertainments-digital-signage-terminals/,mapped,case-msm-merlin-entertainments-digital-signage-terminals-de.casesPageBuilder.results.description,
1630,https://www.msm.digital/de/project/merlin-entertainments-digital-signage-terminals/,mapped,case-msm-merlin-entertainments-digital-signage-terminals-de.casesPageBuilder.contact.subtitle,
1631,https://www.msm.digital/de/project/ubs-global-employer-branding/,mapped,case-msm-ubs-global-employer-branding-de.seo.title,
1632,https://www.msm.digital/de/project/ubs-global-employer-branding/,mapped,case-msm-ubs-global-employer-branding-de.seo.description,
1633,https://www.msm.digital/de/project/ubs-global-employer-branding/,mapped,case-msm-ubs-global-employer-branding-de.title,
1634,https://www.msm.digital/de/project/ubs-global-employer-branding/,mapped,case-msm-ubs-global-employer-branding-de.subtitle,
1635,https://www.msm.digital/de/project/ubs-global-employer-branding/,mapped,case-msm-ubs-global-employer-branding-de.casesPageBuilder.challenge.description,
1636,https://www.msm.digital/de/project/ubs-global-employer-branding/,mapped,case-msm-ubs-global-employer-branding-de.casesPageBuilder.challenge.solution,
1637,https://www.msm.digital/de/project/ubs-global-employer-branding/,mapped,case-msm-ubs-global-employer-branding-de.casesPageBuilder.results.quote,
1638,https://www.msm.digital/de/project/ubs-global-employer-branding/,mapped,case-msm-ubs-global-employer-branding-de.casesPageBuilder.results.description,
1639,https://www.msm.digital/de/project/ubs-global-employer-branding/,dependency,,Legacy social-wall embed requires a supported provider and consent integration.
1640,https://www.msm.digital/de/project/ubs-global-employer-branding/,mapped,case-msm-ubs-global-employer-branding-de.casesPageBuilder.contact.subtitle,
1641,https://www.msm.digital/de/project/samsung-sales-training/,mapped,case-msm-samsung-sales-training-de.seo.title,
1642,https://www.msm.digital/de/project/samsung-sales-training/,mapped,case-msm-samsung-sales-training-de.seo.description,
1643,https://www.msm.digital/de/project/samsung-sales-training/,mapped,case-msm-samsung-sales-training-de.title,
1644,https://www.msm.digital/de/project/samsung-sales-training/,mapped,case-msm-samsung-sales-training-de.subtitle,
1645,https://www.msm.digital/de/project/samsung-sales-training/,mapped,case-msm-samsung-sales-training-de.casesPageBuilder.challenge.description,
1646,https://www.msm.digital/de/project/samsung-sales-training/,mapped,case-msm-samsung-sales-training-de.casesPageBuilder.challenge.solution,
1647,https://www.msm.digital/de/project/samsung-sales-training/,mapped,case-msm-samsung-sales-training-de.casesPageBuilder.results.description,
1648,https://www.msm.digital/de/project/samsung-sales-training/,mapped,case-msm-samsung-sales-training-de.casesPageBuilder.results.quote,
1649,https://www.msm.digital/de/project/samsung-sales-training/,mapped,case-msm-samsung-sales-training-de.casesPageBuilder.contact.subtitle,
1650,https://www.msm.digital/de/project/microsoft-misx-moebel-rollout/,mapped,case-msm-microsoft-misx-moebel-rollout-de.seo.title,
1651,https://www.msm.digital/de/project/microsoft-misx-moebel-rollout/,mapped,case-msm-microsoft-misx-moebel-rollout-de.seo.description,
1652,https://www.msm.digital/de/project/microsoft-misx-moebel-rollout/,mapped,case-msm-microsoft-misx-moebel-rollout-de.title,
1653,https://www.msm.digital/de/project/microsoft-misx-moebel-rollout/,mapped,case-msm-microsoft-misx-moebel-rollout-de.subtitle,
1654,https://www.msm.digital/de/project/microsoft-misx-moebel-rollout/,mapped,case-msm-microsoft-misx-moebel-rollout-de.casesPageBuilder.challenge.description,
1655,https://www.msm.digital/de/project/microsoft-misx-moebel-rollout/,mapped,case-msm-microsoft-misx-moebel-rollout-de.casesPageBuilder.challenge.solution,
1656,https://www.msm.digital/de/project/microsoft-misx-moebel-rollout/,mapped,case-msm-microsoft-misx-moebel-rollout-de.casesPageBuilder.results.quote,
1657,https://www.msm.digital/de/project/microsoft-misx-moebel-rollout/,mapped,case-msm-microsoft-misx-moebel-rollout-de.casesPageBuilder.results.description,
1658,https://www.msm.digital/de/project/microsoft-misx-moebel-rollout/,mapped,case-msm-microsoft-misx-moebel-rollout-de.casesPageBuilder.contact.subtitle,
1659,https://www.msm.digital/de/project/edeka-influencer-marketing/,mapped,case-msm-edeka-influencer-marketing-de.seo.title,
1660,https://www.msm.digital/de/project/edeka-influencer-marketing/,mapped,case-msm-edeka-influencer-marketing-de.seo.description,
1661,https://www.msm.digital/de/project/edeka-influencer-marketing/,mapped,case-msm-edeka-influencer-marketing-de.title,
1662,https://www.msm.digital/de/project/edeka-influencer-marketing/,mapped,case-msm-edeka-influencer-marketing-de.subtitle,
1663,https://www.msm.digital/de/project/edeka-influencer-marketing/,mapped,case-msm-edeka-influencer-marketing-de.casesPageBuilder.challenge.description,
1664,https://www.msm.digital/de/project/edeka-influencer-marketing/,mapped,case-msm-edeka-influencer-marketing-de.casesPageBuilder.challenge.solution,
1665,https://www.msm.digital/de/project/edeka-influencer-marketing/,mapped,case-msm-edeka-influencer-marketing-de.casesPageBuilder.results.description,
1666,https://www.msm.digital/de/project/edeka-influencer-marketing/,mapped,case-msm-edeka-influencer-marketing-de.casesPageBuilder.results.quote,
1667,https://www.msm.digital/de/project/edeka-influencer-marketing/,dependency,,Legacy social-wall embed requires a supported provider and consent integration.
1668,https://www.msm.digital/de/project/edeka-influencer-marketing/,mapped,case-msm-edeka-influencer-marketing-de.casesPageBuilder.contact.subtitle,
1669,https://www.msm.digital/de/project/merlin-skreeens-digital-signage/,mapped,case-msm-merlin-skreeens-digital-signage-de.seo.title,
1670,https://www.msm.digital/de/project/merlin-skreeens-digital-signage/,mapped,case-msm-merlin-skreeens-digital-signage-de.seo.description,
1671,https://www.msm.digital/de/project/merlin-skreeens-digital-signage/,mapped,case-msm-merlin-skreeens-digital-signage-de.title,
1672,https://www.msm.digital/de/project/merlin-skreeens-digital-signage/,mapped,case-msm-merlin-skreeens-digital-signage-de.subtitle,
1673,https://www.msm.digital/de/project/merlin-skreeens-digital-signage/,mapped,case-msm-merlin-skreeens-digital-signage-de.casesPageBuilder.challenge.description,
1674,https://www.msm.digital/de/project/merlin-skreeens-digital-signage/,mapped,case-msm-merlin-skreeens-digital-signage-de.casesPageBuilder.challenge.solution,
1675,https://www.msm.digital/de/project/merlin-skreeens-digital-signage/,mapped,case-msm-merlin-skreeens-digital-signage-de.casesPageBuilder.results.quote,
1676,https://www.msm.digital/de/project/merlin-skreeens-digital-signage/,mapped,case-msm-merlin-skreeens-digital-signage-de.casesPageBuilder.results.description,
1677,https://www.msm.digital/de/project/merlin-skreeens-digital-signage/,mapped,case-msm-merlin-skreeens-digital-signage-de.casesPageBuilder.contact.subtitle,
1678,https://www.msm.digital/de/project/schleich-digitale-instore-activation/,mapped,case-msm-schleich-digitale-instore-activation-de.seo.title,
1679,https://www.msm.digital/de/project/schleich-digitale-instore-activation/,mapped,case-msm-schleich-digitale-instore-activation-de.seo.description,
1680,https://www.msm.digital/de/project/schleich-digitale-instore-activation/,mapped,case-msm-schleich-digitale-instore-activation-de.title,
1681,https://www.msm.digital/de/project/schleich-digitale-instore-activation/,mapped,case-msm-schleich-digitale-instore-activation-de.subtitle,
1682,https://www.msm.digital/de/project/schleich-digitale-instore-activation/,mapped,case-msm-schleich-digitale-instore-activation-de.casesPageBuilder.challenge.description,
1683,https://www.msm.digital/de/project/schleich-digitale-instore-activation/,mapped,case-msm-schleich-digitale-instore-activation-de.casesPageBuilder.challenge.solution,
1684,https://www.msm.digital/de/project/schleich-digitale-instore-activation/,mapped,case-msm-schleich-digitale-instore-activation-de.casesPageBuilder.results.quote,
1685,https://www.msm.digital/de/project/schleich-digitale-instore-activation/,mapped,case-msm-schleich-digitale-instore-activation-de.casesPageBuilder.results.description,
1686,https://www.msm.digital/de/project/schleich-digitale-instore-activation/,mapped,case-msm-schleich-digitale-instore-activation-de.casesPageBuilder.contact.subtitle,
1687,https://www.msm.digital/de/project/coca-cola-metarcube/,mapped,case-msm-coca-cola-metarcube-de.seo.title,
1688,https://www.msm.digital/de/project/coca-cola-metarcube/,mapped,case-msm-coca-cola-metarcube-de.seo.description,
1689,https://www.msm.digital/de/project/coca-cola-metarcube/,mapped,case-msm-coca-cola-metarcube-de.title,
1690,https://www.msm.digital/de/project/coca-cola-metarcube/,mapped,case-msm-coca-cola-metarcube-de.subtitle,
1691,https://www.msm.digital/de/project/coca-cola-metarcube/,mapped,case-msm-coca-cola-metarcube-de.casesPageBuilder.challenge.description,
1692,https://www.msm.digital/de/project/coca-cola-metarcube/,mapped,case-msm-coca-cola-metarcube-de.casesPageBuilder.challenge.solution,
1693,https://www.msm.digital/de/project/coca-cola-metarcube/,mapped,case-msm-coca-cola-metarcube-de.casesPageBuilder.results.description,
1694,https://www.msm.digital/de/project/coca-cola-metarcube/,mapped,case-msm-coca-cola-metarcube-de.casesPageBuilder.results.quote,
1695,https://www.msm.digital/de/project/coca-cola-metarcube/,mapped,case-msm-coca-cola-metarcube-de.casesPageBuilder.contact.subtitle,
1696,https://www.msm.digital/de/project/ernst-klett-verlag-content-enrichment-fuer-printprodukte/,mapped,case-msm-ernst-klett-verlag-content-enrichment-fuer-printprodukte-de.seo.title,
1697,https://www.msm.digital/de/project/ernst-klett-verlag-content-enrichment-fuer-printprodukte/,mapped,case-msm-ernst-klett-verlag-content-enrichment-fuer-printprodukte-de.seo.description,
1698,https://www.msm.digital/de/project/ernst-klett-verlag-content-enrichment-fuer-printprodukte/,mapped,case-msm-ernst-klett-verlag-content-enrichment-fuer-printprodukte-de.title,
1699,https://www.msm.digital/de/project/ernst-klett-verlag-content-enrichment-fuer-printprodukte/,mapped,case-msm-ernst-klett-verlag-content-enrichment-fuer-printprodukte-de.subtitle,
1700,https://www.msm.digital/de/project/ernst-klett-verlag-content-enrichment-fuer-printprodukte/,mapped,case-msm-ernst-klett-verlag-content-enrichment-fuer-printprodukte-de.casesPageBuilder.challenge.description,
1701,https://www.msm.digital/de/project/ernst-klett-verlag-content-enrichment-fuer-printprodukte/,mapped,case-msm-ernst-klett-verlag-content-enrichment-fuer-printprodukte-de.casesPageBuilder.challenge.solution,
1702,https://www.msm.digital/de/project/ernst-klett-verlag-content-enrichment-fuer-printprodukte/,mapped,case-msm-ernst-klett-verlag-content-enrichment-fuer-printprodukte-de.casesPageBuilder.results.quote,
1703,https://www.msm.digital/de/project/ernst-klett-verlag-content-enrichment-fuer-printprodukte/,mapped,case-msm-ernst-klett-verlag-content-enrichment-fuer-printprodukte-de.casesPageBuilder.results.description,
1704,https://www.msm.digital/de/project/ernst-klett-verlag-content-enrichment-fuer-printprodukte/,mapped,case-msm-ernst-klett-verlag-content-enrichment-fuer-printprodukte-de.casesPageBuilder.contact.subtitle,
1705,https://www.msm.digital/de/project/erfal-eq3-influencer-kooperationen/,mapped,case-msm-erfal-eq3-influencer-kooperationen-de.seo.title,
1706,https://www.msm.digital/de/project/erfal-eq3-influencer-kooperationen/,mapped,case-msm-erfal-eq3-influencer-kooperationen-de.seo.description,
1707,https://www.msm.digital/de/project/erfal-eq3-influencer-kooperationen/,mapped,case-msm-erfal-eq3-influencer-kooperationen-de.title,
1708,https://www.msm.digital/de/project/erfal-eq3-influencer-kooperationen/,mapped,case-msm-erfal-eq3-influencer-kooperationen-de.subtitle,
1709,https://www.msm.digital/de/project/erfal-eq3-influencer-kooperationen/,mapped,case-msm-erfal-eq3-influencer-kooperationen-de.casesPageBuilder.challenge.description,
1710,https://www.msm.digital/de/project/erfal-eq3-influencer-kooperationen/,mapped,case-msm-erfal-eq3-influencer-kooperationen-de.casesPageBuilder.challenge.solution,
1711,https://www.msm.digital/de/project/erfal-eq3-influencer-kooperationen/,mapped,case-msm-erfal-eq3-influencer-kooperationen-de.casesPageBuilder.results.quote,
1712,https://www.msm.digital/de/project/erfal-eq3-influencer-kooperationen/,mapped,case-msm-erfal-eq3-influencer-kooperationen-de.casesPageBuilder.results.description,
1713,https://www.msm.digital/de/project/erfal-eq3-influencer-kooperationen/,mapped,case-msm-erfal-eq3-influencer-kooperationen-de.casesPageBuilder.contact.subtitle,
1714,https://www.msm.digital/de/project/parrot-retail-marketing/,mapped,case-msm-parrot-retail-marketing-de.seo.title,
1715,https://www.msm.digital/de/project/parrot-retail-marketing/,mapped,case-msm-parrot-retail-marketing-de.seo.description,
1716,https://www.msm.digital/de/project/parrot-retail-marketing/,mapped,case-msm-parrot-retail-marketing-de.title,
1717,https://www.msm.digital/de/project/parrot-retail-marketing/,mapped,case-msm-parrot-retail-marketing-de.subtitle,
1718,https://www.msm.digital/de/project/parrot-retail-marketing/,mapped,case-msm-parrot-retail-marketing-de.casesPageBuilder.challenge.description,
1719,https://www.msm.digital/de/project/parrot-retail-marketing/,mapped,case-msm-parrot-retail-marketing-de.casesPageBuilder.results.quote,
1720,https://www.msm.digital/de/project/parrot-retail-marketing/,mapped,case-msm-parrot-retail-marketing-de.casesPageBuilder.challenge.solution,
1721,https://www.msm.digital/de/project/parrot-retail-marketing/,mapped,case-msm-parrot-retail-marketing-de.casesPageBuilder.contact.subtitle,
1722,https://www.msm.digital/de/project/bigben-consumer-electronics-activation/,mapped,case-msm-bigben-consumer-electronics-activation-de.seo.title,
1723,https://www.msm.digital/de/project/bigben-consumer-electronics-activation/,mapped,case-msm-bigben-consumer-electronics-activation-de.seo.description,
1724,https://www.msm.digital/de/project/bigben-consumer-electronics-activation/,mapped,case-msm-bigben-consumer-electronics-activation-de.title,
1725,https://www.msm.digital/de/project/bigben-consumer-electronics-activation/,mapped,case-msm-bigben-consumer-electronics-activation-de.subtitle,
1726,https://www.msm.digital/de/project/bigben-consumer-electronics-activation/,mapped,case-msm-bigben-consumer-electronics-activation-de.casesPageBuilder.challenge.description,
1727,https://www.msm.digital/de/project/bigben-consumer-electronics-activation/,mapped,case-msm-bigben-consumer-electronics-activation-de.casesPageBuilder.results.quote,
1728,https://www.msm.digital/de/project/bigben-consumer-electronics-activation/,mapped,case-msm-bigben-consumer-electronics-activation-de.casesPageBuilder.challenge.solution,
1729,https://www.msm.digital/de/project/bigben-consumer-electronics-activation/,mapped,case-msm-bigben-consumer-electronics-activation-de.casesPageBuilder.contact.subtitle,
1730,https://www.msm.digital/de/project/riot-games-social-media-aktivierung/,mapped,case-msm-riot-games-social-media-aktivierung-de.seo.title,
1731,https://www.msm.digital/de/project/riot-games-social-media-aktivierung/,mapped,case-msm-riot-games-social-media-aktivierung-de.seo.description,
1732,https://www.msm.digital/de/project/riot-games-social-media-aktivierung/,mapped,case-msm-riot-games-social-media-aktivierung-de.title,
1733,https://www.msm.digital/de/project/riot-games-social-media-aktivierung/,mapped,case-msm-riot-games-social-media-aktivierung-de.subtitle,
1734,https://www.msm.digital/de/project/riot-games-social-media-aktivierung/,mapped,case-msm-riot-games-social-media-aktivierung-de.casesPageBuilder.challenge.description,
1735,https://www.msm.digital/de/project/riot-games-social-media-aktivierung/,mapped,case-msm-riot-games-social-media-aktivierung-de.casesPageBuilder.results.quote,
1736,https://www.msm.digital/de/project/riot-games-social-media-aktivierung/,mapped,case-msm-riot-games-social-media-aktivierung-de.casesPageBuilder.results.description,
1737,https://www.msm.digital/de/project/riot-games-social-media-aktivierung/,mapped,case-msm-riot-games-social-media-aktivierung-de.casesPageBuilder.contact.subtitle,
1738,https://www.msm.digital/de/project/aeg-electrolux-dishwasher-virtual-reality/,mapped,case-msm-aeg-electrolux-dishwasher-virtual-reality-de.seo.title,
1739,https://www.msm.digital/de/project/aeg-electrolux-dishwasher-virtual-reality/,mapped,case-msm-aeg-electrolux-dishwasher-virtual-reality-de.seo.description,
1740,https://www.msm.digital/de/project/aeg-electrolux-dishwasher-virtual-reality/,mapped,case-msm-aeg-electrolux-dishwasher-virtual-reality-de.title,
1741,https://www.msm.digital/de/project/aeg-electrolux-dishwasher-virtual-reality/,mapped,case-msm-aeg-electrolux-dishwasher-virtual-reality-de.subtitle,
1742,https://www.msm.digital/de/project/aeg-electrolux-dishwasher-virtual-reality/,mapped,case-msm-aeg-electrolux-dishwasher-virtual-reality-de.casesPageBuilder.challenge.description,
1743,https://www.msm.digital/de/project/aeg-electrolux-dishwasher-virtual-reality/,mapped,case-msm-aeg-electrolux-dishwasher-virtual-reality-de.casesPageBuilder.results.quote,
1744,https://www.msm.digital/de/project/aeg-electrolux-dishwasher-virtual-reality/,mapped,case-msm-aeg-electrolux-dishwasher-virtual-reality-de.casesPageBuilder.challenge.solution,
1745,https://www.msm.digital/de/project/aeg-electrolux-dishwasher-virtual-reality/,mapped,case-msm-aeg-electrolux-dishwasher-virtual-reality-de.casesPageBuilder.contact.subtitle,
1746,https://www.msm.digital/de/project/tiktok-influencer-kampagne/,mapped,case-msm-tiktok-influencer-kampagne-de.seo.title,
1747,https://www.msm.digital/de/project/tiktok-influencer-kampagne/,mapped,case-msm-tiktok-influencer-kampagne-de.seo.description,
1748,https://www.msm.digital/de/project/tiktok-influencer-kampagne/,mapped,case-msm-tiktok-influencer-kampagne-de.title,
1749,https://www.msm.digital/de/project/tiktok-influencer-kampagne/,mapped,case-msm-tiktok-influencer-kampagne-de.subtitle,
1750,https://www.msm.digital/de/project/tiktok-influencer-kampagne/,mapped,case-msm-tiktok-influencer-kampagne-de.casesPageBuilder.challenge.description,
1751,https://www.msm.digital/de/project/tiktok-influencer-kampagne/,mapped,case-msm-tiktok-influencer-kampagne-de.casesPageBuilder.results.quote,
1752,https://www.msm.digital/de/project/tiktok-influencer-kampagne/,mapped,case-msm-tiktok-influencer-kampagne-de.casesPageBuilder.challenge.solution,
1753,https://www.msm.digital/de/project/tiktok-influencer-kampagne/,mapped,case-msm-tiktok-influencer-kampagne-de.casesPageBuilder.contact.subtitle,
1754,https://www.msm.digital/de/project/microsoft-digital-eatery/,mapped,case-msm-microsoft-digital-eatery-de.seo.title,
1755,https://www.msm.digital/de/project/microsoft-digital-eatery/,mapped,case-msm-microsoft-digital-eatery-de.seo.description,
1756,https://www.msm.digital/de/project/microsoft-digital-eatery/,mapped,case-msm-microsoft-digital-eatery-de.title,
1757,https://www.msm.digital/de/project/microsoft-digital-eatery/,mapped,case-msm-microsoft-digital-eatery-de.subtitle,
1758,https://www.msm.digital/de/project/microsoft-digital-eatery/,mapped,case-msm-microsoft-digital-eatery-de.casesPageBuilder.challenge.description,
1759,https://www.msm.digital/de/project/microsoft-digital-eatery/,mapped,case-msm-microsoft-digital-eatery-de.casesPageBuilder.results.quote,
1760,https://www.msm.digital/de/project/microsoft-digital-eatery/,mapped,case-msm-microsoft-digital-eatery-de.casesPageBuilder.challenge.solution,
1761,https://www.msm.digital/de/project/microsoft-digital-eatery/,mapped,case-msm-microsoft-digital-eatery-de.casesPageBuilder.contact.subtitle,
1762,https://www.msm.digital/de/project/microsoft-trainings/,mapped,case-msm-microsoft-trainings-de.seo.title,
1763,https://www.msm.digital/de/project/microsoft-trainings/,mapped,case-msm-microsoft-trainings-de.seo.description,
1764,https://www.msm.digital/de/project/microsoft-trainings/,mapped,case-msm-microsoft-trainings-de.title,
1765,https://www.msm.digital/de/project/microsoft-trainings/,mapped,case-msm-microsoft-trainings-de.subtitle,
1766,https://www.msm.digital/de/project/microsoft-trainings/,mapped,case-msm-microsoft-trainings-de.casesPageBuilder.challenge.description,
1767,https://www.msm.digital/de/project/microsoft-trainings/,mapped,case-msm-microsoft-trainings-de.casesPageBuilder.results.quote,
1768,https://www.msm.digital/de/project/microsoft-trainings/,mapped,case-msm-microsoft-trainings-de.casesPageBuilder.challenge.solution,
1769,https://www.msm.digital/de/project/microsoft-trainings/,mapped,case-msm-microsoft-trainings-de.casesPageBuilder.contact.subtitle,
1770,https://www.msm.digital/de/project/migros-digitale-ar-loyalty-kampagne/,mapped,case-msm-migros-digitale-ar-loyalty-kampagne-de.seo.title,
1771,https://www.msm.digital/de/project/migros-digitale-ar-loyalty-kampagne/,mapped,case-msm-migros-digitale-ar-loyalty-kampagne-de.seo.description,
1772,https://www.msm.digital/de/project/migros-digitale-ar-loyalty-kampagne/,mapped,case-msm-migros-digitale-ar-loyalty-kampagne-de.title,
1773,https://www.msm.digital/de/project/migros-digitale-ar-loyalty-kampagne/,mapped,case-msm-migros-digitale-ar-loyalty-kampagne-de.subtitle,
1774,https://www.msm.digital/de/project/migros-digitale-ar-loyalty-kampagne/,mapped,case-msm-migros-digitale-ar-loyalty-kampagne-de.casesPageBuilder.challenge.description,
1775,https://www.msm.digital/de/project/migros-digitale-ar-loyalty-kampagne/,mapped,case-msm-migros-digitale-ar-loyalty-kampagne-de.casesPageBuilder.results.quote,
1776,https://www.msm.digital/de/project/migros-digitale-ar-loyalty-kampagne/,mapped,case-msm-migros-digitale-ar-loyalty-kampagne-de.casesPageBuilder.challenge.solution,
1777,https://www.msm.digital/de/project/migros-digitale-ar-loyalty-kampagne/,mapped,case-msm-migros-digitale-ar-loyalty-kampagne-de.casesPageBuilder.contact.subtitle,
1778,https://www.msm.digital/de/project/ar-showrooms/,mapped,case-msm-ar-showrooms-de.seo.title,
1779,https://www.msm.digital/de/project/ar-showrooms/,mapped,case-msm-ar-showrooms-de.seo.description,
1780,https://www.msm.digital/de/project/ar-showrooms/,mapped,case-msm-ar-showrooms-de.title,
1781,https://www.msm.digital/de/project/ar-showrooms/,mapped,case-msm-ar-showrooms-de.subtitle,
1782,https://www.msm.digital/de/project/ar-showrooms/,mapped,case-msm-ar-showrooms-de.casesPageBuilder.challenge.description,
1783,https://www.msm.digital/de/project/ar-showrooms/,mapped,case-msm-ar-showrooms-de.casesPageBuilder.results.quote,
1784,https://www.msm.digital/de/project/ar-showrooms/,mapped,case-msm-ar-showrooms-de.casesPageBuilder.challenge.solution,
1785,https://www.msm.digital/de/project/ar-showrooms/,mapped,case-msm-ar-showrooms-de.casesPageBuilder.contact.subtitle,
1786,https://www.msm.digital/de/project/bandai-namco-pr/,mapped,case-msm-bandai-namco-pr-de.seo.title,
1787,https://www.msm.digital/de/project/bandai-namco-pr/,mapped,case-msm-bandai-namco-pr-de.seo.description,
1788,https://www.msm.digital/de/project/bandai-namco-pr/,mapped,case-msm-bandai-namco-pr-de.title,
1789,https://www.msm.digital/de/project/bandai-namco-pr/,mapped,case-msm-bandai-namco-pr-de.subtitle,
1790,https://www.msm.digital/de/project/bandai-namco-pr/,mapped,case-msm-bandai-namco-pr-de.casesPageBuilder.challenge.description,
1791,https://www.msm.digital/de/project/bandai-namco-pr/,mapped,case-msm-bandai-namco-pr-de.casesPageBuilder.results.quote,
1792,https://www.msm.digital/de/project/bandai-namco-pr/,mapped,case-msm-bandai-namco-pr-de.casesPageBuilder.challenge.solution,
1793,https://www.msm.digital/de/project/bandai-namco-pr/,mapped,case-msm-bandai-namco-pr-de.casesPageBuilder.contact.subtitle,
1794,https://www.msm.digital/de/project/ring-retail-marketing/,mapped,case-msm-ring-retail-marketing-de.seo.title,
1795,https://www.msm.digital/de/project/ring-retail-marketing/,mapped,case-msm-ring-retail-marketing-de.seo.description,
1796,https://www.msm.digital/de/project/ring-retail-marketing/,mapped,case-msm-ring-retail-marketing-de.title,
1797,https://www.msm.digital/de/project/ring-retail-marketing/,mapped,case-msm-ring-retail-marketing-de.subtitle,
1798,https://www.msm.digital/de/project/ring-retail-marketing/,mapped,case-msm-ring-retail-marketing-de.casesPageBuilder.challenge.description,
1799,https://www.msm.digital/de/project/ring-retail-marketing/,mapped,case-msm-ring-retail-marketing-de.casesPageBuilder.results.quote,
1800,https://www.msm.digital/de/project/ring-retail-marketing/,mapped,case-msm-ring-retail-marketing-de.casesPageBuilder.challenge.solution,
1801,https://www.msm.digital/de/project/ring-retail-marketing/,mapped,case-msm-ring-retail-marketing-de.casesPageBuilder.contact.subtitle,
1802,https://www.msm.digital/de/project/foerde-sparkasse-reviews-und-ratings-strategie/,mapped,case-msm-foerde-sparkasse-reviews-und-ratings-strategie-de.seo.title,
1803,https://www.msm.digital/de/project/foerde-sparkasse-reviews-und-ratings-strategie/,mapped,case-msm-foerde-sparkasse-reviews-und-ratings-strategie-de.seo.description,
1804,https://www.msm.digital/de/project/foerde-sparkasse-reviews-und-ratings-strategie/,mapped,case-msm-foerde-sparkasse-reviews-und-ratings-strategie-de.title,
1805,https://www.msm.digital/de/project/foerde-sparkasse-reviews-und-ratings-strategie/,mapped,case-msm-foerde-sparkasse-reviews-und-ratings-strategie-de.subtitle,
1806,https://www.msm.digital/de/project/foerde-sparkasse-reviews-und-ratings-strategie/,mapped,case-msm-foerde-sparkasse-reviews-und-ratings-strategie-de.casesPageBuilder.challenge.description,
1807,https://www.msm.digital/de/project/foerde-sparkasse-reviews-und-ratings-strategie/,mapped,case-msm-foerde-sparkasse-reviews-und-ratings-strategie-de.casesPageBuilder.results.quote,
1808,https://www.msm.digital/de/project/foerde-sparkasse-reviews-und-ratings-strategie/,mapped,case-msm-foerde-sparkasse-reviews-und-ratings-strategie-de.casesPageBuilder.challenge.solution,
1809,https://www.msm.digital/de/project/foerde-sparkasse-reviews-und-ratings-strategie/,mapped,case-msm-foerde-sparkasse-reviews-und-ratings-strategie-de.casesPageBuilder.contact.subtitle,
1810,https://www.msm.digital/de/project/acer-social-media/,mapped,case-msm-acer-social-media-de.seo.title,
1811,https://www.msm.digital/de/project/acer-social-media/,mapped,case-msm-acer-social-media-de.seo.description,
1812,https://www.msm.digital/de/project/acer-social-media/,mapped,case-msm-acer-social-media-de.title,
1813,https://www.msm.digital/de/project/acer-social-media/,mapped,case-msm-acer-social-media-de.subtitle,
1814,https://www.msm.digital/de/project/acer-social-media/,mapped,case-msm-acer-social-media-de.casesPageBuilder.challenge.description,
1815,https://www.msm.digital/de/project/acer-social-media/,mapped,case-msm-acer-social-media-de.casesPageBuilder.results.quote,
1816,https://www.msm.digital/de/project/acer-social-media/,mapped,case-msm-acer-social-media-de.casesPageBuilder.challenge.solution,
1817,https://www.msm.digital/de/project/acer-social-media/,mapped,case-msm-acer-social-media-de.casesPageBuilder.contact.subtitle,
1818,https://www.msm.digital/de/project/epic-games-fortnite-pr/,mapped,case-msm-epic-games-fortnite-pr-de.seo.title,
1819,https://www.msm.digital/de/project/epic-games-fortnite-pr/,mapped,case-msm-epic-games-fortnite-pr-de.seo.description,
1820,https://www.msm.digital/de/project/epic-games-fortnite-pr/,mapped,case-msm-epic-games-fortnite-pr-de.title,
1821,https://www.msm.digital/de/project/epic-games-fortnite-pr/,mapped,case-msm-epic-games-fortnite-pr-de.subtitle,
1822,https://www.msm.digital/de/project/epic-games-fortnite-pr/,mapped,case-msm-epic-games-fortnite-pr-de.casesPageBuilder.challenge.description,
1823,https://www.msm.digital/de/project/epic-games-fortnite-pr/,mapped,case-msm-epic-games-fortnite-pr-de.casesPageBuilder.results.quote,
1824,https://www.msm.digital/de/project/epic-games-fortnite-pr/,mapped,case-msm-epic-games-fortnite-pr-de.casesPageBuilder.challenge.solution,
1825,https://www.msm.digital/de/project/epic-games-fortnite-pr/,mapped,case-msm-epic-games-fortnite-pr-de.casesPageBuilder.contact.subtitle,
1826,https://www.msm.digital/de/project/jakks-pacifik-harry-potter-zauberstab-activation/,mapped,case-msm-jakks-pacifik-harry-potter-zauberstab-activation-de.seo.title,
1827,https://www.msm.digital/de/project/jakks-pacifik-harry-potter-zauberstab-activation/,mapped,case-msm-jakks-pacifik-harry-potter-zauberstab-activation-de.seo.description,
1828,https://www.msm.digital/de/project/jakks-pacifik-harry-potter-zauberstab-activation/,mapped,case-msm-jakks-pacifik-harry-potter-zauberstab-activation-de.title,
1829,https://www.msm.digital/de/project/jakks-pacifik-harry-potter-zauberstab-activation/,mapped,case-msm-jakks-pacifik-harry-potter-zauberstab-activation-de.subtitle,
1830,https://www.msm.digital/de/project/jakks-pacifik-harry-potter-zauberstab-activation/,mapped,case-msm-jakks-pacifik-harry-potter-zauberstab-activation-de.casesPageBuilder.challenge.description,
1831,https://www.msm.digital/de/project/jakks-pacifik-harry-potter-zauberstab-activation/,mapped,case-msm-jakks-pacifik-harry-potter-zauberstab-activation-de.casesPageBuilder.results.quote,
1832,https://www.msm.digital/de/project/jakks-pacifik-harry-potter-zauberstab-activation/,mapped,case-msm-jakks-pacifik-harry-potter-zauberstab-activation-de.casesPageBuilder.challenge.solution,
1833,https://www.msm.digital/de/project/jakks-pacifik-harry-potter-zauberstab-activation/,mapped,case-msm-jakks-pacifik-harry-potter-zauberstab-activation-de.casesPageBuilder.contact.subtitle,
1834,https://www.msm.digital/de/project/reifen-helm-digital-marketing/,mapped,case-msm-reifen-helm-digital-marketing-de.seo.title,
1835,https://www.msm.digital/de/project/reifen-helm-digital-marketing/,mapped,case-msm-reifen-helm-digital-marketing-de.seo.description,
1836,https://www.msm.digital/de/project/reifen-helm-digital-marketing/,mapped,case-msm-reifen-helm-digital-marketing-de.title,
1837,https://www.msm.digital/de/project/reifen-helm-digital-marketing/,mapped,case-msm-reifen-helm-digital-marketing-de.subtitle,
1838,https://www.msm.digital/de/project/reifen-helm-digital-marketing/,mapped,case-msm-reifen-helm-digital-marketing-de.casesPageBuilder.challenge.description,
1839,https://www.msm.digital/de/project/reifen-helm-digital-marketing/,mapped,case-msm-reifen-helm-digital-marketing-de.casesPageBuilder.challenge.solution,
1840,https://www.msm.digital/de/project/reifen-helm-digital-marketing/,mapped,case-msm-reifen-helm-digital-marketing-de.casesPageBuilder.results.quote,
1841,https://www.msm.digital/de/project/reifen-helm-digital-marketing/,mapped,case-msm-reifen-helm-digital-marketing-de.casesPageBuilder.results.description,
1842,https://www.msm.digital/de/project/reifen-helm-digital-marketing/,mapped,case-msm-reifen-helm-digital-marketing-de.casesPageBuilder.contact.subtitle,
1843,https://www.msm.digital/de/project/coop-kvicki-q-warteschlangen-management/,mapped,case-msm-coop-kvicki-q-warteschlangen-management-de.seo.title,
1844,https://www.msm.digital/de/project/coop-kvicki-q-warteschlangen-management/,mapped,case-msm-coop-kvicki-q-warteschlangen-management-de.seo.description,
1845,https://www.msm.digital/de/project/coop-kvicki-q-warteschlangen-management/,mapped,case-msm-coop-kvicki-q-warteschlangen-management-de.title,
1846,https://www.msm.digital/de/project/coop-kvicki-q-warteschlangen-management/,mapped,case-msm-coop-kvicki-q-warteschlangen-management-de.subtitle,
1847,https://www.msm.digital/de/project/coop-kvicki-q-warteschlangen-management/,mapped,case-msm-coop-kvicki-q-warteschlangen-management-de.casesPageBuilder.challenge.description,
1848,https://www.msm.digital/de/project/coop-kvicki-q-warteschlangen-management/,mapped,case-msm-coop-kvicki-q-warteschlangen-management-de.casesPageBuilder.challenge.solution,
1849,https://www.msm.digital/de/project/coop-kvicki-q-warteschlangen-management/,mapped,case-msm-coop-kvicki-q-warteschlangen-management-de.casesPageBuilder.results.quote,
1850,https://www.msm.digital/de/project/coop-kvicki-q-warteschlangen-management/,mapped,case-msm-coop-kvicki-q-warteschlangen-management-de.casesPageBuilder.results.description,
1851,https://www.msm.digital/de/project/coop-kvicki-q-warteschlangen-management/,mapped,case-msm-coop-kvicki-q-warteschlangen-management-de.casesPageBuilder.contact.subtitle,
1852,https://www.msm.digital/de/project/decivisual-ux-ui-und-branding/,mapped,case-msm-decivisual-ux-ui-und-branding-de.seo.title,
1853,https://www.msm.digital/de/project/decivisual-ux-ui-und-branding/,mapped,case-msm-decivisual-ux-ui-und-branding-de.seo.description,
1854,https://www.msm.digital/de/project/decivisual-ux-ui-und-branding/,mapped,case-msm-decivisual-ux-ui-und-branding-de.title,
1855,https://www.msm.digital/de/project/decivisual-ux-ui-und-branding/,mapped,case-msm-decivisual-ux-ui-und-branding-de.subtitle,
1856,https://www.msm.digital/de/project/decivisual-ux-ui-und-branding/,mapped,case-msm-decivisual-ux-ui-und-branding-de.casesPageBuilder.challenge.description,
1857,https://www.msm.digital/de/project/decivisual-ux-ui-und-branding/,mapped,case-msm-decivisual-ux-ui-und-branding-de.casesPageBuilder.challenge.solution,
1858,https://www.msm.digital/de/project/decivisual-ux-ui-und-branding/,mapped,case-msm-decivisual-ux-ui-und-branding-de.casesPageBuilder.results.quote,
1859,https://www.msm.digital/de/project/decivisual-ux-ui-und-branding/,mapped,case-msm-decivisual-ux-ui-und-branding-de.casesPageBuilder.results.description,
1860,https://www.msm.digital/de/project/decivisual-ux-ui-und-branding/,mapped,case-msm-decivisual-ux-ui-und-branding-de.casesPageBuilder.contact.subtitle,
1861,https://www.msm.digital/de/project/ea-fifa-pr/,mapped,case-msm-ea-fifa-pr-de.seo.title,
1862,https://www.msm.digital/de/project/ea-fifa-pr/,mapped,case-msm-ea-fifa-pr-de.seo.description,
1863,https://www.msm.digital/de/project/ea-fifa-pr/,mapped,case-msm-ea-fifa-pr-de.title,
1864,https://www.msm.digital/de/project/ea-fifa-pr/,mapped,case-msm-ea-fifa-pr-de.subtitle,
1865,https://www.msm.digital/de/project/ea-fifa-pr/,mapped,case-msm-ea-fifa-pr-de.casesPageBuilder.challenge.description,
1866,https://www.msm.digital/de/project/ea-fifa-pr/,mapped,case-msm-ea-fifa-pr-de.casesPageBuilder.challenge.solution,
1867,https://www.msm.digital/de/project/ea-fifa-pr/,mapped,case-msm-ea-fifa-pr-de.casesPageBuilder.results.quote,
1868,https://www.msm.digital/de/project/ea-fifa-pr/,mapped,case-msm-ea-fifa-pr-de.casesPageBuilder.results.description,
1869,https://www.msm.digital/de/project/ea-fifa-pr/,mapped,case-msm-ea-fifa-pr-de.casesPageBuilder.contact.subtitle,
1870,https://www.msm.digital/de/project/daikin-b2c-b2b-energie-bonus/,mapped,case-msm-daikin-b2c-b2b-energie-bonus-de.seo.title,
1871,https://www.msm.digital/de/project/daikin-b2c-b2b-energie-bonus/,mapped,case-msm-daikin-b2c-b2b-energie-bonus-de.seo.description,
1872,https://www.msm.digital/de/project/daikin-b2c-b2b-energie-bonus/,mapped,case-msm-daikin-b2c-b2b-energie-bonus-de.title,
1873,https://www.msm.digital/de/project/daikin-b2c-b2b-energie-bonus/,mapped,case-msm-daikin-b2c-b2b-energie-bonus-de.subtitle,
1874,https://www.msm.digital/de/project/daikin-b2c-b2b-energie-bonus/,mapped,case-msm-daikin-b2c-b2b-energie-bonus-de.casesPageBuilder.challenge.description,
1875,https://www.msm.digital/de/project/daikin-b2c-b2b-energie-bonus/,mapped,case-msm-daikin-b2c-b2b-energie-bonus-de.casesPageBuilder.challenge.solution,
1876,https://www.msm.digital/de/project/daikin-b2c-b2b-energie-bonus/,mapped,case-msm-daikin-b2c-b2b-energie-bonus-de.casesPageBuilder.results.quote,
1877,https://www.msm.digital/de/project/daikin-b2c-b2b-energie-bonus/,mapped,case-msm-daikin-b2c-b2b-energie-bonus-de.casesPageBuilder.results.description,
1878,https://www.msm.digital/de/project/daikin-b2c-b2b-energie-bonus/,mapped,case-msm-daikin-b2c-b2b-energie-bonus-de.casesPageBuilder.contact.subtitle,
1879,https://www.msm.digital/de/project/warner-bros-lego-games-brand-communication/,mapped,case-msm-warner-bros-lego-games-brand-communication-de.seo.title,
1880,https://www.msm.digital/de/project/warner-bros-lego-games-brand-communication/,mapped,case-msm-warner-bros-lego-games-brand-communication-de.seo.description,
1881,https://www.msm.digital/de/project/warner-bros-lego-games-brand-communication/,mapped,case-msm-warner-bros-lego-games-brand-communication-de.title,
1882,https://www.msm.digital/de/project/warner-bros-lego-games-brand-communication/,mapped,case-msm-warner-bros-lego-games-brand-communication-de.subtitle,
1883,https://www.msm.digital/de/project/warner-bros-lego-games-brand-communication/,mapped,case-msm-warner-bros-lego-games-brand-communication-de.casesPageBuilder.challenge.description,
1884,https://www.msm.digital/de/project/warner-bros-lego-games-brand-communication/,mapped,case-msm-warner-bros-lego-games-brand-communication-de.casesPageBuilder.challenge.solution,
1885,https://www.msm.digital/de/project/warner-bros-lego-games-brand-communication/,mapped,case-msm-warner-bros-lego-games-brand-communication-de.casesPageBuilder.results.quote,
1886,https://www.msm.digital/de/project/warner-bros-lego-games-brand-communication/,mapped,case-msm-warner-bros-lego-games-brand-communication-de.casesPageBuilder.results.description,
1887,https://www.msm.digital/de/project/warner-bros-lego-games-brand-communication/,mapped,case-msm-warner-bros-lego-games-brand-communication-de.casesPageBuilder.contact.subtitle,
1888,https://www.msm.digital/de/project/obi-micro-influencer-kampagne/,mapped,case-msm-obi-micro-influencer-kampagne-de.seo.title,
1889,https://www.msm.digital/de/project/obi-micro-influencer-kampagne/,mapped,case-msm-obi-micro-influencer-kampagne-de.seo.description,
1890,https://www.msm.digital/de/project/obi-micro-influencer-kampagne/,mapped,case-msm-obi-micro-influencer-kampagne-de.title,
1891,https://www.msm.digital/de/project/obi-micro-influencer-kampagne/,mapped,case-msm-obi-micro-influencer-kampagne-de.subtitle,
1892,https://www.msm.digital/de/project/obi-micro-influencer-kampagne/,mapped,case-msm-obi-micro-influencer-kampagne-de.casesPageBuilder.challenge.description,
1893,https://www.msm.digital/de/project/obi-micro-influencer-kampagne/,mapped,case-msm-obi-micro-influencer-kampagne-de.casesPageBuilder.challenge.solution,
1894,https://www.msm.digital/de/project/obi-micro-influencer-kampagne/,mapped,case-msm-obi-micro-influencer-kampagne-de.casesPageBuilder.results.quote,
1895,https://www.msm.digital/de/project/obi-micro-influencer-kampagne/,mapped,case-msm-obi-micro-influencer-kampagne-de.casesPageBuilder.results.description,
1896,https://www.msm.digital/de/project/obi-micro-influencer-kampagne/,mapped,case-msm-obi-micro-influencer-kampagne-de.casesPageBuilder.results.title,
1897,https://www.msm.digital/de/project/obi-micro-influencer-kampagne/,mapped,case-msm-obi-micro-influencer-kampagne-de.casesPageBuilder.contact.subtitle,
1898,https://www.msm.digital/de/project/snakebyte-pebble-gear-social-media/,mapped,case-msm-snakebyte-pebble-gear-social-media-de.seo.title,
1899,https://www.msm.digital/de/project/snakebyte-pebble-gear-social-media/,mapped,case-msm-snakebyte-pebble-gear-social-media-de.seo.description,
1900,https://www.msm.digital/de/project/snakebyte-pebble-gear-social-media/,mapped,case-msm-snakebyte-pebble-gear-social-media-de.title,
1901,https://www.msm.digital/de/project/snakebyte-pebble-gear-social-media/,mapped,case-msm-snakebyte-pebble-gear-social-media-de.subtitle,
1902,https://www.msm.digital/de/project/snakebyte-pebble-gear-social-media/,mapped,case-msm-snakebyte-pebble-gear-social-media-de.casesPageBuilder.challenge.description,
1903,https://www.msm.digital/de/project/snakebyte-pebble-gear-social-media/,mapped,case-msm-snakebyte-pebble-gear-social-media-de.casesPageBuilder.challenge.solution,
1904,https://www.msm.digital/de/project/snakebyte-pebble-gear-social-media/,mapped,case-msm-snakebyte-pebble-gear-social-media-de.casesPageBuilder.results.quote,
1905,https://www.msm.digital/de/project/snakebyte-pebble-gear-social-media/,mapped,case-msm-snakebyte-pebble-gear-social-media-de.casesPageBuilder.results.description,
1906,https://www.msm.digital/de/project/snakebyte-pebble-gear-social-media/,mapped,case-msm-snakebyte-pebble-gear-social-media-de.casesPageBuilder.contact.subtitle,
1907,https://www.msm.digital/de/project/nespresso-okr-visualisierung/,mapped,case-msm-nespresso-okr-visualisierung-de.seo.title,
1908,https://www.msm.digital/de/project/nespresso-okr-visualisierung/,mapped,case-msm-nespresso-okr-visualisierung-de.seo.description,
1909,https://www.msm.digital/de/project/nespresso-okr-visualisierung/,mapped,case-msm-nespresso-okr-visualisierung-de.title,
1910,https://www.msm.digital/de/project/nespresso-okr-visualisierung/,mapped,case-msm-nespresso-okr-visualisierung-de.subtitle,
1911,https://www.msm.digital/de/project/nespresso-okr-visualisierung/,mapped,case-msm-nespresso-okr-visualisierung-de.casesPageBuilder.challenge.description,
1912,https://www.msm.digital/de/project/nespresso-okr-visualisierung/,mapped,case-msm-nespresso-okr-visualisierung-de.casesPageBuilder.challenge.solution,
1913,https://www.msm.digital/de/project/nespresso-okr-visualisierung/,mapped,case-msm-nespresso-okr-visualisierung-de.casesPageBuilder.results.quote,
1914,https://www.msm.digital/de/project/nespresso-okr-visualisierung/,mapped,case-msm-nespresso-okr-visualisierung-de.casesPageBuilder.results.description,
1915,https://www.msm.digital/de/project/nespresso-okr-visualisierung/,mapped,case-msm-nespresso-okr-visualisierung-de.casesPageBuilder.contact.subtitle,
1916,https://www.msm.digital/de/project/can-do-marketingstrategie/,mapped,case-msm-can-do-marketingstrategie-de.seo.title,
1917,https://www.msm.digital/de/project/can-do-marketingstrategie/,mapped,case-msm-can-do-marketingstrategie-de.seo.description,
1918,https://www.msm.digital/de/project/can-do-marketingstrategie/,mapped,case-msm-can-do-marketingstrategie-de.title,
1919,https://www.msm.digital/de/project/can-do-marketingstrategie/,mapped,case-msm-can-do-marketingstrategie-de.subtitle,
1920,https://www.msm.digital/de/project/can-do-marketingstrategie/,mapped,case-msm-can-do-marketingstrategie-de.casesPageBuilder.challenge.description,
1921,https://www.msm.digital/de/project/can-do-marketingstrategie/,mapped,case-msm-can-do-marketingstrategie-de.casesPageBuilder.challenge.solution,
1922,https://www.msm.digital/de/project/can-do-marketingstrategie/,mapped,case-msm-can-do-marketingstrategie-de.casesPageBuilder.results.quote,
1923,https://www.msm.digital/de/project/can-do-marketingstrategie/,mapped,case-msm-can-do-marketingstrategie-de.casesPageBuilder.results.description,
1924,https://www.msm.digital/de/project/can-do-marketingstrategie/,mapped,case-msm-can-do-marketingstrategie-de.casesPageBuilder.contact.subtitle,
1925,https://www.msm.digital/de/project/avm-pos-optimierung/,mapped,case-msm-avm-pos-optimierung-de.seo.title,
1926,https://www.msm.digital/de/project/avm-pos-optimierung/,mapped,case-msm-avm-pos-optimierung-de.seo.description,
1927,https://www.msm.digital/de/project/avm-pos-optimierung/,mapped,case-msm-avm-pos-optimierung-de.title,
1928,https://www.msm.digital/de/project/avm-pos-optimierung/,mapped,case-msm-avm-pos-optimierung-de.subtitle,
1929,https://www.msm.digital/de/project/avm-pos-optimierung/,mapped,case-msm-avm-pos-optimierung-de.casesPageBuilder.challenge.description,
1930,https://www.msm.digital/de/project/avm-pos-optimierung/,mapped,case-msm-avm-pos-optimierung-de.casesPageBuilder.challenge.solution,
1931,https://www.msm.digital/de/project/avm-pos-optimierung/,mapped,case-msm-avm-pos-optimierung-de.casesPageBuilder.results.quote,
1932,https://www.msm.digital/de/project/avm-pos-optimierung/,mapped,case-msm-avm-pos-optimierung-de.casesPageBuilder.results.description,
1933,https://www.msm.digital/de/project/avm-pos-optimierung/,mapped,case-msm-avm-pos-optimierung-de.casesPageBuilder.contact.subtitle,
1934,https://www.msm.digital/de/project/electrolux-showkuechen-rollout/,mapped,case-msm-electrolux-showkuechen-rollout-de.seo.title,
1935,https://www.msm.digital/de/project/electrolux-showkuechen-rollout/,mapped,case-msm-electrolux-showkuechen-rollout-de.seo.description,
1936,https://www.msm.digital/de/project/electrolux-showkuechen-rollout/,mapped,case-msm-electrolux-showkuechen-rollout-de.title,
1937,https://www.msm.digital/de/project/electrolux-showkuechen-rollout/,mapped,case-msm-electrolux-showkuechen-rollout-de.subtitle,
1938,https://www.msm.digital/de/project/electrolux-showkuechen-rollout/,mapped,case-msm-electrolux-showkuechen-rollout-de.casesPageBuilder.challenge.description,
1939,https://www.msm.digital/de/project/electrolux-showkuechen-rollout/,mapped,case-msm-electrolux-showkuechen-rollout-de.casesPageBuilder.challenge.solution,
1940,https://www.msm.digital/de/project/electrolux-showkuechen-rollout/,mapped,case-msm-electrolux-showkuechen-rollout-de.casesPageBuilder.results.quote,
1941,https://www.msm.digital/de/project/electrolux-showkuechen-rollout/,mapped,case-msm-electrolux-showkuechen-rollout-de.casesPageBuilder.results.description,
1942,https://www.msm.digital/de/project/electrolux-showkuechen-rollout/,mapped,case-msm-electrolux-showkuechen-rollout-de.casesPageBuilder.contact.subtitle,
1943,https://www.msm.digital/de/project/warner-pr-experiential-events/,mapped,case-msm-warner-pr-experiential-events-de.seo.title,
1944,https://www.msm.digital/de/project/warner-pr-experiential-events/,mapped,case-msm-warner-pr-experiential-events-de.seo.description,
1945,https://www.msm.digital/de/project/warner-pr-experiential-events/,mapped,case-msm-warner-pr-experiential-events-de.title,
1946,https://www.msm.digital/de/project/warner-pr-experiential-events/,mapped,case-msm-warner-pr-experiential-events-de.subtitle,
1947,https://www.msm.digital/de/project/warner-pr-experiential-events/,mapped,case-msm-warner-pr-experiential-events-de.casesPageBuilder.challenge.description,
1948,https://www.msm.digital/de/project/warner-pr-experiential-events/,mapped,case-msm-warner-pr-experiential-events-de.casesPageBuilder.challenge.solution,
1949,https://www.msm.digital/de/project/warner-pr-experiential-events/,mapped,case-msm-warner-pr-experiential-events-de.casesPageBuilder.results.quote,
1950,https://www.msm.digital/de/project/warner-pr-experiential-events/,mapped,case-msm-warner-pr-experiential-events-de.casesPageBuilder.results.description,
1951,https://www.msm.digital/de/project/warner-pr-experiential-events/,mapped,case-msm-warner-pr-experiential-events-de.casesPageBuilder.contact.subtitle,
1952,https://www.msm.digital/de/project/ea-die-sims-tiktok-influencer-marketing/,mapped,case-msm-ea-die-sims-tiktok-influencer-marketing-de.seo.title,
1953,https://www.msm.digital/de/project/ea-die-sims-tiktok-influencer-marketing/,mapped,case-msm-ea-die-sims-tiktok-influencer-marketing-de.seo.description,
1954,https://www.msm.digital/de/project/ea-die-sims-tiktok-influencer-marketing/,mapped,case-msm-ea-die-sims-tiktok-influencer-marketing-de.title,
1955,https://www.msm.digital/de/project/ea-die-sims-tiktok-influencer-marketing/,mapped,case-msm-ea-die-sims-tiktok-influencer-marketing-de.subtitle,
1956,https://www.msm.digital/de/project/ea-die-sims-tiktok-influencer-marketing/,mapped,case-msm-ea-die-sims-tiktok-influencer-marketing-de.casesPageBuilder.challenge.description,
1957,https://www.msm.digital/de/project/ea-die-sims-tiktok-influencer-marketing/,mapped,case-msm-ea-die-sims-tiktok-influencer-marketing-de.casesPageBuilder.challenge.solution,
1958,https://www.msm.digital/de/project/ea-die-sims-tiktok-influencer-marketing/,mapped,case-msm-ea-die-sims-tiktok-influencer-marketing-de.casesPageBuilder.results.quote,
1959,https://www.msm.digital/de/project/ea-die-sims-tiktok-influencer-marketing/,mapped,case-msm-ea-die-sims-tiktok-influencer-marketing-de.casesPageBuilder.results.description,
1960,https://www.msm.digital/de/project/ea-die-sims-tiktok-influencer-marketing/,mapped,case-msm-ea-die-sims-tiktok-influencer-marketing-de.casesPageBuilder.contact.subtitle,
1961,https://www.msm.digital/de/project/oculus-produkt-launch-europa/,mapped,case-msm-oculus-produkt-launch-europa-de.seo.title,
1962,https://www.msm.digital/de/project/oculus-produkt-launch-europa/,mapped,case-msm-oculus-produkt-launch-europa-de.seo.description,
1963,https://www.msm.digital/de/project/oculus-produkt-launch-europa/,mapped,case-msm-oculus-produkt-launch-europa-de.title,
1964,https://www.msm.digital/de/project/oculus-produkt-launch-europa/,mapped,case-msm-oculus-produkt-launch-europa-de.subtitle,
1965,https://www.msm.digital/de/project/oculus-produkt-launch-europa/,mapped,case-msm-oculus-produkt-launch-europa-de.casesPageBuilder.challenge.description,
1966,https://www.msm.digital/de/project/oculus-produkt-launch-europa/,mapped,case-msm-oculus-produkt-launch-europa-de.casesPageBuilder.challenge.solution,
1967,https://www.msm.digital/de/project/oculus-produkt-launch-europa/,mapped,case-msm-oculus-produkt-launch-europa-de.casesPageBuilder.results.quote,
1968,https://www.msm.digital/de/project/oculus-produkt-launch-europa/,mapped,case-msm-oculus-produkt-launch-europa-de.casesPageBuilder.results.description,
1969,https://www.msm.digital/de/project/oculus-produkt-launch-europa/,mapped,case-msm-oculus-produkt-launch-europa-de.casesPageBuilder.contact.subtitle,
1970,https://www.msm.digital/de/project/ea-sims4-influencer-marketing/,mapped,case-msm-ea-sims4-influencer-marketing-de.seo.title,
1971,https://www.msm.digital/de/project/ea-sims4-influencer-marketing/,mapped,case-msm-ea-sims4-influencer-marketing-de.seo.description,
1972,https://www.msm.digital/de/project/ea-sims4-influencer-marketing/,mapped,case-msm-ea-sims4-influencer-marketing-de.title,
1973,https://www.msm.digital/de/project/ea-sims4-influencer-marketing/,mapped,case-msm-ea-sims4-influencer-marketing-de.subtitle,
1974,https://www.msm.digital/de/project/ea-sims4-influencer-marketing/,mapped,case-msm-ea-sims4-influencer-marketing-de.casesPageBuilder.challenge.description,
1975,https://www.msm.digital/de/project/ea-sims4-influencer-marketing/,mapped,case-msm-ea-sims4-influencer-marketing-de.casesPageBuilder.challenge.solution,
1976,https://www.msm.digital/de/project/ea-sims4-influencer-marketing/,mapped,case-msm-ea-sims4-influencer-marketing-de.casesPageBuilder.results.quote,
1977,https://www.msm.digital/de/project/ea-sims4-influencer-marketing/,mapped,case-msm-ea-sims4-influencer-marketing-de.casesPageBuilder.results.description,
1978,https://www.msm.digital/de/project/ea-sims4-influencer-marketing/,mapped,case-msm-ea-sims4-influencer-marketing-de.casesPageBuilder.contact.subtitle,
